{"scanEndMode": 0, "0": {"freq": [100.0, 150.0000005859375, 200.0, 250.0, 300.0000046875001, 350.0000054687501, 400.0, 450.0000070312501, 500.0, 550.0000064453126, 600.0000093750002, 650.0000228515634, 700.0000109375002, 750.0000292968762, 800.0, 850.0000298828136, 900.0000140625002, 950.0000148437501, 1000.0], "ampl": [1311.7700382725031, 1981.4959655704633, 2630.089761687262, 3249.5325438455857, 3835.969961364603, 4389.842923054648, 4905.5856832907375, 5385.034813509915, 5825.749049374861, 6224.765991680345, 6589.428096696087, 6921.132539504821, 7218.642766561662, 7482.2694191433175, 7729.362677205546, 7936.734325166963, 8130.506507004407, 8296.181107351138, 8449.006187291498]}, "1": {"freq": [100.0, 150.0000005859375, 200.0, 250.0, 300.0000046875001, 350.0000054687501, 400.0, 450.0000070312501, 500.0, 550.0000064453126, 600.0000093750002, 650.0000228515634, 700.0000109375002, 750.0000292968762, 800.0, 850.0000298828136, 900.0000140625002, 950.0000148437501, 1000.0], "ampl": [1832.529568710811, 2753.4777038822, 3620.983064805745, 4429.872415851977, 5174.763386840605, 5854.689200881489, 6470.70711400836, 7027.3787627445345, 7526.538679910006, 7966.111341528461, 8360.32212594669, 8710.339412776735, 9017.497470208798, 9285.307907254793, 9535.288138670148, 9736.3466539155, 9923.459629248584, 10080.640615458165, 10224.700557511367]}, "2": {"freq": [100.0, 150.0000005859375, 200.0, 250.0, 300.0000046875001, 350.0000054687501, 400.0, 450.0000070312501, 500.0, 550.0000064453126, 600.0000093750002, 650.0000228515634, 700.0000109375002, 750.0000292968762, 800.0, 850.0000298828136, 900.0000140625002, 950.0000148437501, 1000.0], "ampl": [2034.6273146362762, 3053.5930805088974, 4014.3705980890973, 4907.899407199138, 5725.848663728044, 6472.449065618618, 7145.0450658049585, 7750.773748914808, 8292.192922760492, 8764.543429674239, 9186.291964344478, 9557.140782496868, 9884.100826871596, 10165.472020211173, 10427.459998340015, 10635.600352312498, 10828.608612785798, 10987.391142594668, 11136.3835402789]}, "3": {"freq": [100.0, 150.0000005859375, 200.0, 250.0, 300.0000046875001, 350.0000054687501, 400.0, 450.0000070312501, 500.0, 550.0000064453126, 600.0000093750002, 650.0000228515634, 700.0000109375002, 750.0000292968762, 800.0, 850.0000298828136, 900.0000140625002, 950.0000148437501, 1000.0], "ampl": [1790.4424020492106, 2698.145455956013, 3561.5516246814245, 4372.788216146297, 5125.50582419043, 5818.7002460181675, 6451.114757625634, 7025.309121894441, 7542.551937782956, 7999.819217448759, 8409.321342433197, 8774.754920180709, 9096.07826368871, 9376.600470182933, 9638.172067905822, 9845.850383239069, 10042.361959030859, 10204.772901328884, 10355.6199779959]}, "4": {"freq": [100.0, 150.0000005859375, 200.0, 250.0, 300.0000046875001, 350.0000054687501, 400.0, 450.0000070312501, 500.0, 550.0000064453126, 600.0000093750002, 650.0000228515634, 700.0000109375002, 750.0000292968762, 800.0, 850.0000298828136, 900.0000140625002, 950.0000148437501, 1000.0], "ampl": [2049.6636752008717, 3074.304881991409, 4037.6431252368557, 4930.66430888675, 5747.91704054282, 6493.076675971475, 7160.385094781531, 7762.105558104699, 8296.289119257719, 8764.258422913266, 9179.352470413047, 9545.538472311657, 9864.69648097085, 10141.878309476268, 10395.999604325147, 10599.667626361825, 10788.622600715267, 10942.97462565091, 11085.790938203449]}, "5": {"freq": [100.0, 150.0000005859375, 200.0, 250.0, 300.0000046875001, 350.0000054687501, 400.0, 450.0000070312501, 500.0, 550.0000064453126, 600.0000093750002, 650.0000228515634, 700.0000109375002, 750.0000292968762, 800.0, 850.0000298828136, 900.0000140625002, 950.0000148437501, 1000.0], "ampl": [1773.6313737502799, 2672.8688765738643, 3526.708419683421, 4328.362619658398, 5070.108909189651, 5752.8481127139485, 6374.363262181952, 6937.128083833666, 7444.710459438809, 7893.099324311231, 8293.101729087155, 8650.871974856089, 8962.132792993236, 9235.80187478806, 9487.833702677326, 9691.374111428466, 9881.254769889361, 10039.507074807527, 10182.290354424103]}, "6": {"freq": [100.0, 150.0000005859375, 200.0, 250.0, 300.0000046875001, 350.0000054687501, 400.0, 450.0000070312501, 500.0, 550.0000064453126, 600.0000093750002, 650.0000228515634, 700.0000109375002, 750.0000292968762, 800.0, 850.0000298828136, 900.0000140625002, 950.0000148437501, 1000.0], "ampl": [2043.1688396750442, 3064.5279979954266, 4021.038892700054, 4910.983129489928, 5719.742951497477, 6454.130575268634, 7112.745182806429, 7702.471950297438, 8226.158995416621, 8683.526751392186, 9087.219593471364, 9444.255176156676, 9752.82690934416, 10020.965064550917, 10266.996469951548, 10461.51839538824, 10640.438903692904, 10790.373118217762, 10926.92225010644]}, "7": {"freq": [100.0, 150.0000005859375, 200.0, 250.0, 300.0000046875001, 350.0000054687501, 400.0, 450.0000070312501, 500.0, 550.0000064453126, 600.0000093750002, 650.0000228515634, 700.0000109375002, 750.0000292968762, 800.0, 850.0000298828136, 900.0000140625002, 950.0000148437501, 1000.0], "ampl": [1794.3180039489826, 2700.6452477197604, 3559.2915291324252, 4361.162724570839, 5099.960394230911, 5777.450583449634, 6389.084463604118, 6942.318332744022, 7435.553417007557, 7871.311602116303, 8257.167481198156, 8599.271985473122, 8897.671313745592, 9157.709503430564, 9397.811251602427, 9589.048390174998, 9768.657916411898, 9915.397927840135, 10051.086059049534]}, "wireSegments": [1, 3, 5, 7, 9, 11, 13, 15, 401, 403, 405, 407, 409, 411, 413, 415, 801, 803, 805, 807, 809, 811, 813, 815], "apaChannels": [1, 3, 5, 7, 9, 11, 13, 15], "measuredBy": "", "stage": "DWA Development", "apaUuid": "continuity47-12", "layer": "U", "headboardNum": "10", "side": "A"}