{"scanEndMode": 0, "0": {"freq": [], "ampl": []}, "1": {"freq": [], "ampl": []}, "2": {"freq": [], "ampl": []}, "3": {"freq": [], "ampl": []}, "4": {"freq": [20.0, 68.00000004249999, 116.00000061625, 164.00000102500002, 212.0000017225, 260.00000121875, 308.00000413875006, 356.00000178, 404.00000404, 452.00000113000004, 500.0, 548.0000054800001, 596.0000018625001, 644.0000128800003, 692.0000309237514, 740.0000127187502, 788.0000398925021, 836.0000428450022, 884.0000005525001, 932.0000393187518, 980.0000367500014, 1028.000071638755], "ampl": [82.7524394615347, 410.4405313316751, 792.4386664008597, 1169.2460637857384, 1522.13211267996, 1849.4116744348755, 2147.070417357133, 2414.4584609159538, 2652.945238879287, 2863.09113321894, 3046.2313847569303, 3207.1151790379527, 3348.7108283384846, 3470.7455342068474, 3576.1372813122452, 3666.765174151528, 3747.498641254046, 3812.3013583433863, 3875.906856014656, 3927.702852942903, 3966.8014971324246, 4003.755657223238]}, "5": {"freq": [20.0, 68.00000004249999, 116.00000061625, 164.00000102500002, 212.0000017225, 260.00000121875, 308.00000413875006, 356.00000178, 404.00000404, 452.00000113000004, 500.0, 548.0000054800001, 596.0000018625001, 644.0000128800003, 692.0000309237514, 740.0000127187502, 788.0000398925021, 836.0000428450022, 884.0000005525001, 932.0000393187518, 980.0000367500014, 1028.000071638755], "ampl": [142.24976117744296, 751.0219344095246, 1445.8722738649312, 2119.2347141336804, 2746.0506010389904, 3316.3860990334156, 3824.980076859717, 4278.449217210849, 4675.478971569146, 5023.009365167294, 5316.984043237612, 5574.189967756794, 5796.865747970023, 5986.087282441238, 6150.041264535479, 6287.840596860116, 6410.346458381208, 6505.952832996505, 6602.372214060662, 6681.351662735269, 6735.864208251917, 6787.641457365844]}, "6": {"freq": [20.0, 68.00000004249999, 116.00000061625, 164.00000102500002, 212.0000017225, 260.00000121875, 308.00000413875006, 356.00000178, 404.00000404, 452.00000113000004, 500.0, 548.0000054800001, 596.0000018625001, 644.0000128800003, 692.0000309237514, 740.0000127187502, 788.0000398925021, 836.0000428450022, 884.0000005525001, 932.0000393187518, 980.0000367500014, 1028.000071638755], "ampl": [131.3095660568629, 702.8717399280889, 1350.6948928387244, 1985.7345155213447, 2583.3268559333737, 3133.9607409960527, 3630.4188674250927, 4073.9439049986945, 4469.889115889873, 4819.172689356464, 5116.0542687828565, 5379.334339977441, 5607.787625099216, 5804.800507497602, 5976.291895404622, 6122.826932660619, 6251.05465919336, 6352.360657058064, 6455.488537474224, 6541.303845809954, 6600.926470684359, 6658.343128977559]}, "7": {"freq": [20.0, 68.00000004249999, 116.00000061625, 164.00000102500002, 212.0000017225, 260.00000121875, 308.00000413875006, 356.00000178, 404.00000404, 452.00000113000004, 500.0, 548.0000054800001, 596.0000018625001, 644.0000128800003, 692.0000309237514, 740.0000127187502, 788.0000398925021, 836.0000428450022, 884.0000005525001, 932.0000393187518, 980.0000367500014, 1028.000071638755], "ampl": [138.1480330427873, 743.0806913634319, 1427.9960241084536, 2094.7044835573347, 2716.6712482946937, 3283.674739733016, 3791.380485006624, 4242.663383890351, 4638.022574253385, 4987.985895440042, 5281.338789679829, 5539.1325099930955, 5761.797824337702, 5953.643129249016, 6118.138319378547, 6258.942043815914, 6381.483489559542, 6479.840558059644, 6576.045856102344, 6656.070950470669, 6710.851646298412, 6762.142720321664]}, "wireSegments": [154, 156, 158, 160, 554, 556, 558, 560, 954, 956, 958, 960], "apaChannels": [null, null, null, null, 160, 158, 156, 154], "measuredBy": "Chris Stanford", "stage": "Installation (Top)", "apaUuid": "43cd3950-268d-11ec-b6f5-a70e70a44436", "layer": "U", "headboardNum": "7", "side": "A"}