{"scanEndMode": 0, "0": {"freq": [100.0, 150.0000005859375, 200.0, 250.0, 300.0000046875001, 350.0000054687501, 400.0, 450.0000070312501, 500.0, 550.0000064453126, 600.0000093750002, 650.0000228515634, 700.0000109375002, 750.0000292968762, 800.0, 850.0000298828136, 900.0000140625002, 950.0000148437501, 1000.0], "ampl": [5338.256979036183, 7729.675264184685, 9724.388029363725, 11351.008000624295, 12642.319427954386, 13664.19826983429, 14477.553765204068, 15114.447414771152, 15622.307506027759, 16024.345270340295, 16342.610277712345, 16605.63611169904, 16795.586004375495, 16952.721732983024, 17080.820571154978, 17168.263619701796, 17248.17693637397, 17293.853707170605, 17335.73420750664]}, "1": {"freq": [100.0, 150.0000005859375, 200.0, 250.0, 300.0000046875001, 350.0000054687501, 400.0, 450.0000070312501, 500.0, 550.0000064453126, 600.0000093750002, 650.0000228515634, 700.0000109375002, 750.0000292968762, 800.0, 850.0000298828136, 900.0000140625002, 950.0000148437501, 1000.0], "ampl": [4917.656340076822, 7167.2846216245325, 9086.737200323107, 10685.552254173035, 11982.880448680646, 13027.861133437165, 13872.960327706913, 14546.618824114077, 15089.404278403026, 15524.206533746792, 15872.791310100118, 16161.63706548754, 16375.626442614244, 16556.349334774965, 16704.270260932797, 16808.642189222028, 16903.180438025018, 16961.973660736472, 17017.882569115136]}, "2": {"freq": [100.0, 150.0000005859375, 200.0, 250.0, 300.0000046875001, 350.0000054687501, 400.0, 450.0000070312501, 500.0, 550.0000064453126, 600.0000093750002, 650.0000228515634, 700.0000109375002, 750.0000292968762, 800.0, 850.0000298828136, 900.0000140625002, 950.0000148437501, 1000.0], "ampl": [5315.38203117393, 7697.66737106475, 9688.940742562905, 11312.665386617447, 12602.891269525728, 13621.079249098377, 14437.224756394848, 15072.067901900105, 15576.660762162743, 15980.70801618156, 16300.886507228697, 16561.89260315503, 16750.7835808567, 16911.31663032077, 17035.963082440416, 17125.26272868397, 17206.07237094211, 17252.218224328008, 17294.016274334605]}, "3": {"freq": [100.0, 150.0000005859375, 200.0, 250.0, 300.0000046875001, 350.0000054687501, 400.0, 450.0000070312501, 500.0, 550.0000064453126, 600.0000093750002, 650.0000228515634, 700.0000109375002, 750.0000292968762, 800.0, 850.0000298828136, 900.0000140625002, 950.0000148437501, 1000.0], "ampl": [4910.51013168129, 7167.401177596406, 9093.667770979497, 10703.171512625058, 12010.805211743787, 13068.549574764349, 13924.408379341508, 14605.944974131196, 15157.802636946362, 15600.217229741711, 15955.656096750798, 16249.295675344618, 16469.280649797136, 16654.18073422486, 16803.224188226937, 16912.80177139733, 17007.956709789833, 17070.413251428527, 17126.866345471124]}, "4": {"freq": [100.0, 150.0000005859375, 200.0, 250.0, 300.0000046875001, 350.0000054687501, 400.0, 450.0000070312501, 500.0, 550.0000064453126, 600.0000093750002, 650.0000228515634, 700.0000109375002, 750.0000292968762, 800.0, 850.0000298828136, 900.0000140625002, 950.0000148437501, 1000.0], "ampl": [5275.130787586343, 7635.001911274304, 9604.00345626801, 11208.473666819324, 12479.824587900745, 13484.304475878615, 14282.688781532692, 14909.287218928948, 15407.303745939182, 15802.177349686519, 16113.256357786599, 16369.902571310166, 16554.269230511272, 16708.470047756447, 16835.13305665482, 16921.713862761782, 16997.44091335319, 17040.94494565555, 17082.37255133373]}, "5": {"freq": [100.0, 150.0000005859375, 200.0, 250.0, 300.0000046875001, 350.0000054687501, 400.0, 450.0000070312501, 500.0, 550.0000064453126, 600.0000093750002, 650.0000228515634, 700.0000109375002, 750.0000292968762, 800.0, 850.0000298828136, 900.0000140625002, 950.0000148437501, 1000.0], "ampl": [4874.308833095618, 7107.232624978499, 9009.823891850703, 10593.573821673906, 11876.472317880929, 12910.481792225524, 13748.33895266894, 14413.577462997762, 14949.96250849289, 15380.57560816659, 15724.073094229512, 16012.657384796721, 16224.33124540825, 16402.416901653465, 16546.502472587596, 16651.073011075314, 16744.74606268734, 16803.039069114267, 16857.141531438872]}, "6": {"freq": [100.0, 150.0000005859375, 200.0, 250.0, 300.0000046875001, 350.0000054687501, 400.0, 450.0000070312501, 500.0, 550.0000064453126, 600.0000093750002, 650.0000228515634, 700.0000109375002, 750.0000292968762, 800.0, 850.0000298828136, 900.0000140625002, 950.0000148437501, 1000.0], "ampl": [5280.783486656218, 7629.2816666618555, 9577.6793291488, 11158.401121017116, 12404.322975121537, 13384.015722320972, 14161.948411134146, 14764.650475810558, 15244.997712381766, 15624.635359134381, 15922.463136487695, 16169.336457688896, 16345.12887734129, 16492.73403965561, 16611.01604616101, 16690.67201308046, 16762.79853631909, 16803.172041900758, 16841.922947194227]}, "7": {"freq": [100.0, 150.0000005859375, 200.0, 250.0, 300.0000046875001, 350.0000054687501, 400.0, 450.0000070312501, 500.0, 550.0000064453126, 600.0000093750002, 650.0000228515634, 700.0000109375002, 750.0000292968762, 800.0, 850.0000298828136, 900.0000140625002, 950.0000148437501, 1000.0], "ampl": [4886.387078554621, 7118.818394221073, 9011.382291427846, 10580.832981803143, 11848.004262524813, 12866.789751470977, 13686.23450098125, 14336.287683808127, 14856.632698898016, 15274.174381045581, 15608.945244425178, 15884.399534628159, 16087.750599426705, 16259.022085925992, 16398.20359230945, 16497.342873744277, 16585.80015087834, 16640.0466390041, 16691.02587042419]}, "wireSegments": [2, 4, 6, 8, 10, 12, 14, 16, 402, 404, 406, 408, 410, 412, 414, 416, 802, 804, 806, 808, 810, 812, 814, 816], "apaChannels": [2, 4, 6, 8, 10, 12, 14, 16], "measuredBy": "", "stage": "DWA Development", "apaUuid": "continuity150-12", "layer": "U", "headboardNum": "10", "side": "A"}