{"scanEndMode": 0, "0": {"freq": [20.0, 68.00000004249999, 116.00000061625, 164.00000102500002, 212.0000017225, 260.00000121875, 308.00000413875006, 356.00000178, 404.00000404, 452.00000113000004, 500.0, 548.0000054800001, 596.0000018625001, 644.0000128800003, 692.0000309237514, 740.0000127187502, 788.0000398925021, 836.0000428450022, 884.0000005525001, 932.0000393187518, 980.0000367500014, 1028.000071638755], "ampl": [127.86677045271917, 673.6759936018457, 1303.9650324036973, 1912.578302367116, 2487.4014542747905, 3011.3564383162125, 3484.8078262153795, 3906.6638457407394, 4280.985458868111, 4608.461073302194, 4893.704419319909, 5141.977817903632, 5358.585898971424, 5545.985807662197, 5706.1314562402595, 5846.230796810073, 5965.732366110575, 6068.232406393281, 6157.368712765255, 6230.946518742824, 6296.374315593006, 6349.664942894783]}, "1": {"freq": [20.0, 68.00000004249999, 116.00000061625, 164.00000102500002, 212.0000017225, 260.00000121875, 308.00000413875006, 356.00000178, 404.00000404, 452.00000113000004, 500.0, 548.0000054800001, 596.0000018625001, 644.0000128800003, 692.0000309237514, 740.0000127187502, 788.0000398925021, 836.0000428450022, 884.0000005525001, 932.0000393187518, 980.0000367500014, 1028.000071638755], "ampl": [107.8863854050953, 583.1959293710457, 1121.9511627920322, 1649.3623510371858, 2148.9447992302316, 2609.7554099799045, 3029.336907649346, 3407.107274980016, 3743.416129943979, 4040.734674587421, 4302.45973708314, 4532.674754754838, 4735.26841602723, 4910.7934075054, 5062.794134910132, 5194.945919761037, 5310.040209318907, 5409.292571295369, 5495.658863404318, 5568.845367315295, 5631.66502889789, 5685.946754083724]}, "2": {"freq": [20.0, 68.00000004249999, 116.00000061625, 164.00000102500002, 212.0000017225, 260.00000121875, 308.00000413875006, 356.00000178, 404.00000404, 452.00000113000004, 500.0, 548.0000054800001, 596.0000018625001, 644.0000128800003, 692.0000309237514, 740.0000127187502, 788.0000398925021, 836.0000428450022, 884.0000005525001, 932.0000393187518, 980.0000367500014, 1028.000071638755], "ampl": [38.69555332017396, 254.18734823058105, 500.0928682237782, 745.9210028917882, 987.4751415669999, 1225.4404434066726, 1453.8089174973043, 1674.0783226413196, 1885.8658220186815, 2088.6857404684442, 2281.703999688864, 2465.389829229986, 2638.0513602321953, 2801.234424759096, 2953.2093956187687, 3097.833840568632, 3233.61616981133, 3357.4654856246752, 3474.1164982703926, 3581.043155281506, 3681.28934830638, 3771.6079346397096]}, "3": {"freq": [20.0, 68.00000004249999, 116.00000061625, 164.00000102500002, 212.0000017225, 260.00000121875, 308.00000413875006, 356.00000178, 404.00000404, 452.00000113000004, 500.0, 548.0000054800001, 596.0000018625001, 644.0000128800003, 692.0000309237514, 740.0000127187502, 788.0000398925021, 836.0000428450022, 884.0000005525001, 932.0000393187518, 980.0000367500014, 1028.000071638755], "ampl": [69.88233022140035, 350.72723226688004, 677.4404008730926, 994.3234034549749, 1292.2744413334751, 1568.7865260264136, 1817.4825069381006, 2040.4803227940627, 2237.664552747145, 2411.4200809512236, 2563.2361501617247, 2697.0643858755657, 2813.9718637440674, 2913.446085896137, 3000.5256497024466, 3076.852935562885, 3141.222490401617, 3197.654353135963, 3246.9086220758386, 3288.3607691955194, 3324.080744707959, 3353.9146233663573]}, "4": {"freq": [], "ampl": []}, "5": {"freq": [], "ampl": []}, "6": {"freq": [], "ampl": []}, "7": {"freq": [], "ampl": []}, "wireSegments": [74, 76, 78, 80, 474, 476, 478, 480, 874, 876, 878, 880], "apaChannels": [74, 76, 78, 80, null, null, null, null], "measuredBy": "Chris Stanford", "stage": "Installation (Top)", "apaUuid": "43cd3950-268d-11ec-b6f5-a70e70a44436", "layer": "V", "headboardNum": "2", "side": "B"}