{"scanEndMode": 0, "0": {"freq": [100.0, 150.0000005859375, 200.0, 250.0, 300.0000046875001, 350.0000054687501, 400.0, 450.0000070312501, 500.0, 550.0000064453126, 600.0000093750002, 650.0000228515634, 700.0000109375002, 750.0000292968762, 800.0, 850.0000298828136, 900.0000140625002, 950.0000148437501, 1000.0], "ampl": [3804.1436766010474, 5618.754691673736, 7228.451420358437, 8632.658043535896, 9830.938938777297, 10846.320479933223, 11693.440091686205, 12403.96065972621, 12989.19222425736, 13482.483829535948, 13886.09683547526, 14215.393665292875, 14497.951583053553, 14733.788345326077, 14914.6784009251, 15073.006195896014, 15199.037347239524, 15297.670043438713, 15375.78275349327]}, "1": {"freq": [100.0, 150.0000005859375, 200.0, 250.0, 300.0000046875001, 350.0000054687501, 400.0, 450.0000070312501, 500.0, 550.0000064453126, 600.0000093750002, 650.0000228515634, 700.0000109375002, 750.0000292968762, 800.0, 850.0000298828136, 900.0000140625002, 950.0000148437501, 1000.0], "ampl": [3353.6500789741453, 4986.173894519504, 6462.714662136825, 7779.649887613333, 8930.200106610591, 9929.36084151759, 10780.11228207825, 11507.011837829983, 12117.290918857349, 12642.826341665435, 13079.160270256098, 13441.670548780907, 13754.436012800124, 14019.74637675483, 14229.231838774474, 14415.080452434007, 14562.84980766216, 14687.185902937128, 14786.205196077075]}, "2": {"freq": [100.0, 150.0000005859375, 200.0, 250.0, 300.0000046875001, 350.0000054687501, 400.0, 450.0000070312501, 500.0, 550.0000064453126, 600.0000093750002, 650.0000228515634, 700.0000109375002, 750.0000292968762, 800.0, 850.0000298828136, 900.0000140625002, 950.0000148437501, 1000.0], "ampl": [3773.9995021277914, 5578.221488347058, 7179.516999921801, 8572.97373302295, 9766.90833698224, 10779.548526078981, 11624.42479169185, 12332.219448532464, 12916.628284706461, 13409.5278480561, 13811.973967076221, 14141.476931285792, 14423.431051361436, 14658.1710121731, 14839.422703760023, 14997.929125038898, 15123.843451619397, 15225.125550838418, 15303.852510461911]}, "3": {"freq": [100.0, 150.0000005859375, 200.0, 250.0, 300.0000046875001, 350.0000054687501, 400.0, 450.0000070312501, 500.0, 550.0000064453126, 600.0000093750002, 650.0000228515634, 700.0000109375002, 750.0000292968762, 800.0, 850.0000298828136, 900.0000140625002, 950.0000148437501, 1000.0], "ampl": [3347.218052646314, 4979.5513244782305, 6455.535473525971, 7771.598699412916, 8919.074377337774, 9914.781589974595, 10763.784869479092, 11489.29847990663, 12095.499890077566, 12617.78154890508, 13050.774934021969, 13410.528814471043, 13721.958531990002, 13985.4966751953, 14193.018311014828, 14373.971540795657, 14523.987622006514, 14646.543402876134, 14742.973834853277]}, "4": {"freq": [100.0, 150.0000005859375, 200.0, 250.0, 300.0000046875001, 350.0000054687501, 400.0, 450.0000070312501, 500.0, 550.0000064453126, 600.0000093750002, 650.0000228515634, 700.0000109375002, 750.0000292968762, 800.0, 850.0000298828136, 900.0000140625002, 950.0000148437501, 1000.0], "ampl": [3778.6836573595288, 5573.975375094598, 7163.883447722532, 8548.14416415521, 9727.923470235975, 10725.70012980748, 11555.347539962486, 12248.775875765265, 12818.864290151982, 13300.958496999494, 13691.026618968292, 14009.987589252947, 14284.330915423767, 14512.488875799985, 14684.877774949264, 14837.710198218223, 14959.575179171035, 15055.184320597018, 15129.513922100108]}, "5": {"freq": [100.0, 150.0000005859375, 200.0, 250.0, 300.0000046875001, 350.0000054687501, 400.0, 450.0000070312501, 500.0, 550.0000064453126, 600.0000093750002, 650.0000228515634, 700.0000109375002, 750.0000292968762, 800.0, 850.0000298828136, 900.0000140625002, 950.0000148437501, 1000.0], "ampl": [3331.624142438047, 4949.554561144344, 6412.75526856845, 7716.422104435113, 8854.630352722377, 9841.804496207193, 10683.532926522314, 11400.13242110445, 12002.264172497104, 12519.412944625537, 12948.838421185546, 13306.154593825226, 13614.888529346172, 13875.885777029946, 14081.368966454113, 14263.68824911576, 14409.528829008808, 14532.151541778985, 14627.82785794457]}, "6": {"freq": [100.0, 150.0000005859375, 200.0, 250.0, 300.0000046875001, 350.0000054687501, 400.0, 450.0000070312501, 500.0, 550.0000064453126, 600.0000093750002, 650.0000228515634, 700.0000109375002, 750.0000292968762, 800.0, 850.0000298828136, 900.0000140625002, 950.0000148437501, 1000.0], "ampl": [3774.307628346139, 5561.174499080069, 7132.222952928895, 8492.095898482185, 9642.624628046735, 10611.855379206509, 11413.151141448514, 12078.372165513534, 12624.83902890504, 13083.725724538164, 13454.987199820318, 13758.197569022903, 14014.770355709747, 14230.784039413638, 14395.012809039741, 14536.203624343829, 14649.845677986681, 14739.04287992587, 14806.060954607105]}, "7": {"freq": [100.0, 150.0000005859375, 200.0, 250.0, 300.0000046875001, 350.0000054687501, 400.0, 450.0000070312501, 500.0, 550.0000064453126, 600.0000093750002, 650.0000228515634, 700.0000109375002, 750.0000292968762, 800.0, 850.0000298828136, 900.0000140625002, 950.0000148437501, 1000.0], "ampl": [1711.8575440162108, 2581.81772250585, 3404.1830002800066, 4178.534127927469, 4894.390151056084, 5552.110206821939, 6147.632062354065, 6687.489606012763, 7165.522827032235, 7597.5002618699855, 7977.290970304511, 8310.624818036891, 8607.477357908294, 8871.561859020438, 9094.277948463689, 9296.260921930068, 9468.592572131003, 9618.312726348267, 9748.824919258619]}, "wireSegments": [1, 3, 5, 7, 9, 11, 13, 15, 401, 403, 405, 407, 409, 411, 413, 415, 801, 803, 805, 807, 809, 811, 813, 815], "apaChannels": [15, 13, 11, 9, 7, 5, 3, 1], "measuredBy": "", "stage": "DWA Development", "apaUuid": "continuity100-12", "layer": "V", "headboardNum": "1", "side": "A"}