{"scanEndMode": 0, "0": {"freq": [20.0, 68.00000004249999, 116.00000061625, 164.00000102500002, 212.0000017225, 260.00000121875, 308.00000413875006, 356.00000178, 404.00000404, 452.00000113000004, 500.0, 548.0000054800001, 596.0000018625001, 644.0000128800003, 692.0000309237514, 740.0000127187502, 788.0000398925021, 836.0000428450022, 884.0000005525001, 932.0000393187518, 980.0000367500014, 1028.000071638755], "ampl": [104.33828227055747, 585.3562074122666, 1132.7788603951485, 1673.3904758585302, 2191.2484438844585, 2681.816927832896, 3139.8698934778868, 3563.4561001513853, 3951.5394568171173, 4307.996304770414, 4629.337203212324, 4919.721011640901, 5184.775154543721, 5415.255958821892, 5627.197373740997, 5810.8380366963875, 5979.794782743751, 6127.194702175061, 6257.296746752159, 6372.234342558628, 6474.09081128865, 6563.407068663775]}, "1": {"freq": [20.0, 68.00000004249999, 116.00000061625, 164.00000102500002, 212.0000017225, 260.00000121875, 308.00000413875006, 356.00000178, 404.00000404, 452.00000113000004, 500.0, 548.0000054800001, 596.0000018625001, 644.0000128800003, 692.0000309237514, 740.0000127187502, 788.0000398925021, 836.0000428450022, 884.0000005525001, 932.0000393187518, 980.0000367500014, 1028.000071638755], "ampl": [39.5622070398594, 232.1397290215357, 452.36400782914694, 675.7270552347334, 895.2043282274597, 1109.8440088821128, 1318.698547633927, 1522.3784209946682, 1719.2297507347914, 1908.3837307916226, 2088.1405181560076, 2261.5634301280134, 2426.6889754047493, 2581.331534357967, 2730.226746204435, 2869.5948228422667, 3000.61644463475, 3126.4883025116787, 3240.269684637883, 3348.1417978224895, 3450.6755785409105, 3543.820618608476]}, "2": {"freq": [20.0, 68.00000004249999, 116.00000061625, 164.00000102500002, 212.0000017225, 260.00000121875, 308.00000413875006, 356.00000178, 404.00000404, 452.00000113000004, 500.0, 548.0000054800001, 596.0000018625001, 644.0000128800003, 692.0000309237514, 740.0000127187502, 788.0000398925021, 836.0000428450022, 884.0000005525001, 932.0000393187518, 980.0000367500014, 1028.000071638755], "ampl": [102.2595081254589, 573.0913970092536, 1110.2727964660085, 1643.8815764062565, 2155.123978169135, 2640.144521214242, 3095.4125744562125, 3517.2185632702876, 3905.131174672312, 4260.600602616189, 4583.085930482859, 4878.414781126379, 5142.938909027279, 5378.869777328472, 5594.276149701793, 5783.244425324936, 5955.058484656139, 6106.588363851887, 6241.307382083967, 6359.8372602092295, 6466.16077466729, 6558.230314656378]}, "3": {"freq": [20.0, 68.00000004249999, 116.00000061625, 164.00000102500002, 212.0000017225, 260.00000121875, 308.00000413875006, 356.00000178, 404.00000404, 452.00000113000004, 500.0, 548.0000054800001, 596.0000018625001, 644.0000128800003, 692.0000309237514, 740.0000127187502, 788.0000398925021, 836.0000428450022, 884.0000005525001, 932.0000393187518, 980.0000367500014, 1028.000071638755], "ampl": [102.02383505698091, 556.8721342677386, 1082.2122124331577, 1606.3036274879075, 2109.9233842950657, 2589.128346500201, 3041.757934886951, 3462.6795359579455, 3853.006241586643, 4211.419012474049, 4538.8277175716275, 4839.641966605206, 5112.723490790096, 5356.442898886949, 5579.083150845855, 5776.458203638714, 5956.503178522934, 6116.605075770658, 6259.342753784141, 6384.157283673305, 6497.535643053532, 6597.750395382411]}, "4": {"freq": [20.0, 68.00000004249999, 116.00000061625, 164.00000102500002, 212.0000017225, 260.00000121875, 308.00000413875006, 356.00000178, 404.00000404, 452.00000113000004, 500.0, 548.0000054800001, 596.0000018625001, 644.0000128800003, 692.0000309237514, 740.0000127187502, 788.0000398925021, 836.0000428450022, 884.0000005525001, 932.0000393187518, 980.0000367500014, 1028.000071638755], "ampl": [91.80201404773103, 519.7398485178326, 1004.6353975226576, 1488.6255401419594, 1952.7815391285153, 2394.290345555146, 2810.406781092813, 3196.122373163958, 3554.9571631451336, 3883.6744337916825, 4183.858589318173, 4458.6259637354815, 4708.3904582647765, 4931.345824062477, 5133.731899739853, 5314.433096819789, 5477.342170422605, 5623.354824098873, 5750.818995672805, 5868.152661156403, 5969.254403457906, 6059.684568651344]}, "5": {"freq": [20.0, 68.00000004249999, 116.00000061625, 164.00000102500002, 212.0000017225, 260.00000121875, 308.00000413875006, 356.00000178, 404.00000404, 452.00000113000004, 500.0, 548.0000054800001, 596.0000018625001, 644.0000128800003, 692.0000309237514, 740.0000127187502, 788.0000398925021, 836.0000428450022, 884.0000005525001, 932.0000393187518, 980.0000367500014, 1028.000071638755], "ampl": [91.71226907296716, 496.7279137760992, 959.3036178401616, 1425.5587006854867, 1872.4991435447912, 2300.6810935736835, 2707.5675887561542, 3088.486400188345, 3443.2980047798956, 3773.328871738821, 4073.828200249946, 4352.882702130828, 4606.935040569213, 4837.083485049452, 5046.13891931179, 5233.916401756445, 5405.487503025341, 5559.504009610671, 5696.6748759078855, 5818.68424889131, 5929.272171646637, 6027.010815065224]}, "6": {"freq": [20.0, 68.00000004249999, 116.00000061625, 164.00000102500002, 212.0000017225, 260.00000121875, 308.00000413875006, 356.00000178, 404.00000404, 452.00000113000004, 500.0, 548.0000054800001, 596.0000018625001, 644.0000128800003, 692.0000309237514, 740.0000127187502, 788.0000398925021, 836.0000428450022, 884.0000005525001, 932.0000393187518, 980.0000367500014, 1028.000071638755], "ampl": [88.65766158250312, 498.88673379593405, 966.9843591649364, 1432.5331949039098, 1877.5705314611564, 2302.922769631715, 2700.0438592255773, 3068.5185770283665, 3408.7424851707488, 3721.6728001866145, 4004.2812692826565, 4264.065622725554, 4499.2298404797, 4707.759023316575, 4898.591660805199, 5065.987354267936, 5218.84758461887, 5353.758304378938, 5473.92747039909, 5580.307466280285, 5675.784379373485, 5758.368549601111]}, "7": {"freq": [20.0, 68.00000004249999, 116.00000061625, 164.00000102500002, 212.0000017225, 260.00000121875, 308.00000413875006, 356.00000178, 404.00000404, 452.00000113000004, 500.0, 548.0000054800001, 596.0000018625001, 644.0000128800003, 692.0000309237514, 740.0000127187502, 788.0000398925021, 836.0000428450022, 884.0000005525001, 932.0000393187518, 980.0000367500014, 1028.000071638755], "ampl": [82.89020465326784, 458.10248188660796, 890.1824238198591, 1320.389801550268, 1734.8026197475826, 2127.800793729348, 2501.201845700918, 2846.213419826576, 3167.3059945127998, 3460.833226412317, 3730.1740011248717, 3976.3170941962967, 4200.969357678261, 4401.736053884581, 4585.703501572129, 4747.3739213812105, 4895.1610451835795, 5028.3693621369775, 5144.059979884805, 5249.380248161402, 5343.401523303612, 5422.845538249303]}, "wireSegments": [51, 53, 55, 57, 59, 61, 63, 65], "apaChannels": [51, 53, 55, 57, 59, 61, 63, 65], "measuredBy": "Chris Stanford", "stage": "Installation (Top)", "apaUuid": "43cd3950-268d-11ec-b6f5-a70e70a44436", "layer": "G", "headboardNum": "2", "side": "B"}