{"scanEndMode": 0, "0": {"freq": [20.0, 68.00000004249999, 116.00000061625, 164.00000102500002, 212.0000017225, 260.00000121875, 308.00000413875006, 356.00000178, 404.00000404, 452.00000113000004, 500.0, 548.0000054800001, 596.0000018625001, 644.0000128800003, 692.0000309237514, 740.0000127187502, 788.0000398925021, 836.0000428450022, 884.0000005525001, 932.0000393187518, 980.0000367500014, 1028.000071638755], "ampl": [134.57705111205175, 718.8680626764468, 1381.5391683606704, 2023.876351280941, 2619.650266933245, 3165.4828186615932, 3660.2144942386194, 4101.620722670356, 4491.627537959214, 4829.974526199121, 5125.556354263883, 5380.295595682129, 5603.265040069397, 5794.979876100766, 5963.962523833433, 6104.58211085279, 6224.4142991676645, 6334.761149097146, 6418.49810200681, 6494.8133213783085, 6561.038949358661, 6612.280737589873]}, "1": {"freq": [20.0, 68.00000004249999, 116.00000061625, 164.00000102500002, 212.0000017225, 260.00000121875, 308.00000413875006, 356.00000178, 404.00000404, 452.00000113000004, 500.0, 548.0000054800001, 596.0000018625001, 644.0000128800003, 692.0000309237514, 740.0000127187502, 788.0000398925021, 836.0000428450022, 884.0000005525001, 932.0000393187518, 980.0000367500014, 1028.000071638755], "ampl": [135.98631791257023, 696.0057146788128, 1337.693514069985, 1963.1196114873571, 2551.535068904567, 3092.4038393064625, 3585.50874114748, 4031.1220102621205, 4427.28593043908, 4776.825431749601, 5082.5767712600855, 5348.881169109656, 5583.7649636258475, 5786.7995040320475, 5967.243161185924, 6118.475491669948, 6248.457538703208, 6367.4047010554195, 6460.700947007681, 6544.087640757366, 6617.968606236493, 6676.153434848466]}, "2": {"freq": [20.0, 68.00000004249999, 116.00000061625, 164.00000102500002, 212.0000017225, 260.00000121875, 308.00000413875006, 356.00000178, 404.00000404, 452.00000113000004, 500.0, 548.0000054800001, 596.0000018625001, 644.0000128800003, 692.0000309237514, 740.0000127187502, 788.0000398925021, 836.0000428450022, 884.0000005525001, 932.0000393187518, 980.0000367500014, 1028.000071638755], "ampl": [124.56283281289916, 666.5390960710349, 1275.5600095371183, 1871.3998017735412, 2431.4587583483208, 2944.935366281589, 3413.5308460230003, 3833.908851499709, 4206.471184105392, 4535.898054050326, 4823.292255772966, 5072.937369975967, 5293.1984647247655, 5485.1014632734295, 5653.667277398473, 5794.222951268724, 5917.410723408916, 6027.231328834732, 6114.277573516579, 6193.087680537833, 6261.467489734273, 6315.651023855852]}, "3": {"freq": [20.0, 68.00000004249999, 116.00000061625, 164.00000102500002, 212.0000017225, 260.00000121875, 308.00000413875006, 356.00000178, 404.00000404, 452.00000113000004, 500.0, 548.0000054800001, 596.0000018625001, 644.0000128800003, 692.0000309237514, 740.0000127187502, 788.0000398925021, 836.0000428450022, 884.0000005525001, 932.0000393187518, 980.0000367500014, 1028.000071638755], "ampl": [121.24461325610291, 630.6538554557677, 1216.3928921559514, 1788.2275732717187, 2326.664790907809, 2826.7091685260816, 3282.427882291387, 3696.2599904966983, 4064.423084906534, 4393.147460166962, 4680.931422495733, 4933.092720155728, 5154.612058571954, 5350.0519601717215, 5523.406413739267, 5666.759340315617, 5792.92592399114, 5909.698884805841, 5998.415989100391, 6079.5448737332235, 6151.578351459733, 6210.361247018956]}, "4": {"freq": [20.0, 68.00000004249999, 116.00000061625, 164.00000102500002, 212.0000017225, 260.00000121875, 308.00000413875006, 356.00000178, 404.00000404, 452.00000113000004, 500.0, 548.0000054800001, 596.0000018625001, 644.0000128800003, 692.0000309237514, 740.0000127187502, 788.0000398925021, 836.0000428450022, 884.0000005525001, 932.0000393187518, 980.0000367500014, 1028.000071638755], "ampl": [117.43030536191618, 632.6880842020777, 1213.6790270862105, 1777.765681226288, 2307.0382855350817, 2796.593874595711, 3238.4923024261716, 3632.477780923433, 3984.678591066926, 4295.592213823716, 4567.358947052807, 4806.066024913617, 5015.119085577413, 5193.3938416964465, 5352.540607271917, 5481.699250987467, 5599.891605117757, 5704.175924458216, 5787.811909179689, 5862.027923283095, 5924.672121416376, 5973.967373193488]}, "5": {"freq": [20.0, 68.00000004249999, 116.00000061625, 164.00000102500002, 212.0000017225, 260.00000121875, 308.00000413875006, 356.00000178, 404.00000404, 452.00000113000004, 500.0, 548.0000054800001, 596.0000018625001, 644.0000128800003, 692.0000309237514, 740.0000127187502, 788.0000398925021, 836.0000428450022, 884.0000005525001, 932.0000393187518, 980.0000367500014, 1028.000071638755], "ampl": [120.61214836277148, 611.3451928703762, 1173.3262132774114, 1720.3638546597467, 2238.333107867493, 2717.3854512850585, 3153.263036937072, 3546.0722379052595, 3896.043236729176, 4208.655281311389, 4484.780305112359, 4726.040948144403, 4938.054648082156, 5121.864491375993, 5284.030506742204, 5416.270496153571, 5537.973242517549, 5648.687971885135, 5736.352370704554, 5812.643816406572, 5879.317927510214, 5932.552727720111]}, "6": {"freq": [20.0, 68.00000004249999, 116.00000061625, 164.00000102500002, 212.0000017225, 260.00000121875, 308.00000413875006, 356.00000178, 404.00000404, 452.00000113000004, 500.0, 548.0000054800001, 596.0000018625001, 644.0000128800003, 692.0000309237514, 740.0000127187502, 788.0000398925021, 836.0000428450022, 884.0000005525001, 932.0000393187518, 980.0000367500014, 1028.000071638755], "ampl": [118.93127595777854, 625.3757447114871, 1197.3015397065544, 1751.7360921872184, 2271.1066044613244, 2747.4015118353036, 3176.660618098358, 3558.2615900653927, 3895.088404923859, 4192.51268246149, 4451.007215871302, 4675.813508440933, 4870.9749821769465, 5038.665658235254, 5186.325139066748, 5307.947234173489, 5414.28866248939, 5513.295958042387, 5588.882398891378, 5656.626768422154, 5713.102034151725, 5757.715405257794]}, "7": {"freq": [20.0, 68.00000004249999, 116.00000061625, 164.00000102500002, 212.0000017225, 260.00000121875, 308.00000413875006, 356.00000178, 404.00000404, 452.00000113000004, 500.0, 548.0000054800001, 596.0000018625001, 644.0000128800003, 692.0000309237514, 740.0000127187502, 788.0000398925021, 836.0000428450022, 884.0000005525001, 932.0000393187518, 980.0000367500014, 1028.000071638755], "ampl": [98.24627397262806, 526.9110547099451, 1016.4249298598004, 1492.4650947355124, 1939.9119358762864, 2352.937038029152, 2726.013990694421, 3060.2645490554696, 3356.3885330881567, 3618.658170307709, 3847.4739673032414, 4048.3575897435135, 4223.251901229596, 4375.055058707192, 4508.7377999622395, 4619.6316619760055, 4717.209219463857, 4806.228058272085, 4876.2320147779465, 4938.714399755024, 4991.298747845878, 5034.254253297578]}, "wireSegments": [42, 44, 46, 48, 50, 52, 54, 56, 442, 444, 446, 448, 450, 452, 454, 456, 842, 844, 846, 848, 850, 852, 854, 856], "apaChannels": [42, 44, 46, 48, 50, 52, 54, 56], "measuredBy": "Chris Stanford", "stage": "Installation (Top)", "apaUuid": "43cd3950-268d-11ec-b6f5-a70e70a44436", "layer": "V", "headboardNum": "2", "side": "B"}