{"scanEndMode": 0, "0": {"freq": [20.0, 68.00000004249999, 116.00000061625, 164.00000102500002, 212.0000017225, 260.00000121875, 308.00000413875006, 356.00000178, 404.00000404, 452.00000113000004, 500.0, 548.0000054800001, 596.0000018625001, 644.0000128800003, 692.0000309237514, 740.0000127187502, 788.0000398925021, 836.0000428450022, 884.0000005525001, 932.0000393187518, 980.0000367500014, 1028.000071638755], "ampl": [138.53900041777462, 749.0813647327273, 1443.4487018435534, 2116.4399962282714, 2744.508473446764, 3316.123840067135, 3829.4096611409905, 4283.971340654607, 4682.88864140135, 5027.835342493393, 5330.3939956042495, 5587.646342410004, 5813.349525149981, 6006.770426764561, 6174.479302487056, 6314.512183987669, 6435.823981540379, 6541.17943255186, 6628.82019525748, 6704.611023831665, 6765.529452535426, 6819.984071382081]}, "1": {"freq": [20.0, 68.00000004249999, 116.00000061625, 164.00000102500002, 212.0000017225, 260.00000121875, 308.00000413875006, 356.00000178, 404.00000404, 452.00000113000004, 500.0, 548.0000054800001, 596.0000018625001, 644.0000128800003, 692.0000309237514, 740.0000127187502, 788.0000398925021, 836.0000428450022, 884.0000005525001, 932.0000393187518, 980.0000367500014, 1028.000071638755], "ampl": [119.61262170228065, 641.0397533291281, 1240.303464066109, 1827.2211675491221, 2380.3676517427098, 2891.4910457255396, 3355.3038463106263, 3773.1251260896042, 4145.070401850615, 4474.189257356858, 4764.889597333705, 5015.164457959151, 5237.1995243656, 5428.65851407592, 5596.3990405913155, 5737.622742681847, 5862.8764408243405, 5971.151967057093, 6064.466058435745, 6142.759139654088, 6210.3093774575655, 6266.505086406022]}, "2": {"freq": [20.0, 68.00000004249999, 116.00000061625, 164.00000102500002, 212.0000017225, 260.00000121875, 308.00000413875006, 356.00000178, 404.00000404, 452.00000113000004, 500.0, 548.0000054800001, 596.0000018625001, 644.0000128800003, 692.0000309237514, 740.0000127187502, 788.0000398925021, 836.0000428450022, 884.0000005525001, 932.0000393187518, 980.0000367500014, 1028.000071638755], "ampl": [137.91409664699543, 755.2282453921334, 1459.1941156021435, 2143.5054722168106, 2782.52368941506, 3365.500902354789, 3891.1054853328283, 4355.674193975444, 4766.515004212742, 5122.648317265668, 5435.293713238884, 5704.978978319869, 5937.618440919944, 6140.64459086195, 6314.21960721837, 6461.192003555426, 6590.987427891632, 6699.175171636613, 6794.8987211872645, 6873.383672453365, 6940.4674464531745, 6997.029687423702]}, "3": {"freq": [20.0, 68.00000004249999, 116.00000061625, 164.00000102500002, 212.0000017225, 260.00000121875, 308.00000413875006, 356.00000178, 404.00000404, 452.00000113000004, 500.0, 548.0000054800001, 596.0000018625001, 644.0000128800003, 692.0000309237514, 740.0000127187502, 788.0000398925021, 836.0000428450022, 884.0000005525001, 932.0000393187518, 980.0000367500014, 1028.000071638755], "ampl": [69.81839719182572, 352.12186441665835, 684.5917487029315, 1012.1203002803001, 1323.5403533211081, 1614.3440497838515, 1881.126858556857, 2123.304270103266, 2340.9509272672813, 2535.083368511743, 2708.5991400919984, 2859.7834071198845, 2992.376430053573, 3110.063770686604, 3212.296331163159, 3301.6729813216116, 3378.6846974282707, 3446.4858973590226, 3507.0127229034456, 3555.920698631917, 3599.147320049469, 3636.8033190894766]}, "4": {"freq": [], "ampl": []}, "5": {"freq": [], "ampl": []}, "6": {"freq": [], "ampl": []}, "7": {"freq": [], "ampl": []}, "wireSegments": [274, 276, 278, 280, 674, 676, 678, 680, 1074, 1076, 1078, 1080], "apaChannels": [274, 276, 278, 280, null, null, null, null], "measuredBy": "Chris Stanford", "stage": "Installation (Top)", "apaUuid": "43cd3950-268d-11ec-b6f5-a70e70a44436", "layer": "V", "headboardNum": "7", "side": "A"}