{"scanEndMode": 0, "0": {"freq": [100.0, 150.0000005859375, 200.0, 250.0, 300.0000046875001, 350.0000054687501, 400.0, 450.0000070312501, 500.0, 550.0000064453126, 600.0000093750002, 650.0000228515634, 700.0000109375002, 750.0000292968762, 800.0, 850.0000298828136, 900.0000140625002, 950.0000148437501, 1000.0], "ampl": [7329.534613724202, 10306.599983030255, 12597.250052571499, 14293.440784602451, 15545.221204321757, 16470.49456675396, 17156.54509758508, 17671.572813965682, 18063.161448225317, 18353.70313520573, 18576.913375388252, 18746.111534338408, 18877.111261954542, 18979.070948416214, 19037.1608998273, 19089.976010714905, 19119.903253946624, 19132.7534880571, 19141.237011470068]}, "1": {"freq": [100.0, 150.0000005859375, 200.0, 250.0, 300.0000046875001, 350.0000054687501, 400.0, 450.0000070312501, 500.0, 550.0000064453126, 600.0000093750002, 650.0000228515634, 700.0000109375002, 750.0000292968762, 800.0, 850.0000298828136, 900.0000140625002, 950.0000148437501, 1000.0], "ampl": [6962.752516531693, 9855.407115345259, 12121.684471552773, 13832.828759136728, 15114.40336204479, 16072.37990103875, 16790.63703115453, 17336.887142187963, 17752.48750017663, 18066.420740386035, 18307.815021938477, 18494.059602669204, 18638.359888473093, 18752.228442971867, 18820.666968351026, 18882.44800000397, 18920.2147009636, 18937.920474626335, 18952.964298972256]}, "2": {"freq": [100.0, 150.0000005859375, 200.0, 250.0, 300.0000046875001, 350.0000054687501, 400.0, 450.0000070312501, 500.0, 550.0000064453126, 600.0000093750002, 650.0000228515634, 700.0000109375002, 750.0000292968762, 800.0, 850.0000298828136, 900.0000140625002, 950.0000148437501, 1000.0], "ampl": [7344.906691915515, 10319.307879085534, 12598.86180467253, 14285.388541402555, 15526.344799119122, 16442.304574640075, 17118.354691516648, 17627.61279247832, 18014.030754322215, 18299.932855042378, 18518.214545762465, 18684.630185205355, 18814.38345437415, 18913.654734965767, 18971.921133585332, 19022.227763543342, 19049.973731391685, 19060.57068702673, 19068.54329464852]}, "3": {"freq": [100.0, 150.0000005859375, 200.0, 250.0, 300.0000046875001, 350.0000054687501, 400.0, 450.0000070312501, 500.0, 550.0000064453126, 600.0000093750002, 650.0000228515634, 700.0000109375002, 750.0000292968762, 800.0, 850.0000298828136, 900.0000140625002, 950.0000148437501, 1000.0], "ampl": [6788.966943949519, 9628.756564585698, 11865.921736088638, 13563.358609745434, 14838.986627591008, 15797.580090135993, 16516.589550989767, 17065.501764871486, 17483.864184388152, 17799.04836268955, 18043.15125075215, 18228.726581947758, 18378.706760611643, 18493.326460421384, 18567.006960046772, 18629.450531542847, 18667.325737754054, 18685.984320340987, 18703.03448442776]}, "4": {"freq": [100.0, 150.0000005859375, 200.0, 250.0, 300.0000046875001, 350.0000054687501, 400.0, 450.0000070312501, 500.0, 550.0000064453126, 600.0000093750002, 650.0000228515634, 700.0000109375002, 750.0000292968762, 800.0, 850.0000298828136, 900.0000140625002, 950.0000148437501, 1000.0], "ampl": [7290.004457352138, 10228.440697575863, 12473.914987189748, 14127.142602334485, 15341.063759668315, 16233.40334277807, 16890.778955706166, 17384.60275996562, 17756.878224276636, 18034.791092131323, 18246.408883261487, 18404.61553646744, 18528.006368488514, 18621.64834106648, 18677.43728858766, 18727.61552160401, 18752.077545500895, 18760.625122382473, 18766.103025490796]}, "5": {"freq": [100.0, 150.0000005859375, 200.0, 250.0, 300.0000046875001, 350.0000054687501, 400.0, 450.0000070312501, 500.0, 550.0000064453126, 600.0000093750002, 650.0000228515634, 700.0000109375002, 750.0000292968762, 800.0, 850.0000298828136, 900.0000140625002, 950.0000148437501, 1000.0], "ampl": [6897.917628948381, 9769.82735499601, 12021.13652477025, 13724.126244721745, 15000.42282132044, 15956.812173068143, 16671.30915335698, 17218.399927294802, 17634.460687257488, 17946.418452575374, 18187.80379289618, 18374.183110326645, 18518.538636875375, 18631.524401759645, 18700.820914946613, 18764.627293112993, 18801.577062833418, 18818.02043291306, 18834.267880396812]}, "6": {"freq": [100.0, 150.0000005859375, 200.0, 250.0, 300.0000046875001, 350.0000054687501, 400.0, 450.0000070312501, 500.0, 550.0000064453126, 600.0000093750002, 650.0000228515634, 700.0000109375002, 750.0000292968762, 800.0, 850.0000298828136, 900.0000140625002, 950.0000148437501, 1000.0], "ampl": [7246.456825089207, 10162.43988402865, 12386.410622311912, 14022.950076830699, 15220.93608519095, 16102.385675234009, 16751.721568522804, 17238.878542177754, 17605.803958342236, 17879.432251111746, 18085.810944901026, 18245.594692124472, 18366.110048454422, 18459.195932333274, 18511.976606318203, 18560.87564081796, 18585.675645375588, 18594.120382611312, 18600.181241621438]}, "7": {"freq": [100.0, 150.0000005859375, 200.0, 250.0, 300.0000046875001, 350.0000054687501, 400.0, 450.0000070312501, 500.0, 550.0000064453126, 600.0000093750002, 650.0000228515634, 700.0000109375002, 750.0000292968762, 800.0, 850.0000298828136, 900.0000140625002, 950.0000148437501, 1000.0], "ampl": [6863.502517031988, 9703.686051789695, 11920.843231029889, 13586.808272927217, 14828.651267024368, 15754.95690547268, 16447.76805600766, 16970.864310329052, 17370.164141220885, 17669.304234242853, 17900.736499277853, 18074.853036100176, 18215.6841709157, 18320.600148565078, 18387.287234285923, 18445.20015455529, 18478.46554776906, 18493.013876269233, 18506.230568377396]}, "wireSegments": [17, 19, 21, 23, 25, 27, 29, 31], "apaChannels": [31, 29, 27, 25, 23, 21, 19, 17], "measuredBy": "", "stage": "DWA Development", "apaUuid": "continuity220-12", "layer": "X", "headboardNum": "1", "side": "A"}