{"scanEndMode": 0, "0": {"freq": [100.0, 150.0000005859375, 200.0, 250.0, 300.0000046875001, 350.0000054687501, 400.0, 450.0000070312501, 500.0, 550.0000064453126, 600.0000093750002, 650.0000228515634, 700.0000109375002, 750.0000292968762, 800.0, 850.0000298828136, 900.0000140625002, 950.0000148437501, 1000.0], "ampl": [7264.257510483455, 10194.969124959274, 12424.727665919789, 14072.953147485334, 15281.326002078606, 16175.892276348059, 16833.910576575763, 17326.848853362877, 17694.391101860743, 17978.367289426908, 18179.027586965552, 18342.894424297072, 18462.064395192545, 18552.156119358093, 18608.460600532893, 18660.236632819444, 18678.62828305595, 18680.721055244932, 18691.525399665636]}, "1": {"freq": [100.0, 150.0000005859375, 200.0, 250.0, 300.0000046875001, 350.0000054687501, 400.0, 450.0000070312501, 500.0, 550.0000064453126, 600.0000093750002, 650.0000228515634, 700.0000109375002, 750.0000292968762, 800.0, 850.0000298828136, 900.0000140625002, 950.0000148437501, 1000.0], "ampl": [6950.9650092184265, 9823.731970968667, 12053.086663740884, 13732.325087514038, 14984.480791066546, 15921.840339663948, 16618.58625601617, 17147.193413978115, 17544.9673253736, 17854.131002210466, 18075.742148060704, 18258.192502502778, 18391.605135709644, 18492.452026445233, 18561.914245643777, 18622.74978741081, 18648.85300295674, 18658.03888259651, 18675.583575095803]}, "2": {"freq": [100.0, 150.0000005859375, 200.0, 250.0, 300.0000046875001, 350.0000054687501, 400.0, 450.0000070312501, 500.0, 550.0000064453126, 600.0000093750002, 650.0000228515634, 700.0000109375002, 750.0000292968762, 800.0, 850.0000298828136, 900.0000140625002, 950.0000148437501, 1000.0], "ampl": [7152.0655865841945, 10053.889422173364, 12275.884286742466, 13923.119547721019, 15137.706085169199, 16038.483919332237, 16701.93158931764, 17202.97076836542, 17574.27514533812, 17862.396833568913, 18069.3514730769, 18236.025660069095, 18359.250791214497, 18450.260398307462, 18508.684327288465, 18563.472542395364, 18583.44489497731, 18588.418916000486, 18599.05735889674]}, "3": {"freq": [100.0, 150.0000005859375, 200.0, 250.0, 300.0000046875001, 350.0000054687501, 400.0, 450.0000070312501, 500.0, 550.0000064453126, 600.0000093750002, 650.0000228515634, 700.0000109375002, 750.0000292968762, 800.0, 850.0000298828136, 900.0000140625002, 950.0000148437501, 1000.0], "ampl": [6904.141926962481, 9761.523763324267, 11985.881898342355, 13661.309236405908, 14911.994148233134, 15847.98277276474, 16545.400017293654, 17073.739714590407, 17470.22688661172, 17779.852702441465, 18003.336807493786, 18186.048112744116, 18321.142500499747, 18423.109690444733, 18491.294694259122, 18550.952773485085, 18578.66843063421, 18588.54748499563, 18608.99229455447]}, "4": {"freq": [100.0, 150.0000005859375, 200.0, 250.0, 300.0000046875001, 350.0000054687501, 400.0, 450.0000070312501, 500.0, 550.0000064453126, 600.0000093750002, 650.0000228515634, 700.0000109375002, 750.0000292968762, 800.0, 850.0000298828136, 900.0000140625002, 950.0000148437501, 1000.0], "ampl": [7231.348543063877, 10149.252481201129, 12372.383949182262, 14013.210568062961, 15219.393266008981, 16109.676830446047, 16764.670992371066, 17255.624567199608, 17623.80064276248, 17904.31929169915, 18108.384818995877, 18269.082639709133, 18387.241461778623, 18476.625935348406, 18534.741775104092, 18584.334536266786, 18604.29044360834, 18606.461866688212, 18618.192688507217]}, "5": {"freq": [100.0, 150.0000005859375, 200.0, 250.0, 300.0000046875001, 350.0000054687501, 400.0, 450.0000070312501, 500.0, 550.0000064453126, 600.0000093750002, 650.0000228515634, 700.0000109375002, 750.0000292968762, 800.0, 850.0000298828136, 900.0000140625002, 950.0000148437501, 1000.0], "ampl": [6828.82600517991, 9673.6738517949, 11898.170630175462, 13582.038959652127, 14847.17503660717, 15799.170289394477, 16509.2832537294, 17049.366090933512, 17456.431664087668, 17773.239204149642, 18005.853165719713, 18191.82375073334, 18331.247607412028, 18438.23896886866, 18511.089511678972, 18575.30867450538, 18609.29276499714, 18617.032433024826, 18635.290269863413]}, "6": {"freq": [100.0, 150.0000005859375, 200.0, 250.0, 300.0000046875001, 350.0000054687501, 400.0, 450.0000070312501, 500.0, 550.0000064453126, 600.0000093750002, 650.0000228515634, 700.0000109375002, 750.0000292968762, 800.0, 850.0000298828136, 900.0000140625002, 950.0000148437501, 1000.0], "ampl": [7165.101209801499, 10053.72717829103, 12253.286643347225, 13877.682533234338, 15069.704308909586, 15948.597138029385, 16597.08543099334, 17082.62518277025, 17443.30096854007, 17722.90462248141, 17920.354177144778, 18081.885896226926, 18199.801328941547, 18285.88696815913, 18344.21355510767, 18393.35444085991, 18412.77720730743, 18413.764621865703, 18424.540723545997]}, "7": {"freq": [100.0, 150.0000005859375, 200.0, 250.0, 300.0000046875001, 350.0000054687501, 400.0, 450.0000070312501, 500.0, 550.0000064453126, 600.0000093750002, 650.0000228515634, 700.0000109375002, 750.0000292968762, 800.0, 850.0000298828136, 900.0000140625002, 950.0000148437501, 1000.0], "ampl": [6811.343127868126, 9629.560445341884, 11819.069258046437, 13469.967705808642, 14700.227450915361, 15622.150768783622, 16309.723456422764, 16826.700645408313, 17217.674379500037, 17522.56808853004, 17742.83228990226, 17920.347321713343, 18053.725524700818, 18152.858795886415, 18220.894324036126, 18279.636409123872, 18306.378853087215, 18315.763561678166, 18333.436806720634]}, "wireSegments": [18, 20, 22, 24, 26, 28, 30, 32, 418, 420, 422, 424, 426, 428, 430, 432, 818, 820, 822, 824, 826, 828, 830, 832], "apaChannels": [18, 20, 22, 24, 26, 28, 30, 32], "measuredBy": "", "stage": "DWA Development", "apaUuid": "continuity220-12", "layer": "U", "headboardNum": "10", "side": "A"}