{"scanEndMode": 0, "0": {"freq": [100.0, 150.0000005859375, 200.0, 250.0, 300.0000046875001, 350.0000054687501, 400.0, 450.0000070312501, 500.0, 550.0000064453126, 600.0000093750002, 650.0000228515634, 700.0000109375002, 750.0000292968762, 800.0, 850.0000298828136, 900.0000140625002, 950.0000148437501, 1000.0], "ampl": [7281.611717731061, 10260.392761798674, 12540.128638537759, 14244.249191021758, 15495.432957608546, 16424.315225125098, 17114.91824491094, 17633.18249736338, 18024.00667840854, 18318.862184596353, 18550.739806392332, 18721.053351833976, 18847.90092545929, 18944.310210357497, 19017.364986758665, 19061.384532168027, 19090.255776991515, 19113.228185490392, 19107.40112273709]}, "1": {"freq": [100.0, 150.0000005859375, 200.0, 250.0, 300.0000046875001, 350.0000054687501, 400.0, 450.0000070312501, 500.0, 550.0000064453126, 600.0000093750002, 650.0000228515634, 700.0000109375002, 750.0000292968762, 800.0, 850.0000298828136, 900.0000140625002, 950.0000148437501, 1000.0], "ampl": [6984.924787556426, 9899.273762132243, 12165.164636055444, 13886.628162064817, 15167.399250799548, 16129.276443556815, 16850.02683449914, 17396.68911904612, 17811.216256418364, 18125.858143521225, 18374.554148543022, 18560.571904926375, 18699.904987242982, 18804.771851494173, 18886.451953903765, 18940.012008392343, 18975.110762121192, 19003.920119925926, 19003.23400238096]}, "2": {"freq": [100.0, 150.0000005859375, 200.0, 250.0, 300.0000046875001, 350.0000054687501, 400.0, 450.0000070312501, 500.0, 550.0000064453126, 600.0000093750002, 650.0000228515634, 700.0000109375002, 750.0000292968762, 800.0, 850.0000298828136, 900.0000140625002, 950.0000148437501, 1000.0], "ampl": [7345.9218212370215, 10329.834613354999, 12598.04836854432, 14283.815493883778, 15518.421239184985, 16429.089269002532, 17103.27112047343, 17612.024361972213, 17992.120832776, 18279.51394843806, 18504.267871551114, 18672.05003525084, 18793.06166345585, 18882.56950644567, 18953.698206063826, 18995.834436435816, 19023.369540437834, 19045.0254201307, 19039.263187611425]}, "3": {"freq": [100.0, 150.0000005859375, 200.0, 250.0, 300.0000046875001, 350.0000054687501, 400.0, 450.0000070312501, 500.0, 550.0000064453126, 600.0000093750002, 650.0000228515634, 700.0000109375002, 750.0000292968762, 800.0, 850.0000298828136, 900.0000140625002, 950.0000148437501, 1000.0], "ampl": [3598.1391735791144, 5338.928657234792, 6891.959766490149, 8256.16401509816, 9426.04746157057, 10422.352368831303, 11256.4959001414, 11956.969984417434, 12540.228108440582, 13024.264164310316, 13430.435113157628, 13764.579932068264, 14038.618540630561, 14269.078187746682, 14462.889034678323, 14615.11340112097, 14744.314277086763, 14854.500876582397, 14931.902729874531]}, "4": {"freq": [], "ampl": []}, "5": {"freq": [], "ampl": []}, "6": {"freq": [], "ampl": []}, "7": {"freq": [], "ampl": []}, "wireSegments": [34, 36, 38, 40, 434, 436, 438, 440, 834, 836, 838, 840], "apaChannels": [34, 36, 38, 40, null, null, null, null], "measuredBy": "", "stage": "DWA Development", "apaUuid": "continuity220-12", "layer": "U", "headboardNum": "10", "side": "A"}