{"scanEndMode": 0, "0": {"freq": [100.0, 150.0000005859375, 200.0, 250.0, 300.0000046875001, 350.0000054687501, 400.0, 450.0000070312501, 500.0, 550.0000064453126, 600.0000093750002, 650.0000228515634, 700.0000109375002, 750.0000292968762, 800.0, 850.0000298828136, 900.0000140625002, 950.0000148437501, 1000.0], "ampl": [7262.8766714935455, 10224.843356845002, 12499.472366467977, 14189.589333202774, 15432.779074907907, 16363.14328028743, 17052.85624047158, 17565.243004729993, 17950.21204819727, 18249.68977267678, 18475.206508311923, 18642.30635257925, 18776.23552576507, 18871.040405004333, 18938.284674610713, 18991.90618013641, 19014.732724030535, 19035.434708710844, 19036.89475426825]}, "1": {"freq": [100.0, 150.0000005859375, 200.0, 250.0, 300.0000046875001, 350.0000054687501, 400.0, 450.0000070312501, 500.0, 550.0000064453126, 600.0000093750002, 650.0000228515634, 700.0000109375002, 750.0000292968762, 800.0, 850.0000298828136, 900.0000140625002, 950.0000148437501, 1000.0], "ampl": [6904.489250062188, 9767.981871848544, 11991.160928983281, 13663.618437921461, 14902.779748645737, 15836.588545558034, 16531.866501060034, 17052.634869931386, 17445.587961238496, 17752.886684106823, 17982.09499727675, 18155.33578302241, 18295.640922825274, 18391.999479200877, 18463.179799843903, 18523.412632747368, 18550.30936985308, 18570.829871061465, 18576.971267202563]}, "2": {"freq": [100.0, 150.0000005859375, 200.0, 250.0, 300.0000046875001, 350.0000054687501, 400.0, 450.0000070312501, 500.0, 550.0000064453126, 600.0000093750002, 650.0000228515634, 700.0000109375002, 750.0000292968762, 800.0, 850.0000298828136, 900.0000140625002, 950.0000148437501, 1000.0], "ampl": [7255.151139730705, 10218.170684160688, 12494.060448060896, 14185.153394003835, 15432.458194810244, 16362.665928301974, 17052.918304178955, 17567.19302446805, 17954.13870505195, 18254.79555282235, 18476.43890094478, 18647.494002818523, 18782.820875796886, 18875.71141826377, 18942.992935079787, 18997.7971533949, 19020.436700340946, 19039.46497631907, 19042.526916290095]}, "3": {"freq": [100.0, 150.0000005859375, 200.0, 250.0, 300.0000046875001, 350.0000054687501, 400.0, 450.0000070312501, 500.0, 550.0000064453126, 600.0000093750002, 650.0000228515634, 700.0000109375002, 750.0000292968762, 800.0, 850.0000298828136, 900.0000140625002, 950.0000148437501, 1000.0], "ampl": [7011.677994279668, 9907.152222143402, 12147.267739314246, 13825.034965649082, 15066.232687427646, 15995.573065251572, 16688.827429074445, 17205.869307895922, 17595.56691085213, 17897.218801692106, 18126.852955659535, 18298.254972648865, 18436.57956277362, 18532.219149923094, 18596.27336966207, 18659.92055198826, 18683.24338784032, 18705.103252882323, 18709.088338563546]}, "4": {"freq": [], "ampl": []}, "5": {"freq": [], "ampl": []}, "6": {"freq": [], "ampl": []}, "7": {"freq": [], "ampl": []}, "wireSegments": [33, 35, 37, 39, 433, 435, 437, 439, 833, 835, 837, 839], "apaChannels": [33, 35, 37, 39, null, null, null, null], "measuredBy": "", "stage": "DWA Development", "apaUuid": "continuity220-12", "layer": "U", "headboardNum": "10", "side": "A"}