{"scanEndMode": 0, "0": {"freq": [100.0, 150.0000005859375, 200.0, 250.0, 300.0000046875001, 350.0000054687501, 400.0, 450.0000070312501, 500.0, 550.0000064453126, 600.0000093750002, 650.0000228515634, 700.0000109375002, 750.0000292968762, 800.0, 850.0000298828136, 900.0000140625002, 950.0000148437501, 1000.0], "ampl": [7227.621432021569, 10169.513892371251, 12430.60184650865, 14111.99317792006, 15354.334408369952, 16275.354077463202, 16952.00536204583, 17461.29829506801, 17852.25483839102, 18147.38393412925, 18366.65499451293, 18537.70942711303, 18663.469018603002, 18765.793593044276, 18829.634372268054, 18873.449812870647, 18903.070614496395, 18911.938413611944, 18916.48586635906]}, "1": {"freq": [100.0, 150.0000005859375, 200.0, 250.0, 300.0000046875001, 350.0000054687501, 400.0, 450.0000070312501, 500.0, 550.0000064453126, 600.0000093750002, 650.0000228515634, 700.0000109375002, 750.0000292968762, 800.0, 850.0000298828136, 900.0000140625002, 950.0000148437501, 1000.0], "ampl": [6861.929220564046, 9699.168001876269, 11906.595849205356, 13565.270392217386, 14802.383444340485, 15727.505097926858, 16407.914783293498, 16926.43325916318, 17324.10534309487, 17625.42630474077, 17851.76613561757, 18027.624540491517, 18158.12069252555, 18264.013482179816, 18332.64912141363, 18379.68412482888, 18412.928462180484, 18426.245977712275, 18432.102646476495]}, "2": {"freq": [100.0, 150.0000005859375, 200.0, 250.0, 300.0000046875001, 350.0000054687501, 400.0, 450.0000070312501, 500.0, 550.0000064453126, 600.0000093750002, 650.0000228515634, 700.0000109375002, 750.0000292968762, 800.0, 850.0000298828136, 900.0000140625002, 950.0000148437501, 1000.0], "ampl": [7124.168259377801, 10034.07748305483, 12275.616783303423, 13945.65619577481, 15181.607963734228, 16100.250784343876, 16775.57651696846, 17283.535007178034, 17674.004131979807, 17967.19110766833, 18187.0811299493, 18358.473699822087, 18484.41611757856, 18586.324869690874, 18650.36561504397, 18693.748398934862, 18724.61146759732, 18733.79000193266, 18739.068682633377]}, "3": {"freq": [100.0, 150.0000005859375, 200.0, 250.0, 300.0000046875001, 350.0000054687501, 400.0, 450.0000070312501, 500.0, 550.0000064453126, 600.0000093750002, 650.0000228515634, 700.0000109375002, 750.0000292968762, 800.0, 850.0000298828136, 900.0000140625002, 950.0000148437501, 1000.0], "ampl": [6953.812468106993, 9822.870896545017, 12045.114187171506, 13711.622939122108, 14950.281047548206, 15874.218884475411, 16554.019882920933, 17068.7216033778, 17464.97377909315, 17763.540441968566, 17986.185168360524, 18161.307093859577, 18290.035934100397, 18395.024554631265, 18462.09657185205, 18507.685000271285, 18540.387523477602, 18552.251507327976, 18557.18466606553]}, "4": {"freq": [100.0, 150.0000005859375, 200.0, 250.0, 300.0000046875001, 350.0000054687501, 400.0, 450.0000070312501, 500.0, 550.0000064453126, 600.0000093750002, 650.0000228515634, 700.0000109375002, 750.0000292968762, 800.0, 850.0000298828136, 900.0000140625002, 950.0000148437501, 1000.0], "ampl": [7131.977794885065, 10032.124638387122, 12258.022393245355, 13910.790101087525, 15131.011426526813, 16034.230361481805, 16696.432364476124, 17195.460200092337, 17578.04463290932, 17865.239488818814, 18081.173739896978, 18247.491037254156, 18369.632070124528, 18468.3169925421, 18530.226836192178, 18572.321099878376, 18600.403200623674, 18609.29769041604, 18612.54726597761]}, "5": {"freq": [100.0, 150.0000005859375, 200.0, 250.0, 300.0000046875001, 350.0000054687501, 400.0, 450.0000070312501, 500.0, 550.0000064453126, 600.0000093750002, 650.0000228515634, 700.0000109375002, 750.0000292968762, 800.0, 850.0000298828136, 900.0000140625002, 950.0000148437501, 1000.0], "ampl": [6893.621189338334, 9732.696643512973, 11930.247046339, 13574.74036417358, 14797.308660860996, 15708.393718903642, 16378.23136582446, 16884.805818648878, 17274.869294716023, 17569.58376892665, 17790.353130054544, 17959.940784834344, 18087.487686329045, 18190.031300254697, 18254.56334523936, 18299.360287724718, 18332.46030038026, 18343.81240678451, 18348.783753387357]}, "6": {"freq": [100.0, 150.0000005859375, 200.0, 250.0, 300.0000046875001, 350.0000054687501, 400.0, 450.0000070312501, 500.0, 550.0000064453126, 600.0000093750002, 650.0000228515634, 700.0000109375002, 750.0000292968762, 800.0, 850.0000298828136, 900.0000140625002, 950.0000148437501, 1000.0], "ampl": [7140.161179680595, 10029.469014606431, 12237.802855448897, 13872.065792089708, 15071.270902022514, 15959.935655878387, 16608.760432359883, 17096.030218653876, 17469.417783413664, 17749.316678428815, 17957.94465503319, 18118.89061751642, 18237.857174688437, 18332.92336906997, 18393.527610869063, 18431.848152224225, 18459.523717314678, 18466.649858220084, 18467.514885455203]}, "7": {"freq": [100.0, 150.0000005859375, 200.0, 250.0, 300.0000046875001, 350.0000054687501, 400.0, 450.0000070312501, 500.0, 550.0000064453126, 600.0000093750002, 650.0000228515634, 700.0000109375002, 750.0000292968762, 800.0, 850.0000298828136, 900.0000140625002, 950.0000148437501, 1000.0], "ampl": [6920.395716623034, 9747.99473894785, 11925.546738840187, 13544.03463899635, 14741.571401565041, 15628.540974569, 16278.628263014867, 16769.741924915143, 17146.526497725503, 17429.22279802331, 17639.903216053837, 17804.679169766416, 17925.678620197566, 18023.134703812862, 18085.3190973649, 18124.902830839183, 18153.21799165564, 18163.626770072344, 18165.395247817833]}, "wireSegments": [2, 4, 6, 8, 10, 12, 14, 16, 402, 404, 406, 408, 410, 412, 414, 416, 802, 804, 806, 808, 810, 812, 814, 816], "apaChannels": [16, 14, 12, 10, 8, 6, 4, 2], "measuredBy": "", "stage": "DWA Development", "apaUuid": "continuity220-12", "layer": "V", "headboardNum": "1", "side": "A"}