{"scanEndMode": 0, "0": {"freq": [100.0, 150.0000005859375, 200.0, 250.0, 300.0000046875001, 350.0000054687501, 400.0, 450.0000070312501, 500.0, 550.0000064453126, 600.0000093750002, 650.0000228515634, 700.0000109375002, 750.0000292968762, 800.0, 850.0000298828136, 900.0000140625002, 950.0000148437501, 1000.0], "ampl": [7241.302621770069, 10176.582045083274, 12425.021131394664, 14096.437578075785, 15322.740467610736, 16230.057121578766, 16897.916414052637, 17398.994582225376, 17781.077343109064, 18067.60945085089, 18282.47419068302, 18448.846534977114, 18573.861106721015, 18664.588837182157, 18724.6014711405, 18775.723611264304, 18809.719565632226, 18811.549240746226, 18809.510553635835]}, "1": {"freq": [100.0, 150.0000005859375, 200.0, 250.0, 300.0000046875001, 350.0000054687501, 400.0, 450.0000070312501, 500.0, 550.0000064453126, 600.0000093750002, 650.0000228515634, 700.0000109375002, 750.0000292968762, 800.0, 850.0000298828136, 900.0000140625002, 950.0000148437501, 1000.0], "ampl": [6842.85877837022, 9694.670473364487, 11929.252514876007, 13627.366894034692, 14895.462973834457, 15847.89364731359, 16559.57475480826, 17102.098607167776, 17516.8834737151, 17830.130257044737, 18069.501662528215, 18256.548138116388, 18397.428611544925, 18503.849971767926, 18575.498554353788, 18636.643737763003, 18680.949252613107, 18692.156699105606, 18697.806778388298]}, "2": {"freq": [100.0, 150.0000005859375, 200.0, 250.0, 300.0000046875001, 350.0000054687501, 400.0, 450.0000070312501, 500.0, 550.0000064453126, 600.0000093750002, 650.0000228515634, 700.0000109375002, 750.0000292968762, 800.0, 850.0000298828136, 900.0000140625002, 950.0000148437501, 1000.0], "ampl": [7196.156168431714, 10118.468746566301, 12364.376664823936, 14032.612016747544, 15257.067688159963, 16166.465127967247, 16831.816427968166, 17337.762149251706, 17718.116365490165, 18005.65845530875, 18223.050656872685, 18389.40033976185, 18515.15071398453, 18606.14182542096, 18666.42402754111, 18717.01273882523, 18752.288280079985, 18755.50984585354, 18753.563321855738]}, "3": {"freq": [100.0, 150.0000005859375, 200.0, 250.0, 300.0000046875001, 350.0000054687501, 400.0, 450.0000070312501, 500.0, 550.0000064453126, 600.0000093750002, 650.0000228515634, 700.0000109375002, 750.0000292968762, 800.0, 850.0000298828136, 900.0000140625002, 950.0000148437501, 1000.0], "ampl": [6854.561427364051, 9708.795742368708, 11944.85478747244, 13639.093913828314, 14904.278105371806, 15851.99063270537, 16559.094975746022, 17098.269799769285, 17509.131858875033, 17821.13476688009, 18058.367578911562, 18243.58501921937, 18385.078481287175, 18488.494365885508, 18560.84695986655, 18621.75546856779, 18663.369441863786, 18673.38526214339, 18676.551100116507]}, "4": {"freq": [100.0, 150.0000005859375, 200.0, 250.0, 300.0000046875001, 350.0000054687501, 400.0, 450.0000070312501, 500.0, 550.0000064453126, 600.0000093750002, 650.0000228515634, 700.0000109375002, 750.0000292968762, 800.0, 850.0000298828136, 900.0000140625002, 950.0000148437501, 1000.0], "ampl": [7203.462782138458, 10111.862016414341, 12339.932992763577, 13987.674892305298, 15195.729665889268, 16085.058450859146, 16736.83724466655, 17230.654114851823, 17602.851988423445, 17881.043742847007, 18090.688078467927, 18253.425892222047, 18373.991372404736, 18465.337805713392, 18519.97820119844, 18569.501905758567, 18601.557679130656, 18604.241894432078, 18601.898855985928]}, "5": {"freq": [100.0, 150.0000005859375, 200.0, 250.0, 300.0000046875001, 350.0000054687501, 400.0, 450.0000070312501, 500.0, 550.0000064453126, 600.0000093750002, 650.0000228515634, 700.0000109375002, 750.0000292968762, 800.0, 850.0000298828136, 900.0000140625002, 950.0000148437501, 1000.0], "ampl": [6882.279451318325, 9733.943341389106, 11960.5749410494, 13642.984786633748, 14898.97119567345, 15837.792287497798, 16535.86785374879, 17068.159037156307, 17473.48074674046, 17780.872635851483, 18014.395650124206, 18195.77600991253, 18334.9298834828, 18435.83575424375, 18506.274775134352, 18564.158508854875, 18606.49163124375, 18615.8566330103, 18620.63478183442]}, "6": {"freq": [100.0, 150.0000005859375, 200.0, 250.0, 300.0000046875001, 350.0000054687501, 400.0, 450.0000070312501, 500.0, 550.0000064453126, 600.0000093750002, 650.0000228515634, 700.0000109375002, 750.0000292968762, 800.0, 850.0000298828136, 900.0000140625002, 950.0000148437501, 1000.0], "ampl": [7211.964040839765, 10100.384395880861, 12290.165612781515, 13904.378308401932, 15078.466466003709, 15941.39064137762, 16571.711570854648, 17048.015978309923, 17404.13987374535, 17672.72142705685, 17873.912409725574, 18029.23497713916, 18145.201156317627, 18228.504477458668, 18282.256033640046, 18327.66796582588, 18357.372214738363, 18357.69809624742, 18353.04412555912]}, "7": {"freq": [100.0, 150.0000005859375, 200.0, 250.0, 300.0000046875001, 350.0000054687501, 400.0, 450.0000070312501, 500.0, 550.0000064453126, 600.0000093750002, 650.0000228515634, 700.0000109375002, 750.0000292968762, 800.0, 850.0000298828136, 900.0000140625002, 950.0000148437501, 1000.0], "ampl": [3581.49172025754, 5294.494930817377, 6823.00189405008, 8149.916631552155, 9286.469955828814, 10245.169182677299, 11043.403175539692, 11710.604940778587, 12264.967396742693, 12721.458665032796, 13099.364169290067, 13413.516642313016, 13674.383833985708, 13886.781712506037, 14058.344704872468, 14207.298309963395, 14329.367370741475, 14417.252486797857, 14490.139575848076]}, "wireSegments": [1, 3, 5, 7, 9, 11, 13, 15, 401, 403, 405, 407, 409, 411, 413, 415, 801, 803, 805, 807, 809, 811, 813, 815], "apaChannels": [15, 13, 11, 9, 7, 5, 3, 1], "measuredBy": "", "stage": "DWA Development", "apaUuid": "continuity220-12", "layer": "V", "headboardNum": "1", "side": "A"}