{"scanEndMode": 0, "0": {"freq": [100.0, 150.0000005859375, 200.0, 250.0, 300.0000046875001, 350.0000054687501, 400.0, 450.0000070312501, 500.0, 550.0000064453126, 600.0000093750002, 650.0000228515634, 700.0000109375002, 750.0000292968762, 800.0, 850.0000298828136, 900.0000140625002, 950.0000148437501, 1000.0], "ampl": [2152.461381802677, 3229.4722738302776, 4246.196079705359, 5185.9688843062395, 6052.0334746372955, 6833.065822599413, 7540.0159976841, 8170.501129701618, 8730.568255147953, 9226.32290892212, 9664.917713750647, 10049.504231136672, 10378.834945711693, 10679.868646730507, 10936.985746880215, 11158.998585262912, 11350.392513616684, 11520.727376812176, 11662.434540178803]}, "1": {"freq": [100.0, 150.0000005859375, 200.0, 250.0, 300.0000046875001, 350.0000054687501, 400.0, 450.0000070312501, 500.0, 550.0000064453126, 600.0000093750002, 650.0000228515634, 700.0000109375002, 750.0000292968762, 800.0, 850.0000298828136, 900.0000140625002, 950.0000148437501, 1000.0], "ampl": [1715.195921990906, 2588.0169741597565, 3419.9880138181593, 4203.976671797867, 4939.46541478909, 5618.29745227416, 6243.121664865608, 6812.94213489731, 7329.067521054337, 7796.093074376444, 8215.623284117297, 8589.20242821677, 8917.586975078057, 9220.649256257182, 9486.001593693023, 9718.031199886023, 9919.425075829757, 10104.010853729267, 10260.825856516058]}, "2": {"freq": [100.0, 150.0000005859375, 200.0, 250.0, 300.0000046875001, 350.0000054687501, 400.0, 450.0000070312501, 500.0, 550.0000064453126, 600.0000093750002, 650.0000228515634, 700.0000109375002, 750.0000292968762, 800.0, 850.0000298828136, 900.0000140625002, 950.0000148437501, 1000.0], "ampl": [2191.4937177987254, 3286.612019329833, 4315.1858425967175, 5267.149896830022, 6139.350889748726, 6926.791667997086, 7635.685811322455, 8264.681744607913, 8824.196008558818, 9316.06784383541, 9750.572877480245, 10128.206509814792, 10452.834452024987, 10749.310517931997, 11000.429131387458, 11219.275056323075, 11403.007982381216, 11570.811835215827, 11706.613332864701]}, "3": {"freq": [100.0, 150.0000005859375, 200.0, 250.0, 300.0000046875001, 350.0000054687501, 400.0, 450.0000070312501, 500.0, 550.0000064453126, 600.0000093750002, 650.0000228515634, 700.0000109375002, 750.0000292968762, 800.0, 850.0000298828136, 900.0000140625002, 950.0000148437501, 1000.0], "ampl": [1621.6987740670454, 2450.075461996776, 3240.9609885976547, 3986.81469353938, 4687.808536490778, 5334.888797560582, 5932.829177331594, 6479.803401401933, 6975.108409744671, 7424.341774890315, 7827.980033662465, 8188.9989845317505, 8505.472444371606, 8799.115598457964, 9055.19196452459, 9282.900077527716, 9479.214122514803, 9658.912181516595, 9811.341398498475]}, "4": {"freq": [100.0, 150.0000005859375, 200.0, 250.0, 300.0000046875001, 350.0000054687501, 400.0, 450.0000070312501, 500.0, 550.0000064453126, 600.0000093750002, 650.0000228515634, 700.0000109375002, 750.0000292968762, 800.0, 850.0000298828136, 900.0000140625002, 950.0000148437501, 1000.0], "ampl": [2173.9634068900928, 3257.5087573265027, 4272.4819376545165, 5208.454776014599, 6062.676153172252, 6832.022819694007, 7520.351079715347, 8132.39135381763, 8671.792269572577, 9146.512671311631, 9563.67470437193, 9924.925524556407, 10234.279586139597, 10517.220684689948, 10755.242268626349, 10962.141694899698, 11134.447687244226, 11292.027674371899, 11419.934283238976]}, "5": {"freq": [100.0, 150.0000005859375, 200.0, 250.0, 300.0000046875001, 350.0000054687501, 400.0, 450.0000070312501, 500.0, 550.0000064453126, 600.0000093750002, 650.0000228515634, 700.0000109375002, 750.0000292968762, 800.0, 850.0000298828136, 900.0000140625002, 950.0000148437501, 1000.0], "ampl": [1727.837079051797, 2605.5872202189407, 3441.6383442542533, 4229.766985776066, 4967.161358123869, 5646.88950043871, 6274.075506823287, 6845.582549159843, 7361.34612022548, 7827.702006803529, 8249.591478364491, 8622.33465575738, 8950.689146796614, 9254.155580942164, 9516.443370788822, 9749.82344065182, 9949.55992531457, 10132.873250754606, 10289.425373048864]}, "6": {"freq": [100.0, 150.0000005859375, 200.0, 250.0, 300.0000046875001, 350.0000054687501, 400.0, 450.0000070312501, 500.0, 550.0000064453126, 600.0000093750002, 650.0000228515634, 700.0000109375002, 750.0000292968762, 800.0, 850.0000298828136, 900.0000140625002, 950.0000148437501, 1000.0], "ampl": [2132.1001412946493, 3192.533871030235, 4187.417617073603, 5103.395811311452, 5941.488849093504, 6689.45976021025, 7362.722639294907, 7958.582579297437, 8482.607540073468, 8944.332624323082, 9349.36334512859, 9701.115262212596, 10001.468191771, 10275.9502774412, 10506.210339066867, 10707.639081898165, 10875.136102527626, 11027.306175833803, 11151.280921871015]}, "7": {"freq": [100.0, 150.0000005859375, 200.0, 250.0, 300.0000046875001, 350.0000054687501, 400.0, 450.0000070312501, 500.0, 550.0000064453126, 600.0000093750002, 650.0000228515634, 700.0000109375002, 750.0000292968762, 800.0, 850.0000298828136, 900.0000140625002, 950.0000148437501, 1000.0], "ampl": [1666.5237017712238, 2512.356139517651, 3318.009371274228, 4072.887437220779, 4781.984919859542, 5430.651446043442, 6025.828068851332, 6565.742054138782, 7051.380967619943, 7490.297412945909, 7883.761402084261, 8232.137374645297, 8535.555576861005, 8816.180727500618, 9060.082906187252, 9274.138725663379, 9456.951515462359, 9626.372484537695, 9767.033681444615]}, "wireSegments": [17, 19, 21, 23, 25, 27, 29, 31], "apaChannels": [31, 29, 27, 25, 23, 21, 19, 17], "measuredBy": "", "stage": "DWA Development", "apaUuid": "continuity47-12", "layer": "X", "headboardNum": "1", "side": "A"}