{"scanEndMode": 0, "0": {"freq": [20.0, 68.00000004249999, 116.00000061625, 164.00000102500002, 212.0000017225, 260.00000121875, 308.00000413875006, 356.00000178, 404.00000404, 452.00000113000004, 500.0, 548.0000054800001, 596.0000018625001, 644.0000128800003, 692.0000309237514, 740.0000127187502, 788.0000398925021, 836.0000428450022, 884.0000005525001, 932.0000393187518, 980.0000367500014, 1028.000071638755], "ampl": [76.12270590219958, 407.8958831040027, 788.50836597994, 1163.4582261152775, 1525.3982039080008, 1869.374758621422, 2190.7108602399603, 2486.949049012184, 2759.434721013661, 3008.6068390459195, 3233.002307823325, 3439.4748759029862, 3623.338334511131, 3790.1019884010625, 3940.0130001497328, 4068.909382663918, 4188.899052679825, 4293.016793786593, 4385.351196585515, 4470.587720615454, 4541.915641046108, 4604.120173505327]}, "1": {"freq": [20.0, 68.00000004249999, 116.00000061625, 164.00000102500002, 212.0000017225, 260.00000121875, 308.00000413875006, 356.00000178, 404.00000404, 452.00000113000004, 500.0, 548.0000054800001, 596.0000018625001, 644.0000128800003, 692.0000309237514, 740.0000127187502, 788.0000398925021, 836.0000428450022, 884.0000005525001, 932.0000393187518, 980.0000367500014, 1028.000071638755], "ampl": [75.3999352585607, 414.29076057127077, 799.5772823059921, 1178.7119369198174, 1546.258405248305, 1891.9653921771014, 2217.8218681205412, 2517.633299293456, 2792.9612915384896, 3045.8105671109406, 3273.0310371722967, 3482.381905447732, 3667.130061823136, 3833.815790099543, 3987.4280500998348, 4117.436686763324, 4239.284599664137, 4344.151046199299, 4437.612474035256, 4524.805004074856, 4595.426408231478, 4657.880027546997]}, "2": {"freq": [20.0, 68.00000004249999, 116.00000061625, 164.00000102500002, 212.0000017225, 260.00000121875, 308.00000413875006, 356.00000178, 404.00000404, 452.00000113000004, 500.0, 548.0000054800001, 596.0000018625001, 644.0000128800003, 692.0000309237514, 740.0000127187502, 788.0000398925021, 836.0000428450022, 884.0000005525001, 932.0000393187518, 980.0000367500014, 1028.000071638755], "ampl": [80.03410097875151, 436.74950967287083, 846.7005915504284, 1251.4418534652048, 1641.6943365427135, 2009.0030295337313, 2354.887775901226, 2675.42071398188, 2965.7536436263877, 3233.057775947536, 3473.8763327954857, 3693.4936391106376, 3889.912647012895, 4065.635856438486, 4228.401970919118, 4364.950550221523, 4491.063531240487, 4602.330900580103, 4701.37517356512, 4790.898791417466, 4865.486161897368, 4931.340131961743]}, "3": {"freq": [20.0, 68.00000004249999, 116.00000061625, 164.00000102500002, 212.0000017225, 260.00000121875, 308.00000413875006, 356.00000178, 404.00000404, 452.00000113000004, 500.0, 548.0000054800001, 596.0000018625001, 644.0000128800003, 692.0000309237514, 740.0000127187502, 788.0000398925021, 836.0000428450022, 884.0000005525001, 932.0000393187518, 980.0000367500014, 1028.000071638755], "ampl": [75.63004765466329, 413.1375022302871, 798.6918592141444, 1180.1150093481942, 1546.1549352400066, 1892.175754203227, 2216.2158062011367, 2515.0028135641837, 2789.475154730334, 3040.569229175503, 3266.7161623230304, 3471.9520357398383, 3655.9464231882457, 3821.015746658329, 3972.085118505041, 4100.910690695691, 4217.716169266182, 4321.778459879714, 4413.499553556163, 4496.571919783259, 4567.520263615386, 4628.264091689745]}, "4": {"freq": [20.0, 68.00000004249999, 116.00000061625, 164.00000102500002, 212.0000017225, 260.00000121875, 308.00000413875006, 356.00000178, 404.00000404, 452.00000113000004, 500.0, 548.0000054800001, 596.0000018625001, 644.0000128800003, 692.0000309237514, 740.0000127187502, 788.0000398925021, 836.0000428450022, 884.0000005525001, 932.0000393187518, 980.0000367500014, 1028.000071638755], "ampl": [93.34881881186371, 493.9004592816299, 952.5012785859776, 1407.2520906692068, 1839.0075479521736, 2243.6710405156023, 2620.1987611250456, 2964.861276093121, 3277.3520326845223, 3561.5006509007753, 3815.2513678746977, 4044.2089884979086, 4247.884990587734, 4429.983938625011, 4591.786539707969, 4730.761660076325, 4856.639244161115, 4966.187682721328, 5062.47671323999, 5147.22184909838, 5221.410964866466, 5285.351060130132]}, "5": {"freq": [20.0, 68.00000004249999, 116.00000061625, 164.00000102500002, 212.0000017225, 260.00000121875, 308.00000413875006, 356.00000178, 404.00000404, 452.00000113000004, 500.0, 548.0000054800001, 596.0000018625001, 644.0000128800003, 692.0000309237514, 740.0000127187502, 788.0000398925021, 836.0000428450022, 884.0000005525001, 932.0000393187518, 980.0000367500014, 1028.000071638755], "ampl": [54.8333154506307, 268.076645805612, 513.3196047114652, 755.9032879480559, 988.8206319470237, 1210.2971631750086, 1416.9078767553558, 1608.6789058131992, 1784.0672185878943, 1944.932907545585, 2090.05930215482, 2222.461093010284, 2341.6543483154946, 2448.424722039441, 2544.261672118904, 2629.39933223698, 2703.5277562442757, 2770.708925886948, 2830.453544423065, 2881.1329207511444, 2927.8916502904613, 2964.360407070946]}, "6": {"freq": [20.0, 68.00000004249999, 116.00000061625, 164.00000102500002, 212.0000017225, 260.00000121875, 308.00000413875006, 356.00000178, 404.00000404, 452.00000113000004, 500.0, 548.0000054800001, 596.0000018625001, 644.0000128800003, 692.0000309237514, 740.0000127187502, 788.0000398925021, 836.0000428450022, 884.0000005525001, 932.0000393187518, 980.0000367500014, 1028.000071638755], "ampl": [78.75239326323478, 389.8657025659822, 753.608309235782, 1112.6980358501319, 1454.0999676899928, 1775.9280777944834, 2073.120318668501, 2346.4684534356766, 2594.444659956555, 2818.524770236253, 3018.8322853352975, 3198.04714169598, 3359.546532389493, 3502.788779745948, 3629.182376390003, 3739.599492037421, 3836.9029516242467, 3923.077876199027, 3998.786028097888, 4064.1754441563385, 4122.5959535007605, 4172.260515346984]}, "7": {"freq": [20.0, 68.00000004249999, 116.00000061625, 164.00000102500002, 212.0000017225, 260.00000121875, 308.00000413875006, 356.00000178, 404.00000404, 452.00000113000004, 500.0, 548.0000054800001, 596.0000018625001, 644.0000128800003, 692.0000309237514, 740.0000127187502, 788.0000398925021, 836.0000428450022, 884.0000005525001, 932.0000393187518, 980.0000367500014, 1028.000071638755], "ampl": [66.63269250494055, 334.253905471186, 633.8047116710329, 930.2057723716513, 1209.5716346566342, 1471.4706772429793, 1714.0535063780478, 1935.9654750027162, 2138.067494151477, 2321.190837788894, 2484.244481448264, 2627.8255590326157, 2759.719007051512, 2875.3597066111925, 2977.9937868801453, 3067.2374072246957, 3145.24848499459, 3216.275180406442, 3277.4932124802494, 3330.1284582720486, 3377.706370677378, 3417.7960921956715]}, "wireSegments": [81, 83, 85, 87, 89, 91, 93, 95], "apaChannels": [81, 83, 85, 87, 89, 91, 93, 95], "measuredBy": "Chris Stanford", "stage": "Installation (Top)", "apaUuid": "43cd3950-268d-11ec-b6f5-a70e70a44436", "layer": "X", "headboardNum": "2", "side": "B"}