{"scanEndMode": 0, "0": {"freq": [100.0, 150.0000005859375, 200.0, 250.0, 300.0000046875001, 350.0000054687501, 400.0, 450.0000070312501, 500.0, 550.0000064453126, 600.0000093750002, 650.0000228515634, 700.0000109375002, 750.0000292968762, 800.0, 850.0000298828136, 900.0000140625002, 950.0000148437501, 1000.0], "ampl": [5228.06761458027, 7583.961303161713, 9562.842733209316, 11177.962397858084, 12482.602520313887, 13513.570940397509, 14339.458532621185, 14983.339855109889, 15494.62225505709, 15906.440890012396, 16236.158472223164, 16498.145591073015, 16709.26756274645, 16874.70791084162, 17002.486070447132, 17102.479684100406, 17182.246374450227, 17235.300676948587, 17279.04105972829]}, "1": {"freq": [100.0, 150.0000005859375, 200.0, 250.0, 300.0000046875001, 350.0000054687501, 400.0, 450.0000070312501, 500.0, 550.0000064453126, 600.0000093750002, 650.0000228515634, 700.0000109375002, 750.0000292968762, 800.0, 850.0000298828136, 900.0000140625002, 950.0000148437501, 1000.0], "ampl": [4953.998831926036, 7208.059511731988, 9119.822391339605, 10691.35416346802, 11971.931893436296, 12989.637560638092, 13809.982370732321, 14451.539752125085, 14963.713784431284, 15378.943306452664, 15710.659624989541, 15977.86619225408, 16192.146356316041, 16356.130828369565, 16491.01256875487, 16594.252543740473, 16674.454064662117, 16732.998153461253, 16777.990899390632]}, "2": {"freq": [100.0, 150.0000005859375, 200.0, 250.0, 300.0000046875001, 350.0000054687501, 400.0, 450.0000070312501, 500.0, 550.0000064453126, 600.0000093750002, 650.0000228515634, 700.0000109375002, 750.0000292968762, 800.0, 850.0000298828136, 900.0000140625002, 950.0000148437501, 1000.0], "ampl": [5207.800013784749, 7553.793433329915, 9525.852006933786, 11134.438736325295, 12431.733801647455, 13457.554886921189, 14280.098846134068, 14918.10305683724, 15423.753863366093, 15834.134138232717, 16162.438431970988, 16421.9239266696, 16635.14474722371, 16792.734908053026, 16922.5879454329, 17021.4656382957, 17099.63298934389, 17152.70317615694, 17194.229604739336]}, "3": {"freq": [100.0, 150.0000005859375, 200.0, 250.0, 300.0000046875001, 350.0000054687501, 400.0, 450.0000070312501, 500.0, 550.0000064453126, 600.0000093750002, 650.0000228515634, 700.0000109375002, 750.0000292968762, 800.0, 850.0000298828136, 900.0000140625002, 950.0000148437501, 1000.0], "ampl": [4995.670364592755, 7270.78421982008, 9197.758952454107, 10783.637486956894, 12072.453034820288, 13096.02598444743, 13918.396650846591, 14565.251790551187, 15080.754580610655, 15495.861472546112, 15830.184055876092, 16097.478920045412, 16312.320532734017, 16479.144557479165, 16610.704055408896, 16715.798408519746, 16794.976498655662, 16852.38372461877, 16898.396741088058]}, "4": {"freq": [100.0, 150.0000005859375, 200.0, 250.0, 300.0000046875001, 350.0000054687501, 400.0, 450.0000070312501, 500.0, 550.0000064453126, 600.0000093750002, 650.0000228515634, 700.0000109375002, 750.0000292968762, 800.0, 850.0000298828136, 900.0000140625002, 950.0000148437501, 1000.0], "ampl": [5199.013957353489, 7534.267057370544, 9491.591569939972, 11086.25293388955, 12368.59816416593, 13378.84500873247, 14187.443055932637, 14815.659105387782, 15316.07633452966, 15716.903133444715, 16036.173844900883, 16291.635575378517, 16497.596280925056, 16651.458530976288, 16778.55227560225, 16874.423407062677, 16947.187412008374, 17001.832937861163, 17040.347721172704]}, "5": {"freq": [100.0, 150.0000005859375, 200.0, 250.0, 300.0000046875001, 350.0000054687501, 400.0, 450.0000070312501, 500.0, 550.0000064453126, 600.0000093750002, 650.0000228515634, 700.0000109375002, 750.0000292968762, 800.0, 850.0000298828136, 900.0000140625002, 950.0000148437501, 1000.0], "ampl": [4934.229788043999, 7176.259061024927, 9076.279839858356, 10637.493761432863, 11906.54053099099, 12914.366737177625, 13725.32941379293, 14358.321980187733, 14865.988517588714, 15273.905413013626, 15601.688834783661, 15863.2931463065, 16075.345753275657, 16236.345958038546, 16369.266970483384, 16469.847850727183, 16548.577660993036, 16603.994036857574, 16647.990777751438]}, "6": {"freq": [100.0, 150.0000005859375, 200.0, 250.0, 300.0000046875001, 350.0000054687501, 400.0, 450.0000070312501, 500.0, 550.0000064453126, 600.0000093750002, 650.0000228515634, 700.0000109375002, 750.0000292968762, 800.0, 850.0000298828136, 900.0000140625002, 950.0000148437501, 1000.0], "ampl": [5197.7503148015585, 7522.019427464944, 9464.716868866137, 11042.620418243121, 12308.057583477846, 13302.923590321292, 14095.060071940741, 14709.83169228598, 15197.502379622814, 15588.786229328258, 15901.021632838863, 16148.506645253026, 16347.940050534495, 16499.6962009768, 16620.052758835533, 16712.93284418861, 16783.915208314236, 16834.363468390973, 16872.115180691915]}, "7": {"freq": [100.0, 150.0000005859375, 200.0, 250.0, 300.0000046875001, 350.0000054687501, 400.0, 450.0000070312501, 500.0, 550.0000064453126, 600.0000093750002, 650.0000228515634, 700.0000109375002, 750.0000292968762, 800.0, 850.0000298828136, 900.0000140625002, 950.0000148437501, 1000.0], "ampl": [4927.297107938431, 7159.6504620747, 9040.457254157562, 10580.092668812487, 11825.896070492776, 12811.161014240675, 13602.070243934908, 14217.644285471928, 14708.806011932938, 15101.617658951382, 15416.992241617656, 15669.970749014457, 15873.946851593444, 16025.928222850947, 16151.338079496327, 16247.039601894217, 16323.846382926382, 16376.193985103402, 16416.65852648916]}, "wireSegments": [2, 4, 6, 8, 10, 12, 14, 16, 402, 404, 406, 408, 410, 412, 414, 416, 802, 804, 806, 808, 810, 812, 814, 816], "apaChannels": [16, 14, 12, 10, 8, 6, 4, 2], "measuredBy": "", "stage": "DWA Development", "apaUuid": "continuity150-12", "layer": "V", "headboardNum": "1", "side": "A"}