{"scanEndMode": 0, "0": {"freq": [100.0, 150.0000005859375, 200.0, 250.0, 300.0000046875001, 350.0000054687501, 400.0, 450.0000070312501, 500.0, 550.0000064453126, 600.0000093750002, 650.0000228515634, 700.0000109375002, 750.0000292968762, 800.0, 850.0000298828136, 900.0000140625002, 950.0000148437501, 1000.0], "ampl": [2083.805076776509, 3131.517821492336, 4116.067092755057, 5035.499325956804, 5881.23097865184, 6655.378679477098, 7354.752492648923, 7983.028452184575, 8542.433546207489, 9038.314633548427, 9480.885084815474, 9870.87490182607, 10209.50015802148, 10511.238980546272, 10773.05739735538, 10999.315759761143, 11201.958326286962, 11380.779148543732, 11523.985122903601]}, "1": {"freq": [100.0, 150.0000005859375, 200.0, 250.0, 300.0000046875001, 350.0000054687501, 400.0, 450.0000070312501, 500.0, 550.0000064453126, 600.0000093750002, 650.0000228515634, 700.0000109375002, 750.0000292968762, 800.0, 850.0000298828136, 900.0000140625002, 950.0000148437501, 1000.0], "ampl": [1690.4362352050273, 2552.3961608826066, 3373.78720741068, 4149.030169691016, 4877.057349095624, 5556.307274999405, 6180.28015260507, 6753.1245562425165, 7271.853614768422, 7741.920897048732, 8168.495526008091, 8550.283702891877, 8888.099436942017, 9194.05907543091, 9463.982092149328, 9701.330907795855, 9915.572190515368, 10107.47525740958, 10266.499753814654]}, "2": {"freq": [100.0, 150.0000005859375, 200.0, 250.0, 300.0000046875001, 350.0000054687501, 400.0, 450.0000070312501, 500.0, 550.0000064453126, 600.0000093750002, 650.0000228515634, 700.0000109375002, 750.0000292968762, 800.0, 850.0000298828136, 900.0000140625002, 950.0000148437501, 1000.0], "ampl": [2148.296951184051, 3225.739927640667, 4237.1830170236435, 5175.382761537122, 6038.605131498907, 6824.71859801504, 7529.773982908751, 8161.381635497729, 8723.07852679505, 9218.099093940367, 9657.377771299023, 10043.894212005693, 10377.805057335083, 10674.742964458634, 10931.441483650078, 11151.275177427102, 11348.372188721363, 11522.058471895245, 11660.377852318654]}, "3": {"freq": [100.0, 150.0000005859375, 200.0, 250.0, 300.0000046875001, 350.0000054687501, 400.0, 450.0000070312501, 500.0, 550.0000064453126, 600.0000093750002, 650.0000228515634, 700.0000109375002, 750.0000292968762, 800.0, 850.0000298828136, 900.0000140625002, 950.0000148437501, 1000.0], "ampl": [1639.9490957203607, 2478.6500644666435, 3276.8002832125057, 4034.005321792768, 4741.9050535086935, 5402.904136025638, 6011.922614506303, 6567.6785648376335, 7073.668657070286, 7531.449034953577, 7944.291371669225, 8317.995378408506, 8646.999023312443, 8945.000882418957, 9207.451386168428, 9438.551866987757, 9647.863805542103, 9834.626341066996, 9989.329383241291]}, "4": {"freq": [100.0, 150.0000005859375, 200.0, 250.0, 300.0000046875001, 350.0000054687501, 400.0, 450.0000070312501, 500.0, 550.0000064453126, 600.0000093750002, 650.0000228515634, 700.0000109375002, 750.0000292968762, 800.0, 850.0000298828136, 900.0000140625002, 950.0000148437501, 1000.0], "ampl": [2178.675168663558, 3265.81484790201, 4281.217992738541, 5214.982019495274, 6068.241254710374, 6839.466881248458, 7526.810207430175, 8135.484382274854, 8672.575942687705, 9142.10758338005, 9554.71797753472, 9917.76729692911, 10228.137286498004, 10500.43307249851, 10734.710238336256, 10936.131537116944, 11113.246030152013, 11271.859174253188, 11390.239780538866]}, "5": {"freq": [100.0, 150.0000005859375, 200.0, 250.0, 300.0000046875001, 350.0000054687501, 400.0, 450.0000070312501, 500.0, 550.0000064453126, 600.0000093750002, 650.0000228515634, 700.0000109375002, 750.0000292968762, 800.0, 850.0000298828136, 900.0000140625002, 950.0000148437501, 1000.0], "ampl": [1742.5497941598956, 2627.2563690671386, 3464.237296561669, 4255.503700837081, 4992.267318751854, 5675.987272622258, 6302.157204159354, 6871.158147044008, 7386.904290479202, 7849.303702685995, 8265.931244908494, 8638.533461136349, 8967.147513330736, 9258.403794167607, 9517.860782212943, 9744.434829686856, 9948.825631889664, 10128.61095346343, 10278.525148870236]}, "6": {"freq": [100.0, 150.0000005859375, 200.0, 250.0, 300.0000046875001, 350.0000054687501, 400.0, 450.0000070312501, 500.0, 550.0000064453126, 600.0000093750002, 650.0000228515634, 700.0000109375002, 750.0000292968762, 800.0, 850.0000298828136, 900.0000140625002, 950.0000148437501, 1000.0], "ampl": [2214.2527475830993, 3314.5296836548546, 4337.06316554728, 5275.755583985478, 6127.30914311742, 6889.786213424412, 7569.3494259384115, 8168.149752036363, 8692.750285107302, 9150.255966362156, 9551.645375308384, 9901.574527416502, 10198.954576839622, 10459.965806994453, 10684.401267364916, 10875.485571090447, 11044.859345643, 11191.513985809966, 11305.3467212106]}, "7": {"freq": [100.0, 150.0000005859375, 200.0, 250.0, 300.0000046875001, 350.0000054687501, 400.0, 450.0000070312501, 500.0, 550.0000064453126, 600.0000093750002, 650.0000228515634, 700.0000109375002, 750.0000292968762, 800.0, 850.0000298828136, 900.0000140625002, 950.0000148437501, 1000.0], "ampl": [878.8958130726531, 1332.5876327723377, 1771.4823758709558, 2193.219138504768, 2597.5438276509394, 2983.3981341158765, 3347.8540388898896, 3690.4357701798344, 4009.971298533322, 4308.204435666352, 4584.550518904719, 4838.715071808905, 5071.300450409624, 5284.256327364683, 5478.208163854103, 5653.319825273363, 5814.746474490693, 5960.654131071188, 6088.169610133515]}, "wireSegments": [1, 3, 5, 7, 9, 11, 13, 15], "apaChannels": [15, 13, 11, 9, 7, 5, 3, 1], "measuredBy": "", "stage": "DWA Development", "apaUuid": "continuity47-12", "layer": "X", "headboardNum": "1", "side": "A"}