{"scanEndMode": 0, "0": {"freq": [100.0, 150.0000005859375, 200.0, 250.0, 300.0000046875001, 350.0000054687501, 400.0, 450.0000070312501, 500.0, 550.0000064453126, 600.0000093750002, 650.0000228515634, 700.0000109375002, 750.0000292968762, 800.0, 850.0000298828136, 900.0000140625002, 950.0000148437501, 1000.0], "ampl": [2176.2967152586443, 3266.1963957239022, 4287.8194517343245, 5232.815540672973, 6099.368868840636, 6884.8437709881655, 7590.474123421132, 8219.12793698597, 8775.054964324316, 9264.675958575077, 9694.793473548076, 10074.82759236119, 10403.068163898699, 10692.556152652533, 10940.69039480114, 11159.973016200469, 11355.136120779216, 11510.335654375007, 11652.082621496384]}, "1": {"freq": [100.0, 150.0000005859375, 200.0, 250.0, 300.0000046875001, 350.0000054687501, 400.0, 450.0000070312501, 500.0, 550.0000064453126, 600.0000093750002, 650.0000228515634, 700.0000109375002, 750.0000292968762, 800.0, 850.0000298828136, 900.0000140625002, 950.0000148437501, 1000.0], "ampl": [1705.1314345644741, 2573.963782504707, 3399.659628382871, 4180.755685496386, 4911.557500583512, 5588.969868236538, 6211.140385317363, 6778.884772567284, 7294.041378874981, 7757.513684744178, 8171.224573236304, 8546.231936144864, 8875.299787013379, 9174.361868983358, 9434.134066116238, 9667.665101331351, 9877.626307032788, 10050.395822294708, 10208.594457632438]}, "2": {"freq": [100.0, 150.0000005859375, 200.0, 250.0, 300.0000046875001, 350.0000054687501, 400.0, 450.0000070312501, 500.0, 550.0000064453126, 600.0000093750002, 650.0000228515634, 700.0000109375002, 750.0000292968762, 800.0, 850.0000298828136, 900.0000140625002, 950.0000148437501, 1000.0], "ampl": [2141.799175880071, 3214.506309544752, 4218.895082721629, 5153.4845159810275, 6008.0659245469915, 6786.300072172868, 7487.083372116834, 8109.021400373682, 8664.420372663932, 9150.179916667661, 9577.230902079891, 9957.792215759813, 10283.912624927514, 10575.858149493843, 10825.015652380158, 11043.507302392052, 11238.165009890256, 11393.35665663322, 11535.269169971487]}, "3": {"freq": [100.0, 150.0000005859375, 200.0, 250.0, 300.0000046875001, 350.0000054687501, 400.0, 450.0000070312501, 500.0, 550.0000064453126, 600.0000093750002, 650.0000228515634, 700.0000109375002, 750.0000292968762, 800.0, 850.0000298828136, 900.0000140625002, 950.0000148437501, 1000.0], "ampl": [1725.925075148089, 2608.0012906612933, 3444.1974695899503, 4234.757935082813, 4977.914638719901, 5667.210685955606, 6300.104569122377, 6877.5753607350125, 7404.209950019567, 7875.808372639787, 8300.57477472617, 8682.18904579235, 9021.375765113298, 9326.138305659058, 9590.815323612882, 9832.470566434915, 10049.768559290727, 10225.951497206232, 10389.626128877135]}, "4": {"freq": [100.0, 150.0000005859375, 200.0, 250.0, 300.0000046875001, 350.0000054687501, 400.0, 450.0000070312501, 500.0, 550.0000064453126, 600.0000093750002, 650.0000228515634, 700.0000109375002, 750.0000292968762, 800.0, 850.0000298828136, 900.0000140625002, 950.0000148437501, 1000.0], "ampl": [2135.728067190023, 3203.91293757604, 4202.578362207578, 5127.145065244218, 5972.665536851098, 6740.353381796925, 7429.467444298262, 8039.90248950059, 8581.496353018845, 9056.730432686132, 9471.296443764268, 9841.112959618918, 10156.188938550102, 10438.597888810456, 10677.516738844362, 10889.022052298547, 11078.811804452516, 11225.317727844851, 11359.22285844013]}, "5": {"freq": [100.0, 150.0000005859375, 200.0, 250.0, 300.0000046875001, 350.0000054687501, 400.0, 450.0000070312501, 500.0, 550.0000064453126, 600.0000093750002, 650.0000228515634, 700.0000109375002, 750.0000292968762, 800.0, 850.0000298828136, 900.0000140625002, 950.0000148437501, 1000.0], "ampl": [1682.557250446811, 2541.151545191371, 3355.6424201076893, 4124.590348200222, 4843.24060412806, 5508.846572162551, 6121.419381652681, 6679.983747984266, 7185.16318900853, 7639.313484449749, 8045.970551902782, 8412.838452589574, 8735.704887134252, 9026.390141907666, 9283.33266231419, 9508.62334754794, 9713.274340015947, 9882.331311957794, 10038.086287830307]}, "6": {"freq": [100.0, 150.0000005859375, 200.0, 250.0, 300.0000046875001, 350.0000054687501, 400.0, 450.0000070312501, 500.0, 550.0000064453126, 600.0000093750002, 650.0000228515634, 700.0000109375002, 750.0000292968762, 800.0, 850.0000298828136, 900.0000140625002, 950.0000148437501, 1000.0], "ampl": [2155.117369462307, 3228.940208288299, 4230.095235324853, 5152.766694120337, 5992.713020212546, 6749.4566831842985, 7424.306864974137, 8019.462454519562, 8546.424923153156, 9005.167987788725, 9404.23198001765, 9755.389921697344, 10057.931739851194, 10323.719060487496, 10549.56175556423, 10747.6036218425, 10923.941693315624, 11061.972039532608, 11186.528588003366]}, "7": {"freq": [100.0, 150.0000005859375, 200.0, 250.0, 300.0000046875001, 350.0000054687501, 400.0, 450.0000070312501, 500.0, 550.0000064453126, 600.0000093750002, 650.0000228515634, 700.0000109375002, 750.0000292968762, 800.0, 850.0000298828136, 900.0000140625002, 950.0000148437501, 1000.0], "ampl": [1686.485204332749, 2544.813533570455, 3356.88870008566, 4119.948381728078, 4833.189451850369, 5489.416029147314, 6089.223905472313, 6631.8789951736, 7122.448427616721, 7559.2616954802, 7948.328645235114, 8298.783842120143, 8605.592423888525, 8880.476686612488, 9118.143233428138, 9331.707316233294, 9524.453562922143, 9679.59927919897, 9822.077308108055]}, "wireSegments": [2, 4, 6, 8, 10, 12, 14, 16, 402, 404, 406, 408, 410, 412, 414, 416, 802, 804, 806, 808, 810, 812, 814, 816], "apaChannels": [2, 4, 6, 8, 10, 12, 14, 16], "measuredBy": "", "stage": "DWA Development", "apaUuid": "continuity47-12", "layer": "U", "headboardNum": "10", "side": "A"}