{"scanEndMode": 0, "0": {"freq": [], "ampl": []}, "1": {"freq": [], "ampl": []}, "2": {"freq": [], "ampl": []}, "3": {"freq": [], "ampl": []}, "4": {"freq": [100.0, 150.0000005859375, 200.0, 250.0, 300.0000046875001, 350.0000054687501, 400.0, 450.0000070312501, 500.0, 550.0000064453126, 600.0000093750002, 650.0000228515634, 700.0000109375002, 750.0000292968762, 800.0, 850.0000298828136, 900.0000140625002, 950.0000148437501, 1000.0], "ampl": [3005.9516852257225, 4496.205261140417, 5866.992821231696, 7105.110651865156, 8196.192262248122, 9145.20800714583, 9961.902085125415, 10660.441913502627, 11250.694594188022, 11750.716731947694, 12170.178071647226, 12528.272986756812, 12824.198061684825, 13073.284630013675, 13282.093638098157, 13457.670576178383, 13604.813563176529, 13727.65484003515, 13821.256845493876]}, "5": {"freq": [100.0, 150.0000005859375, 200.0, 250.0, 300.0000046875001, 350.0000054687501, 400.0, 450.0000070312501, 500.0, 550.0000064453126, 600.0000093750002, 650.0000228515634, 700.0000109375002, 750.0000292968762, 800.0, 850.0000298828136, 900.0000140625002, 950.0000148437501, 1000.0], "ampl": [5024.565552722554, 7283.45478891562, 9174.468569389506, 10722.217489406088, 11962.45697602905, 12953.743839302715, 13743.315291798206, 14379.06591118888, 14883.899849661993, 15292.400422232566, 15614.794048065052, 15883.639513015358, 16091.773089126196, 16259.462408779813, 16394.610702277463, 16502.335941899095, 16584.629719922126, 16649.371278116876, 16690.173763633324]}, "6": {"freq": [100.0, 150.0000005859375, 200.0, 250.0, 300.0000046875001, 350.0000054687501, 400.0, 450.0000070312501, 500.0, 550.0000064453126, 600.0000093750002, 650.0000228515634, 700.0000109375002, 750.0000292968762, 800.0, 850.0000298828136, 900.0000140625002, 950.0000148437501, 1000.0], "ampl": [5185.430256540298, 7516.72615341573, 9465.228395902184, 11058.57701709237, 12328.803760400415, 13338.581661514774, 14137.445045579376, 14773.293159325294, 15271.135291976692, 15672.170240013047, 15988.814830308445, 16245.057226872792, 16442.78666183603, 16601.855821753838, 16727.536778253452, 16823.846623937123, 16899.985100636208, 16957.04343881038, 16990.873255985094]}, "7": {"freq": [100.0, 150.0000005859375, 200.0, 250.0, 300.0000046875001, 350.0000054687501, 400.0, 450.0000070312501, 500.0, 550.0000064453126, 600.0000093750002, 650.0000228515634, 700.0000109375002, 750.0000292968762, 800.0, 850.0000298828136, 900.0000140625002, 950.0000148437501, 1000.0], "ampl": [4980.104400113948, 7237.345562623218, 9138.120116592643, 10701.35626595538, 11954.223914296006, 12956.130969936616, 13750.460656755187, 14384.658588248953, 14885.185737314214, 15286.705893550885, 15603.416081783738, 15863.025397151183, 16063.780355442765, 16224.25556301841, 16351.584896115291, 16450.34199651037, 16527.61984863626, 16586.637332274495, 16622.97555468624]}, "wireSegments": [34, 36, 38, 40, 434, 436, 438, 440, 834, 836, 838, 840], "apaChannels": [null, null, null, null, 40, 38, 36, 34], "measuredBy": "", "stage": "DWA Development", "apaUuid": "continuity150-12", "layer": "V", "headboardNum": "1", "side": "A"}