{"scanEndMode": 0, "0": {"freq": [20.0, 68.00000004249999, 116.00000061625, 164.00000102500002, 212.0000017225, 260.00000121875, 308.00000413875006, 356.00000178, 404.00000404, 452.00000113000004, 500.0, 548.0000054800001, 596.0000018625001, 644.0000128800003, 692.0000309237514, 740.0000127187502, 788.0000398925021, 836.0000428450022, 884.0000005525001, 932.0000393187518, 980.0000367500014, 1028.000071638755], "ampl": [90.57006071256824, 516.3741664576122, 1005.9532105634274, 1487.8847260887208, 1955.2244035267418, 2400.1957863765724, 2818.5308949120267, 3209.6673134943076, 3571.31217317818, 3907.0922212335663, 4211.599447368714, 4491.478071909464, 4745.883640316025, 4978.968006399919, 5182.915051076197, 5368.10401036097, 5536.319918844095, 5686.282967746628, 5819.896149463922, 5940.4493702607415, 6051.1912704825, 6142.537736876947]}, "1": {"freq": [20.0, 68.00000004249999, 116.00000061625, 164.00000102500002, 212.0000017225, 260.00000121875, 308.00000413875006, 356.00000178, 404.00000404, 452.00000113000004, 500.0, 548.0000054800001, 596.0000018625001, 644.0000128800003, 692.0000309237514, 740.0000127187502, 788.0000398925021, 836.0000428450022, 884.0000005525001, 932.0000393187518, 980.0000367500014, 1028.000071638755], "ampl": [79.30173217593159, 446.79002977208654, 869.9745487842014, 1291.2373216960477, 1701.9870935952167, 2096.2638415419874, 2470.0187240886357, 2819.874776612114, 3148.734067986932, 3456.5524699509697, 3736.2532745770977, 3995.975576932096, 4235.3646817576155, 4456.823626626065, 4651.074397124452, 4830.4569639469155, 4993.201579582473, 5138.723348043718, 5271.253705733266, 5390.8234470185835, 5500.980503930742, 5592.770821560672]}, "2": {"freq": [20.0, 68.00000004249999, 116.00000061625, 164.00000102500002, 212.0000017225, 260.00000121875, 308.00000413875006, 356.00000178, 404.00000404, 452.00000113000004, 500.0, 548.0000054800001, 596.0000018625001, 644.0000128800003, 692.0000309237514, 740.0000127187502, 788.0000398925021, 836.0000428450022, 884.0000005525001, 932.0000393187518, 980.0000367500014, 1028.000071638755], "ampl": [99.05336706598752, 565.1017410759362, 1098.3016143120267, 1624.5843759058855, 2133.303239774133, 2616.7231114390042, 3071.5275189633617, 3493.2713672257396, 3882.7905257481416, 4244.397357910271, 4568.697812614787, 4867.573816346936, 5137.4952245699415, 5384.993340573469, 5600.232472764828, 5795.029196180055, 5971.75268113452, 6126.980867253975, 6268.744625137291, 6392.800638119294, 6508.02784877633, 6602.883271588938]}, "3": {"freq": [20.0, 68.00000004249999, 116.00000061625, 164.00000102500002, 212.0000017225, 260.00000121875, 308.00000413875006, 356.00000178, 404.00000404, 452.00000113000004, 500.0, 548.0000054800001, 596.0000018625001, 644.0000128800003, 692.0000309237514, 740.0000127187502, 788.0000398925021, 836.0000428450022, 884.0000005525001, 932.0000393187518, 980.0000367500014, 1028.000071638755], "ampl": [13.385914986242593, 80.3288473757497, 156.73937704657237, 235.59598187268506, 312.65680595450823, 388.4249051856712, 464.2679658743204, 538.274423430144, 610.397492251703, 681.3284153539036, 748.8803855225145, 815.8475943247022, 880.3975709256486, 943.4287725942137, 1000.5040203753576, 1056.6118834780577, 1112.3318842406043, 1162.060371995747, 1212.9121980777, 1259.5636693325725, 1303.066476732501, 1345.3726930907635]}, "4": {"freq": [20.0, 68.00000004249999, 116.00000061625, 164.00000102500002, 212.0000017225, 260.00000121875, 308.00000413875006, 356.00000178, 404.00000404, 452.00000113000004, 500.0, 548.0000054800001, 596.0000018625001, 644.0000128800003, 692.0000309237514, 740.0000127187502, 788.0000398925021, 836.0000428450022, 884.0000005525001, 932.0000393187518, 980.0000367500014, 1028.000071638755], "ampl": [117.12521547448186, 655.2547465374379, 1268.3309989971308, 1872.9261605707745, 2452.378197175382, 2998.135115174036, 3505.963464383114, 3973.38729964443, 4401.719382424694, 4793.109920743103, 5139.896640952742, 5456.979182612821, 5737.650280057515, 5993.616699581194, 6215.182896322037, 6411.242287155951, 6587.978019120416, 6741.628466905214, 6879.414261900684, 7000.368414601308, 7112.14619715207, 7200.18011298321]}, "5": {"freq": [20.0, 68.00000004249999, 116.00000061625, 164.00000102500002, 212.0000017225, 260.00000121875, 308.00000413875006, 356.00000178, 404.00000404, 452.00000113000004, 500.0, 548.0000054800001, 596.0000018625001, 644.0000128800003, 692.0000309237514, 740.0000127187502, 788.0000398925021, 836.0000428450022, 884.0000005525001, 932.0000393187518, 980.0000367500014, 1028.000071638755], "ampl": [17.730507674142935, 111.32851654938, 217.16484312605627, 321.6575077561259, 426.04417733344883, 527.2475688195439, 627.6906120864998, 725.2337462919772, 819.8322267984054, 910.3347130662398, 999.2662891333431, 1084.3995019751962, 1166.390600518018, 1244.3722303486068, 1318.5994817519013, 1390.0252706347567, 1455.6450020780626, 1518.905940688964, 1578.5076933430605, 1634.6673695539944, 1690.001221125657, 1737.7670184006902]}, "6": {"freq": [20.0, 68.00000004249999, 116.00000061625, 164.00000102500002, 212.0000017225, 260.00000121875, 308.00000413875006, 356.00000178, 404.00000404, 452.00000113000004, 500.0, 548.0000054800001, 596.0000018625001, 644.0000128800003, 692.0000309237514, 740.0000127187502, 788.0000398925021, 836.0000428450022, 884.0000005525001, 932.0000393187518, 980.0000367500014, 1028.000071638755], "ampl": [117.80923675645332, 653.3260615607791, 1263.2764796251142, 1860.9548503058581, 2434.1872308635748, 2970.106321986337, 3469.299872869096, 3922.2643088416594, 4337.076233668976, 4714.705222180798, 5046.181764328169, 5346.399261158936, 5614.754131340479, 5854.970673831021, 6060.191566240668, 6244.034000982423, 6408.724304384414, 6548.565555632196, 6676.889734822089, 6786.840208627407, 6887.089555399068, 6967.220117528631]}, "7": {"freq": [20.0, 68.00000004249999, 116.00000061625, 164.00000102500002, 212.0000017225, 260.00000121875, 308.00000413875006, 356.00000178, 404.00000404, 452.00000113000004, 500.0, 548.0000054800001, 596.0000018625001, 644.0000128800003, 692.0000309237514, 740.0000127187502, 788.0000398925021, 836.0000428450022, 884.0000005525001, 932.0000393187518, 980.0000367500014, 1028.000071638755], "ampl": [23.62883652874619, 62.26434181718983, 100.09155554467888, 138.27946950927583, 174.83239899351832, 211.10704626320302, 246.37864115015253, 282.61966214097646, 317.725488534933, 351.7569220822305, 383.8080241893985, 415.25892178364484, 444.92804732912305, 473.53748469940444, 500.6853877297659, 526.627013345379, 551.6006947239938, 574.4067692658705, 595.3746878717338, 617.0676814797284, 634.7075198134473, 652.2950953228777]}, "wireSegments": [83, 85, 87, 89, 91, 93, 95, 97], "apaChannels": [83, 85, 87, 89, 91, 93, 95, 97], "measuredBy": "Chris Stanford", "stage": "Installation (Top)", "apaUuid": "43cd3950-268d-11ec-b6f5-a70e70a44436", "layer": "G", "headboardNum": "2", "side": "B"}