{"scanEndMode": 0, "0": {"freq": [100.0, 150.0000005859375, 200.0, 250.0, 300.0000046875001, 350.0000054687501, 400.0, 450.0000070312501, 500.0, 550.0000064453126, 600.0000093750002, 650.0000228515634, 700.0000109375002, 750.0000292968762, 800.0, 850.0000298828136, 900.0000140625002, 950.0000148437501, 1000.0], "ampl": [3732.274945432951, 5518.246452538949, 7111.881162539925, 8501.333770099633, 9698.467821827906, 10717.961676076533, 11570.453323998392, 12286.537251587528, 12885.725799611706, 13383.661461725558, 13801.820696676139, 14142.267174359991, 14434.042065342535, 14672.02359950478, 14858.93360306874, 15033.479435677084, 15167.026655791427, 15273.017895442668, 15362.769367638179]}, "1": {"freq": [100.0, 150.0000005859375, 200.0, 250.0, 300.0000046875001, 350.0000054687501, 400.0, 450.0000070312501, 500.0, 550.0000064453126, 600.0000093750002, 650.0000228515634, 700.0000109375002, 750.0000292968762, 800.0, 850.0000298828136, 900.0000140625002, 950.0000148437501, 1000.0], "ampl": [3444.7573921555013, 5107.128210335439, 6603.944380028066, 7923.296067021115, 9062.805150376735, 10043.96611825988, 10869.514198371551, 11568.093288298462, 12152.415489501804, 12641.87345677481, 13054.362909820693, 13391.070875569645, 13682.030013438734, 13918.357706879522, 14107.814515292863, 14281.335553625913, 14415.9198527079, 14524.218298728756, 14616.092717028207]}, "2": {"freq": [100.0, 150.0000005859375, 200.0, 250.0, 300.0000046875001, 350.0000054687501, 400.0, 450.0000070312501, 500.0, 550.0000064453126, 600.0000093750002, 650.0000228515634, 700.0000109375002, 750.0000292968762, 800.0, 850.0000298828136, 900.0000140625002, 950.0000148437501, 1000.0], "ampl": [3748.1842798329, 5541.571546625881, 7140.805388050193, 8535.245181038454, 9732.036798440911, 10750.56263361322, 11600.697237152775, 12315.766755793346, 12911.34834804456, 13406.683879588387, 13821.134748012986, 14160.58104030699, 14449.542575119027, 14683.895994682998, 14869.799894680758, 15043.041164143127, 15175.777455762069, 15279.555370079015, 15366.746504816407]}, "3": {"freq": [100.0, 150.0000005859375, 200.0, 250.0, 300.0000046875001, 350.0000054687501, 400.0, 450.0000070312501, 500.0, 550.0000064453126, 600.0000093750002, 650.0000228515634, 700.0000109375002, 750.0000292968762, 800.0, 850.0000298828136, 900.0000140625002, 950.0000148437501, 1000.0], "ampl": [3498.7412748727093, 5185.6871338279725, 6703.79549142435, 8037.4316035859165, 9189.887332622102, 10178.23469352789, 11007.430223012501, 11710.211710967797, 12296.322706257044, 12785.438171575213, 13196.456848287531, 13532.132743360291, 13824.033853732646, 14055.961216402731, 14246.142302375245, 14419.794040419842, 14552.057848387385, 14660.221640736185, 14750.44337942049]}, "4": {"freq": [100.0, 150.0000005859375, 200.0, 250.0, 300.0000046875001, 350.0000054687501, 400.0, 450.0000070312501, 500.0, 550.0000064453126, 600.0000093750002, 650.0000228515634, 700.0000109375002, 750.0000292968762, 800.0, 850.0000298828136, 900.0000140625002, 950.0000148437501, 1000.0], "ampl": [3701.940352171121, 5468.30886736073, 7040.57131554455, 8411.591619109848, 9587.805975103498, 10586.300190454078, 11420.658100517141, 12119.634568577592, 12702.222445713158, 13185.709037569875, 13589.936758721653, 13919.238016895548, 14201.711994033156, 14431.638251830836, 14609.39615980624, 14778.384338063508, 14906.180795304299, 15008.280799264925, 15093.222153686322]}, "5": {"freq": [100.0, 150.0000005859375, 200.0, 250.0, 300.0000046875001, 350.0000054687501, 400.0, 450.0000070312501, 500.0, 550.0000064453126, 600.0000093750002, 650.0000228515634, 700.0000109375002, 750.0000292968762, 800.0, 850.0000298828136, 900.0000140625002, 950.0000148437501, 1000.0], "ampl": [3492.241694045731, 5172.3662743588675, 6681.900895949683, 8006.743634761654, 9149.96076942456, 10129.07104230453, 10950.458681329568, 11643.09913676644, 12222.686028256754, 12707.177655093383, 13112.277300837093, 13444.482976137875, 13730.201238169966, 13961.944080173436, 14145.293367179669, 14315.681593481375, 14446.58698868756, 14551.148157840564, 14640.504697967277]}, "6": {"freq": [100.0, 150.0000005859375, 200.0, 250.0, 300.0000046875001, 350.0000054687501, 400.0, 450.0000070312501, 500.0, 550.0000064453126, 600.0000093750002, 650.0000228515634, 700.0000109375002, 750.0000292968762, 800.0, 850.0000298828136, 900.0000140625002, 950.0000148437501, 1000.0], "ampl": [3662.0055336716055, 5410.404634904081, 6966.317709103463, 8321.712092901593, 9484.644428773088, 10473.590522004308, 11296.427167901877, 11987.675723384295, 12563.953758639376, 13042.59202443758, 13442.396440607114, 13767.84088035292, 14047.961358066035, 14273.286416382445, 14450.519761853931, 14617.905811434019, 14743.253454333071, 14842.770302909852, 14928.987058155137]}, "7": {"freq": [100.0, 150.0000005859375, 200.0, 250.0, 300.0000046875001, 350.0000054687501, 400.0, 450.0000070312501, 500.0, 550.0000064453126, 600.0000093750002, 650.0000228515634, 700.0000109375002, 750.0000292968762, 800.0, 850.0000298828136, 900.0000140625002, 950.0000148437501, 1000.0], "ampl": [3467.695143660614, 5137.58187644537, 6633.390979861727, 7945.512286847633, 9077.409536478233, 10047.046150131519, 10857.717321245354, 11541.701448831822, 12112.976086076857, 12589.998489014684, 12992.260499988412, 13316.942282007016, 13598.829784175648, 13824.424460811893, 14007.525093517368, 14173.491238632716, 14303.4019130192, 14405.824056409723, 14493.003533625446]}, "wireSegments": [18, 20, 22, 24, 26, 28, 30, 32], "apaChannels": [32, 30, 28, 26, 24, 22, 20, 18], "measuredBy": "", "stage": "DWA Development", "apaUuid": "continuity100-12", "layer": "X", "headboardNum": "1", "side": "A"}