{"scanEndMode": 0, "0": {"freq": [100.0, 150.0000005859375, 200.0, 250.0, 300.0000046875001, 350.0000054687501, 400.0, 450.0000070312501, 500.0, 550.0000064453126, 600.0000093750002, 650.0000228515634, 700.0000109375002, 750.0000292968762, 800.0, 850.0000298828136, 900.0000140625002, 950.0000148437501, 1000.0], "ampl": [7135.280215011306, 10051.82410666081, 12296.849989801765, 13974.275306519121, 15215.56673081537, 16131.397660134826, 16811.97334877385, 17325.385887277047, 17724.355301525182, 18006.596960397193, 18227.4914211024, 18401.722012025428, 18528.699179303156, 18623.830581458962, 18699.793644016434, 18738.815756128774, 18768.834608075413, 18789.07451666539, 18773.8491543896]}, "1": {"freq": [100.0, 150.0000005859375, 200.0, 250.0, 300.0000046875001, 350.0000054687501, 400.0, 450.0000070312501, 500.0, 550.0000064453126, 600.0000093750002, 650.0000228515634, 700.0000109375002, 750.0000292968762, 800.0, 850.0000298828136, 900.0000140625002, 950.0000148437501, 1000.0], "ampl": [6957.52914957934, 9829.41354647996, 12052.45440828723, 13723.71890732095, 14966.127712453752, 15887.731807915388, 16572.68202335525, 17092.98474576032, 17495.787037925988, 17782.85489804552, 18007.60087392308, 18185.54322624733, 18316.34563068341, 18413.034273439178, 18491.42046765055, 18533.980252026045, 18566.026489643427, 18588.406769908077, 18572.413629378927]}, "2": {"freq": [100.0, 150.0000005859375, 200.0, 250.0, 300.0000046875001, 350.0000054687501, 400.0, 450.0000070312501, 500.0, 550.0000064453126, 600.0000093750002, 650.0000228515634, 700.0000109375002, 750.0000292968762, 800.0, 850.0000298828136, 900.0000140625002, 950.0000148437501, 1000.0], "ampl": [7075.647578004978, 9980.675223086444, 12222.750883863737, 13903.907197317532, 15150.950748552174, 16073.436192170493, 16758.50035307717, 17278.644769853006, 17681.081777590734, 17967.505735237304, 18192.371454561875, 18370.68296970781, 18499.083178502457, 18594.707760049023, 18672.718366772384, 18715.106949362034, 18745.369200260844, 18765.660016791233, 18752.949443989837]}, "3": {"freq": [100.0, 150.0000005859375, 200.0, 250.0, 300.0000046875001, 350.0000054687501, 400.0, 450.0000070312501, 500.0, 550.0000064453126, 600.0000093750002, 650.0000228515634, 700.0000109375002, 750.0000292968762, 800.0, 850.0000298828136, 900.0000140625002, 950.0000148437501, 1000.0], "ampl": [6876.6277392420625, 9729.23631190633, 11947.698817032959, 13620.568396062845, 14870.140790474521, 15796.692168109937, 16487.633683629378, 17014.34899136992, 17425.340127832584, 17716.345501281972, 17943.57378551672, 18124.59055810354, 18256.649659260424, 18357.228199696954, 18437.17234671846, 18480.460334715128, 18514.1126415259, 18537.976528875035, 18523.08358633578]}, "4": {"freq": [100.0, 150.0000005859375, 200.0, 250.0, 300.0000046875001, 350.0000054687501, 400.0, 450.0000070312501, 500.0, 550.0000064453126, 600.0000093750002, 650.0000228515634, 700.0000109375002, 750.0000292968762, 800.0, 850.0000298828136, 900.0000140625002, 950.0000148437501, 1000.0], "ampl": [7186.875593647797, 10098.14279347692, 12324.646073907154, 13973.806691354752, 15185.58836343656, 16076.581764609851, 16735.336620290385, 17230.82679931965, 17613.91855569253, 17884.92382845832, 18096.893140416807, 18261.910133213536, 18381.68840029497, 18471.356186131936, 18540.195638883233, 18578.521288083077, 18602.608389904577, 18623.437590412854, 18605.761544613066]}, "5": {"freq": [100.0, 150.0000005859375, 200.0, 250.0, 300.0000046875001, 350.0000054687501, 400.0, 450.0000070312501, 500.0, 550.0000064453126, 600.0000093750002, 650.0000228515634, 700.0000109375002, 750.0000292968762, 800.0, 850.0000298828136, 900.0000140625002, 950.0000148437501, 1000.0], "ampl": [6875.145822219444, 9695.768321105083, 11868.536771348688, 13492.524414465555, 14696.48362183159, 15585.737022840049, 16245.918360343458, 16745.39900981949, 17131.568958083382, 17405.599578767913, 17620.218598580024, 17789.866672190725, 17914.218776312096, 18004.91349255965, 18078.695814615487, 18117.394326495447, 18147.226026282773, 18167.494886674085, 18152.02147092209]}, "6": {"freq": [100.0, 150.0000005859375, 200.0, 250.0, 300.0000046875001, 350.0000054687501, 400.0, 450.0000070312501, 500.0, 550.0000064453126, 600.0000093750002, 650.0000228515634, 700.0000109375002, 750.0000292968762, 800.0, 850.0000298828136, 900.0000140625002, 950.0000148437501, 1000.0], "ampl": [7125.399285488803, 9977.15659133323, 12140.157266453607, 13740.344993869707, 14917.068842329369, 15785.435343265432, 16431.038549378085, 16921.144539966837, 17304.484858490683, 17577.201502161985, 17790.667943732406, 17960.780240896936, 18085.80322594898, 18178.519553811355, 18254.37931580339, 18294.51695080471, 18325.74042751198, 18347.82724092566, 18333.653717885427]}, "7": {"freq": [100.0, 150.0000005859375, 200.0, 250.0, 300.0000046875001, 350.0000054687501, 400.0, 450.0000070312501, 500.0, 550.0000064453126, 600.0000093750002, 650.0000228515634, 700.0000109375002, 750.0000292968762, 800.0, 850.0000298828136, 900.0000140625002, 950.0000148437501, 1000.0], "ampl": [3865.9519065632076, 5726.680145179102, 7377.512124260049, 8801.995937959864, 10002.59521461548, 10996.931666829256, 11811.300412261835, 12482.750964695613, 13036.700239790469, 13473.908037636691, 13835.340242452314, 14134.01713200771, 14375.650666553865, 14571.35670925133, 14737.680424762182, 14861.412306686432, 14965.23456243664, 15051.89137152707, 15098.063697673639]}, "wireSegments": [2, 4, 6, 8, 10, 12, 14, 16], "apaChannels": [16, 14, 12, 10, 8, 6, 4, 2], "measuredBy": "", "stage": "DWA Development", "apaUuid": "continuity220-12", "layer": "X", "headboardNum": "1", "side": "A"}