{"scanEndMode": 0, "0": {"freq": [20.0, 68.00000004249999, 116.00000061625, 164.00000102500002, 212.0000017225, 260.00000121875, 308.00000413875006, 356.00000178, 404.00000404, 452.00000113000004, 500.0, 548.0000054800001, 596.0000018625001, 644.0000128800003, 692.0000309237514, 740.0000127187502, 788.0000398925021, 836.0000428450022, 884.0000005525001, 932.0000393187518, 980.0000367500014, 1028.000071638755], "ampl": [85.5658909658376, 478.27364389876635, 932.7845510736888, 1384.404150139528, 1821.3064498265533, 2238.4503181740256, 2628.5904888052064, 2993.7860224322617, 3331.5981576745344, 3642.418110520976, 3927.878744741452, 4192.693998050696, 4422.763529983736, 4635.39871471325, 4828.730459008982, 4997.950156592304, 5153.515247603564, 5291.114588131115, 5413.518702465975, 5522.886262328321, 5618.189133159739, 5707.81349938779]}, "1": {"freq": [20.0, 68.00000004249999, 116.00000061625, 164.00000102500002, 212.0000017225, 260.00000121875, 308.00000413875006, 356.00000178, 404.00000404, 452.00000113000004, 500.0, 548.0000054800001, 596.0000018625001, 644.0000128800003, 692.0000309237514, 740.0000127187502, 788.0000398925021, 836.0000428450022, 884.0000005525001, 932.0000393187518, 980.0000367500014, 1028.000071638755], "ampl": [82.58876407478172, 471.33928097664875, 918.2898010783532, 1363.528747454195, 1791.6433028671647, 2199.3615233745095, 2581.9143834128836, 2938.50601017462, 3268.2458480896353, 3569.747121650262, 3846.762473595157, 4104.933584064006, 4327.625840983006, 4533.51514952183, 4718.617143445932, 4884.596900882887, 5033.018344618642, 5166.2103509467825, 5283.445821281914, 5389.255707189988, 5480.711626144598, 5564.907407746653]}, "2": {"freq": [20.0, 68.00000004249999, 116.00000061625, 164.00000102500002, 212.0000017225, 260.00000121875, 308.00000413875006, 356.00000178, 404.00000404, 452.00000113000004, 500.0, 548.0000054800001, 596.0000018625001, 644.0000128800003, 692.0000309237514, 740.0000127187502, 788.0000398925021, 836.0000428450022, 884.0000005525001, 932.0000393187518, 980.0000367500014, 1028.000071638755], "ampl": [93.6368168360746, 521.2236919316372, 1017.9395301330567, 1514.2657162387443, 1993.9164972776503, 2450.4651255602653, 2879.548021514605, 3283.3212642345843, 3654.123860840048, 3996.675371633941, 4311.596307447832, 4603.838651975902, 4857.7718729760745, 5095.0673767033595, 5307.237455226213, 5496.165035845099, 5668.086994013168, 5821.510089967412, 5956.448648462514, 6078.9584972998255, 6187.182894283985, 6283.334091765577]}, "3": {"freq": [20.0, 68.00000004249999, 116.00000061625, 164.00000102500002, 212.0000017225, 260.00000121875, 308.00000413875006, 356.00000178, 404.00000404, 452.00000113000004, 500.0, 548.0000054800001, 596.0000018625001, 644.0000128800003, 692.0000309237514, 740.0000127187502, 788.0000398925021, 836.0000428450022, 884.0000005525001, 932.0000393187518, 980.0000367500014, 1028.000071638755], "ampl": [99.02545636536784, 572.5247361944404, 1115.510357249029, 1654.0745314690103, 2171.5177131572295, 2662.2897036558998, 3121.435546190828, 3547.6841774566087, 3939.247339751228, 4298.895249033305, 4626.145844477198, 4930.146558161324, 5188.595972603581, 5429.070121825451, 5644.993943654436, 5836.317906221195, 6007.159926944678, 6160.095498556592, 6295.549070474124, 6416.697131942355, 6521.184241630224, 6615.6251361988625]}, "4": {"freq": [20.0, 68.00000004249999, 116.00000061625, 164.00000102500002, 212.0000017225, 260.00000121875, 308.00000413875006, 356.00000178, 404.00000404, 452.00000113000004, 500.0, 548.0000054800001, 596.0000018625001, 644.0000128800003, 692.0000309237514, 740.0000127187502, 788.0000398925021, 836.0000428450022, 884.0000005525001, 932.0000393187518, 980.0000367500014, 1028.000071638755], "ampl": [100.5892872425394, 549.2469578673366, 1070.598550457694, 1587.1070138727314, 2084.8612165419177, 2556.2451772436143, 2995.3169670297275, 3403.3278324281814, 3778.112386275226, 4120.694661621908, 4433.339559798875, 4722.086019767703, 4967.719026479797, 5196.643757317183, 5401.165049483882, 5582.526736685183, 5744.335515503394, 5889.076848093834, 6015.730309557785, 6127.364288302596, 6227.234335261271, 6315.806141593079]}, "5": {"freq": [20.0, 68.00000004249999, 116.00000061625, 164.00000102500002, 212.0000017225, 260.00000121875, 308.00000413875006, 356.00000178, 404.00000404, 452.00000113000004, 500.0, 548.0000054800001, 596.0000018625001, 644.0000128800003, 692.0000309237514, 740.0000127187502, 788.0000398925021, 836.0000428450022, 884.0000005525001, 932.0000393187518, 980.0000367500014, 1028.000071638755], "ampl": [66.88858427939255, 365.72791057532265, 712.983183970133, 1056.6204107728709, 1394.8376941766544, 1714.2711263765427, 2016.4610760700054, 2301.1963829975803, 2561.45452985674, 2801.611172086984, 3026.323058045205, 3233.773693680091, 3413.9468841479934, 3580.12060520396, 3731.9174169427647, 3863.834594588469, 3986.0230948665785, 4095.144700617766, 4193.992089588472, 4279.8298385198, 4355.787198572479, 4425.375004805878]}, "6": {"freq": [20.0, 68.00000004249999, 116.00000061625, 164.00000102500002, 212.0000017225, 260.00000121875, 308.00000413875006, 356.00000178, 404.00000404, 452.00000113000004, 500.0, 548.0000054800001, 596.0000018625001, 644.0000128800003, 692.0000309237514, 740.0000127187502, 788.0000398925021, 836.0000428450022, 884.0000005525001, 932.0000393187518, 980.0000367500014, 1028.000071638755], "ampl": [72.67994908537415, 383.399331958907, 750.1847827868432, 1116.2317737785902, 1469.35135819051, 1805.8104488748536, 2121.5066145199235, 2417.738544397982, 2689.4906789223037, 2938.852550503202, 3167.526261306355, 3379.2732719556866, 3562.723667028039, 3732.671998335531, 3884.280169371736, 4021.200047193963, 4144.275537241258, 4253.805030289476, 4350.287396345401, 4436.701818428071, 4513.494992154631, 4581.309398797443]}, "7": {"freq": [20.0, 68.00000004249999, 116.00000061625, 164.00000102500002, 212.0000017225, 260.00000121875, 308.00000413875006, 356.00000178, 404.00000404, 452.00000113000004, 500.0, 548.0000054800001, 596.0000018625001, 644.0000128800003, 692.0000309237514, 740.0000127187502, 788.0000398925021, 836.0000428450022, 884.0000005525001, 932.0000393187518, 980.0000367500014, 1028.000071638755], "ampl": [83.36539534809616, 473.45269414666353, 926.1566458979212, 1373.146071501125, 1801.7973532901215, 2207.1768982585713, 2584.19172042511, 2931.5907489120486, 3250.071438451959, 3539.009907580228, 3799.6665903079224, 4041.8172589550772, 4246.99011746001, 4436.6633740766465, 4605.297691303942, 4754.813805994256, 4886.964634688078, 5004.730481837782, 5108.582675477379, 5200.657207076691, 5280.424445381379, 5351.107276483237]}, "wireSegments": [305, 307, 309, 311, 313, 315, 317, 319], "apaChannels": [305, 307, 309, 311, 313, 315, 317, 319], "measuredBy": "Chris Stanford", "stage": "Installation (Top)", "apaUuid": "43cd3950-268d-11ec-b6f5-a70e70a44436", "layer": "X", "headboardNum": "7", "side": "A"}