{"scanEndMode": 0, "0": {"freq": [20.0, 68.00000004249999, 116.00000061625, 164.00000102500002, 212.0000017225, 260.00000121875, 308.00000413875006, 356.00000178, 404.00000404, 452.00000113000004, 500.0, 548.0000054800001, 596.0000018625001, 644.0000128800003, 692.0000309237514, 740.0000127187502, 788.0000398925021, 836.0000428450022, 884.0000005525001, 932.0000393187518, 980.0000367500014, 1028.000071638755], "ampl": [83.72975728720346, 475.2876996374451, 920.3620808686303, 1360.210128835348, 1781.9561979400296, 2181.464994327144, 2552.171270435465, 2894.7737767185517, 3209.2910235193735, 3494.3440385394315, 3755.188393317498, 3990.2916179920226, 4202.012915932633, 4388.559665461696, 4556.28868697594, 4705.289955440883, 4840.623923264827, 4958.137586714667, 5061.91264533081, 5153.530604348337, 5233.242302875907, 5305.298280993534]}, "1": {"freq": [20.0, 68.00000004249999, 116.00000061625, 164.00000102500002, 212.0000017225, 260.00000121875, 308.00000413875006, 356.00000178, 404.00000404, 452.00000113000004, 500.0, 548.0000054800001, 596.0000018625001, 644.0000128800003, 692.0000309237514, 740.0000127187502, 788.0000398925021, 836.0000428450022, 884.0000005525001, 932.0000393187518, 980.0000367500014, 1028.000071638755], "ampl": [90.3323607252637, 484.18337780674375, 938.4972244038469, 1390.4332960028094, 1823.1910432642412, 2234.115349521395, 2617.9499713246864, 2973.799597474927, 3299.9235677668235, 3597.5024742370038, 3869.809126500937, 4117.6787369704825, 4340.38538630547, 4537.977700588808, 4715.522708491486, 4872.764887024216, 5016.135482786733, 5142.186185527106, 5253.10945198712, 5353.331335011269, 5438.1095431256535, 5516.457428275239]}, "2": {"freq": [20.0, 68.00000004249999, 116.00000061625, 164.00000102500002, 212.0000017225, 260.00000121875, 308.00000413875006, 356.00000178, 404.00000404, 452.00000113000004, 500.0, 548.0000054800001, 596.0000018625001, 644.0000128800003, 692.0000309237514, 740.0000127187502, 788.0000398925021, 836.0000428450022, 884.0000005525001, 932.0000393187518, 980.0000367500014, 1028.000071638755], "ampl": [84.1773079766934, 482.48130895151394, 937.2292867139528, 1383.8937877295707, 1813.657189611885, 2220.7055438537427, 2597.650130407509, 2945.9983148691135, 3263.5693067125508, 3552.3011971068404, 3815.2438202045582, 4051.747158017805, 4265.392123875862, 4452.380015643753, 4619.285787875848, 4769.70920533577, 4904.5964869314785, 5022.006646946607, 5125.400086522015, 5217.21026473173, 5295.241595247376, 5368.198442711472]}, "3": {"freq": [20.0, 68.00000004249999, 116.00000061625, 164.00000102500002, 212.0000017225, 260.00000121875, 308.00000413875006, 356.00000178, 404.00000404, 452.00000113000004, 500.0, 548.0000054800001, 596.0000018625001, 644.0000128800003, 692.0000309237514, 740.0000127187502, 788.0000398925021, 836.0000428450022, 884.0000005525001, 932.0000393187518, 980.0000367500014, 1028.000071638755], "ampl": [64.73651069142831, 360.46729966465784, 699.8031741843848, 1036.8303891496166, 1361.192223116691, 1672.1376916431564, 1960.4803896969033, 2227.960928158983, 2477.0965935247127, 2702.420916719989, 2907.043523893549, 3094.0489084583896, 3264.735611844746, 3416.758148959941, 3554.2499323029797, 3672.7980075519617, 3781.893441892915, 3877.712794324327, 3963.5379562483786, 4040.2119029301884, 4105.546268945237, 4168.738942247002]}, "4": {"freq": [20.0, 68.00000004249999, 116.00000061625, 164.00000102500002, 212.0000017225, 260.00000121875, 308.00000413875006, 356.00000178, 404.00000404, 452.00000113000004, 500.0, 548.0000054800001, 596.0000018625001, 644.0000128800003, 692.0000309237514, 740.0000127187502, 788.0000398925021, 836.0000428450022, 884.0000005525001, 932.0000393187518, 980.0000367500014, 1028.000071638755], "ampl": [94.09716280590449, 534.6366337719872, 1034.52893281088, 1529.2282450015311, 1997.9048674847875, 2441.9630581071215, 2852.679606227052, 3230.676896680851, 3571.234734698039, 3880.1905186623235, 4162.794130149267, 4415.406023861022, 4641.299858437373, 4837.0422188612, 5012.22927684538, 5168.525868606644, 5307.891931217043, 5430.83044453835, 5536.324862101282, 5630.637502139082, 5709.368703806559, 5782.106664977086]}, "5": {"freq": [20.0, 68.00000004249999, 116.00000061625, 164.00000102500002, 212.0000017225, 260.00000121875, 308.00000413875006, 356.00000178, 404.00000404, 452.00000113000004, 500.0, 548.0000054800001, 596.0000018625001, 644.0000128800003, 692.0000309237514, 740.0000127187502, 788.0000398925021, 836.0000428450022, 884.0000005525001, 932.0000393187518, 980.0000367500014, 1028.000071638755], "ampl": [73.74239903655014, 395.03991412353975, 766.9983937396131, 1135.4245843205954, 1491.2212560522612, 1829.1932231109724, 2146.8235691882264, 2441.9276190222045, 2713.76582711673, 2963.676003080806, 3194.231856351669, 3402.2557540680345, 3591.2315046807244, 3757.779040555254, 3910.396606565778, 4046.498143484744, 4171.074435079262, 4280.8840023035755, 4377.542944615906, 4463.734828118322, 4536.659784112712, 4605.325241461816]}, "6": {"freq": [20.0, 68.00000004249999, 116.00000061625, 164.00000102500002, 212.0000017225, 260.00000121875, 308.00000413875006, 356.00000178, 404.00000404, 452.00000113000004, 500.0, 548.0000054800001, 596.0000018625001, 644.0000128800003, 692.0000309237514, 740.0000127187502, 788.0000398925021, 836.0000428450022, 884.0000005525001, 932.0000393187518, 980.0000367500014, 1028.000071638755], "ampl": [87.0183150720946, 490.2442787898679, 949.8793813525733, 1399.9372599245944, 1829.4274057461814, 2235.5283902107444, 2610.601770665819, 2954.4108849800064, 3263.7524474081033, 3545.5732497678405, 3800.6198246018425, 4028.373534615999, 4232.553491868255, 4408.016762725998, 4566.317363499094, 4706.724812621979, 4832.373451280602, 4942.968315437254, 5036.347745572592, 5120.07911148319, 5191.51256162427, 5254.6885018910025]}, "7": {"freq": [20.0, 68.00000004249999, 116.00000061625, 164.00000102500002, 212.0000017225, 260.00000121875, 308.00000413875006, 356.00000178, 404.00000404, 452.00000113000004, 500.0, 548.0000054800001, 596.0000018625001, 644.0000128800003, 692.0000309237514, 740.0000127187502, 788.0000398925021, 836.0000428450022, 884.0000005525001, 932.0000393187518, 980.0000367500014, 1028.000071638755], "ampl": [73.82350707445255, 399.54627986554283, 780.3949032309487, 1154.2383667427066, 1513.6990047190677, 1856.5480407088, 2175.6442813209223, 2473.723741364837, 2743.2537013456094, 2990.5728431298694, 3217.400240351206, 3422.7356906563, 3607.431134731626, 3767.1039428183, 3912.8815724062238, 4044.209131738582, 4161.485831158742, 4267.350163061895, 4356.97851731495, 4438.723323740557, 4507.600093275041, 4569.587652916994]}, "wireSegments": [66, 68, 70, 72, 74, 76, 78, 80], "apaChannels": [66, 68, 70, 72, 74, 76, 78, 80], "measuredBy": "Chris Stanford", "stage": "Installation (Top)", "apaUuid": "43cd3950-268d-11ec-b6f5-a70e70a44436", "layer": "X", "headboardNum": "2", "side": "B"}