{"scanEndMode": 0, "0": {"freq": [20.0, 68.00000004249999, 116.00000061625, 164.00000102500002, 212.0000017225, 260.00000121875, 308.00000413875006, 356.00000178, 404.00000404, 452.00000113000004, 500.0, 548.0000054800001, 596.0000018625001, 644.0000128800003, 692.0000309237514, 740.0000127187502, 788.0000398925021, 836.0000428450022, 884.0000005525001, 932.0000393187518, 980.0000367500014, 1028.000071638755], "ampl": [76.39348869436152, 414.42405810864733, 802.9358301276006, 1188.6370960744573, 1560.7281799101263, 1913.8611111399664, 2246.8171549724957, 2557.088503623847, 2841.4046365771483, 3105.2146123790676, 3344.303413139689, 3564.1284288425836, 3763.31515807759, 3939.364052886719, 4101.649705836382, 4243.629269716548, 4375.844537994622, 4488.31146746033, 4591.047750921265, 4686.942838427946, 4766.618691172957, 4835.459785091685]}, "1": {"freq": [20.0, 68.00000004249999, 116.00000061625, 164.00000102500002, 212.0000017225, 260.00000121875, 308.00000413875006, 356.00000178, 404.00000404, 452.00000113000004, 500.0, 548.0000054800001, 596.0000018625001, 644.0000128800003, 692.0000309237514, 740.0000127187502, 788.0000398925021, 836.0000428450022, 884.0000005525001, 932.0000393187518, 980.0000367500014, 1028.000071638755], "ampl": [109.17649604088194, 585.7773088678978, 1138.1777788914019, 1686.1239979767174, 2212.989847412919, 2716.03613659151, 3186.804748020443, 3627.2609925840443, 4032.5651098032545, 4406.908301072708, 4744.793375216055, 5054.779727890094, 5337.829698232757, 5587.612796532573, 5814.363631287346, 6016.875198496844, 6199.12938621951, 6359.444941365697, 6505.871687945268, 6636.560793666894, 6749.702761199866, 6848.305256842349]}, "2": {"freq": [20.0, 68.00000004249999, 116.00000061625, 164.00000102500002, 212.0000017225, 260.00000121875, 308.00000413875006, 356.00000178, 404.00000404, 452.00000113000004, 500.0, 548.0000054800001, 596.0000018625001, 644.0000128800003, 692.0000309237514, 740.0000127187502, 788.0000398925021, 836.0000428450022, 884.0000005525001, 932.0000393187518, 980.0000367500014, 1028.000071638755], "ampl": [98.82864333097704, 550.6435743104719, 1070.1566443099416, 1584.802037688444, 2081.2036636292632, 2553.110768932629, 2995.6999636775286, 3409.175056695003, 3787.9517623413344, 4138.64221706558, 4457.415304264334, 4746.673819513587, 5011.197071029581, 5243.625038133423, 5457.538880987336, 5647.973666851023, 5816.995284256139, 5968.275188563653, 6104.638837787305, 6227.006349109314, 6332.120356326586, 6423.931947089399]}, "3": {"freq": [20.0, 68.00000004249999, 116.00000061625, 164.00000102500002, 212.0000017225, 260.00000121875, 308.00000413875006, 356.00000178, 404.00000404, 452.00000113000004, 500.0, 548.0000054800001, 596.0000018625001, 644.0000128800003, 692.0000309237514, 740.0000127187502, 788.0000398925021, 836.0000428450022, 884.0000005525001, 932.0000393187518, 980.0000367500014, 1028.000071638755], "ampl": [99.80896105812757, 549.4574969944305, 1070.1263071187277, 1589.3259007241038, 2091.0990944921373, 2569.545929941144, 3018.5555179914354, 3439.499639292013, 3829.120750135678, 4188.499911700265, 4516.299984109458, 4816.621626561058, 5091.6891728395185, 5334.206581103883, 5558.390818726795, 5757.2625315472405, 5935.891245699669, 6097.191434970588, 6241.1289663382095, 6370.523562518948, 6483.00271061515, 6581.412279911911]}, "4": {"freq": [20.0, 68.00000004249999, 116.00000061625, 164.00000102500002, 212.0000017225, 260.00000121875, 308.00000413875006, 356.00000178, 404.00000404, 452.00000113000004, 500.0, 548.0000054800001, 596.0000018625001, 644.0000128800003, 692.0000309237514, 740.0000127187502, 788.0000398925021, 836.0000428450022, 884.0000005525001, 932.0000393187518, 980.0000367500014, 1028.000071638755], "ampl": [91.38407036159093, 517.3392723279229, 1003.6585557946313, 1487.5259973728646, 1953.7390279429555, 2397.2880620619667, 2814.9056569818595, 3203.6579871863405, 3563.7504911769606, 3895.407376550586, 4197.428099093023, 4474.494208317726, 4728.809805372268, 4949.885279894593, 5154.65631683246, 5337.81256711339, 5501.299510823815, 5647.775900471462, 5778.705222349058, 5897.176486044985, 5998.4585827222645, 6088.780090874825]}, "5": {"freq": [20.0, 68.00000004249999, 116.00000061625, 164.00000102500002, 212.0000017225, 260.00000121875, 308.00000413875006, 356.00000178, 404.00000404, 452.00000113000004, 500.0, 548.0000054800001, 596.0000018625001, 644.0000128800003, 692.0000309237514, 740.0000127187502, 788.0000398925021, 836.0000428450022, 884.0000005525001, 932.0000393187518, 980.0000367500014, 1028.000071638755], "ampl": [91.44046430664925, 493.7330737193359, 957.7114689273178, 1422.4883904146573, 1870.9519429182826, 2302.5556987179666, 2708.6349089674122, 3090.654204868123, 3448.3506603244805, 3780.1609352925807, 4084.3871577982563, 4365.531117761835, 4624.294712292706, 4853.719801250578, 5064.222233781266, 5254.710711703495, 5425.928675176099, 5582.291929804594, 5720.3368574692, 5847.643891529038, 5957.357699647011, 6052.351339373551]}, "6": {"freq": [20.0, 68.00000004249999, 116.00000061625, 164.00000102500002, 212.0000017225, 260.00000121875, 308.00000413875006, 356.00000178, 404.00000404, 452.00000113000004, 500.0, 548.0000054800001, 596.0000018625001, 644.0000128800003, 692.0000309237514, 740.0000127187502, 788.0000398925021, 836.0000428450022, 884.0000005525001, 932.0000393187518, 980.0000367500014, 1028.000071638755], "ampl": [88.72581550080871, 498.00073269157747, 969.9193741794128, 1436.7238393911296, 1885.4849460913588, 2313.4634374519537, 2714.8148244453437, 3085.887439320689, 3430.8542035774913, 3745.355766574824, 4032.503254884849, 4293.460859671768, 4534.110495487084, 4744.0298050407055, 4935.758420388993, 5106.006507876308, 5259.469590859592, 5396.309918374203, 5517.8883211573775, 5628.007252755842, 5719.904416300358, 5804.185231363793]}, "7": {"freq": [20.0, 68.00000004249999, 116.00000061625, 164.00000102500002, 212.0000017225, 260.00000121875, 308.00000413875006, 356.00000178, 404.00000404, 452.00000113000004, 500.0, 548.0000054800001, 596.0000018625001, 644.0000128800003, 692.0000309237514, 740.0000127187502, 788.0000398925021, 836.0000428450022, 884.0000005525001, 932.0000393187518, 980.0000367500014, 1028.000071638755], "ampl": [82.24450427158911, 455.8860505377247, 888.3428014574445, 1316.886414705897, 1733.980448447485, 2129.7870970720865, 2501.773451082415, 2850.9206555842934, 3174.2960675153586, 3471.521859696083, 3741.7029793921756, 3990.7084958720916, 4219.462150180412, 4421.334844012151, 4604.969309189438, 4771.157777674541, 4919.182015193016, 5052.567038296155, 5171.355469691183, 5279.088408169412, 5370.25255987288, 5453.730978416277]}, "wireSegments": [290, 292, 294, 296, 298, 300, 302, 304], "apaChannels": [290, 292, 294, 296, 298, 300, 302, 304], "measuredBy": "Chris Stanford", "stage": "Installation (Top)", "apaUuid": "43cd3950-268d-11ec-b6f5-a70e70a44436", "layer": "X", "headboardNum": "7", "side": "A"}