{"scanEndMode": 0, "0": {"freq": [], "ampl": []}, "1": {"freq": [], "ampl": []}, "2": {"freq": [], "ampl": []}, "3": {"freq": [], "ampl": []}, "4": {"freq": [100.0, 150.0000005859375, 200.0, 250.0, 300.0000046875001, 350.0000054687501, 400.0, 450.0000070312501, 500.0, 550.0000064453126, 600.0000093750002, 650.0000228515634, 700.0000109375002, 750.0000292968762, 800.0, 850.0000298828136, 900.0000140625002, 950.0000148437501, 1000.0], "ampl": [3824.7877386916725, 5638.8210373043685, 7248.277907722164, 8634.802806982763, 9824.035518760498, 10817.62119607852, 11650.79202931412, 12339.316249685487, 12908.63460573632, 13388.715077200352, 13771.251638441343, 14094.384874640326, 14353.994118080389, 14579.308015796982, 14756.10935923967, 14905.862637731032, 15025.134525238851, 15124.896719454573, 15197.994957914016]}, "5": {"freq": [100.0, 150.0000005859375, 200.0, 250.0, 300.0000046875001, 350.0000054687501, 400.0, 450.0000070312501, 500.0, 550.0000064453126, 600.0000093750002, 650.0000228515634, 700.0000109375002, 750.0000292968762, 800.0, 850.0000298828136, 900.0000140625002, 950.0000148437501, 1000.0], "ampl": [3393.4018766099357, 5037.30542042159, 6527.282598560957, 7840.900734535987, 8996.817440205561, 9982.881162861348, 10831.385633397857, 11547.027674596646, 12151.407370647808, 12666.955783441063, 13089.793801217016, 13449.923855198978, 13744.326618403395, 14000.67624262466, 14211.976920529656, 14389.727565033048, 14534.47233590657, 14658.630963975938, 14753.697079906138]}, "6": {"freq": [100.0, 150.0000005859375, 200.0, 250.0, 300.0000046875001, 350.0000054687501, 400.0, 450.0000070312501, 500.0, 550.0000064453126, 600.0000093750002, 650.0000228515634, 700.0000109375002, 750.0000292968762, 800.0, 850.0000298828136, 900.0000140625002, 950.0000148437501, 1000.0], "ampl": [3728.981889073284, 5501.93688917722, 7071.840043106198, 8425.8479384589, 9587.741422249137, 10557.204502095203, 11371.838553479532, 12046.627625378243, 12605.38479293809, 13074.759506513836, 13451.48498575713, 13766.794375256337, 14021.372311324185, 14243.643495822012, 14416.550244385744, 14565.110677158136, 14680.126073493107, 14779.132639195963, 14851.512247597337]}, "7": {"freq": [100.0, 150.0000005859375, 200.0, 250.0, 300.0000046875001, 350.0000054687501, 400.0, 450.0000070312501, 500.0, 550.0000064453126, 600.0000093750002, 650.0000228515634, 700.0000109375002, 750.0000292968762, 800.0, 850.0000298828136, 900.0000140625002, 950.0000148437501, 1000.0], "ampl": [3391.658038292154, 5032.1238183046535, 6511.443252143721, 7813.931589804209, 8952.214841001993, 9923.345910736982, 10753.75215724597, 11452.597590349757, 12042.000389050394, 12542.432450840435, 12952.99646799431, 13300.539325762864, 13582.25170293316, 13832.919409535656, 14031.097647627861, 14202.256385910212, 14338.622295310837, 14456.200243050145, 14545.806088277026]}, "wireSegments": [33, 35, 37, 39, 433, 435, 437, 439, 833, 835, 837, 839], "apaChannels": [null, null, null, null, 39, 37, 35, 33], "measuredBy": "", "stage": "DWA Development", "apaUuid": "continuity100-12", "layer": "V", "headboardNum": "1", "side": "A"}