{"scanEndMode": 0, "0": {"freq": [100.0, 150.0000005859375, 200.0, 250.0, 300.0000046875001, 350.0000054687501, 400.0, 450.0000070312501, 500.0, 550.0000064453126, 600.0000093750002, 650.0000228515634, 700.0000109375002, 750.0000292968762, 800.0, 850.0000298828136, 900.0000140625002, 950.0000148437501, 1000.0], "ampl": [2106.614224303706, 3162.557368458601, 4160.447754540958, 5086.381850676057, 5940.381121538405, 6718.43629865916, 7421.611751041185, 8048.577476953333, 8609.918966370355, 9105.931708802105, 9544.047182929804, 9935.087397853966, 10274.679948859808, 10573.72568140542, 10836.043315791192, 11061.444168060945, 11266.941144827762, 11433.196394959714, 11581.716009429336]}, "1": {"freq": [100.0, 150.0000005859375, 200.0, 250.0, 300.0000046875001, 350.0000054687501, 400.0, 450.0000070312501, 500.0, 550.0000064453126, 600.0000093750002, 650.0000228515634, 700.0000109375002, 750.0000292968762, 800.0, 850.0000298828136, 900.0000140625002, 950.0000148437501, 1000.0], "ampl": [1668.6357528252372, 2520.455576427663, 3334.1369989820955, 4099.98613056963, 4820.392594589183, 5488.747899575837, 6103.219607790266, 6665.107870591891, 7175.189132888197, 7636.483193953092, 8050.051592812603, 8426.646439521046, 8759.037474867346, 9056.200740070286, 9321.545180536392, 9551.431893898663, 9766.648684621288, 9942.227530835726, 10104.923891243074]}, "2": {"freq": [100.0, 150.0000005859375, 200.0, 250.0, 300.0000046875001, 350.0000054687501, 400.0, 450.0000070312501, 500.0, 550.0000064453126, 600.0000093750002, 650.0000228515634, 700.0000109375002, 750.0000292968762, 800.0, 850.0000298828136, 900.0000140625002, 950.0000148437501, 1000.0], "ampl": [2116.026007222541, 3175.9310643434624, 4173.035216455144, 5100.520427526103, 5952.3840813125025, 6724.478144893738, 7423.483900162351, 8044.808682983963, 8598.740559335612, 9088.845603870188, 9519.312259254462, 9903.575731435913, 10234.724166306867, 10528.979794155055, 10782.739888325243, 11001.373985235567, 11202.08280670225, 11361.867680262332, 11506.206665494656]}, "3": {"freq": [100.0, 150.0000005859375, 200.0, 250.0, 300.0000046875001, 350.0000054687501, 400.0, 450.0000070312501, 500.0, 550.0000064453126, 600.0000093750002, 650.0000228515634, 700.0000109375002, 750.0000292968762, 800.0, 850.0000298828136, 900.0000140625002, 950.0000148437501, 1000.0], "ampl": [1685.5014528891838, 2545.6603741729923, 3364.5324399201986, 4137.891088281555, 4865.324070881002, 5536.33431516549, 6158.966573633589, 6721.624758426954, 7235.564099352977, 7697.295464240346, 8113.2806044422, 8489.98962880446, 8822.776403810716, 9120.871357145295, 9384.107477890979, 9615.903722304958, 9831.630883488946, 10006.46383557255, 10166.215385922338]}, "4": {"freq": [100.0, 150.0000005859375, 200.0, 250.0, 300.0000046875001, 350.0000054687501, 400.0, 450.0000070312501, 500.0, 550.0000064453126, 600.0000093750002, 650.0000228515634, 700.0000109375002, 750.0000292968762, 800.0, 850.0000298828136, 900.0000140625002, 950.0000148437501, 1000.0], "ampl": [2180.580733947555, 3266.9454511754157, 4283.221159928954, 5217.762867608276, 6070.740053582351, 6839.184709986549, 7526.23917953954, 8131.598552691189, 8666.713115417677, 9136.376685470344, 9547.067712033544, 9906.767404624514, 10216.731465445204, 10489.76180971574, 10724.715683371569, 10923.422534920823, 11105.39552648971, 11249.29805082528, 11378.24530300361]}, "5": {"freq": [100.0, 150.0000005859375, 200.0, 250.0, 300.0000046875001, 350.0000054687501, 400.0, 450.0000070312501, 500.0, 550.0000064453126, 600.0000093750002, 650.0000228515634, 700.0000109375002, 750.0000292968762, 800.0, 850.0000298828136, 900.0000140625002, 950.0000148437501, 1000.0], "ampl": [1733.0243586454017, 2612.448425314112, 3450.182174367556, 4234.555802429378, 4966.975091064503, 5642.562809409811, 6261.745471534347, 6820.172341476231, 7327.428131896938, 7779.5758395553585, 8185.838128368717, 8549.84583122918, 8870.524987514787, 9155.355188726806, 9405.943436552083, 9625.429698408272, 9828.989451736485, 9992.583406573778, 10141.208337811526]}, "6": {"freq": [100.0, 150.0000005859375, 200.0, 250.0, 300.0000046875001, 350.0000054687501, 400.0, 450.0000070312501, 500.0, 550.0000064453126, 600.0000093750002, 650.0000228515634, 700.0000109375002, 750.0000292968762, 800.0, 850.0000298828136, 900.0000140625002, 950.0000148437501, 1000.0], "ampl": [2184.9513182564997, 3267.8868136052006, 4280.154280855734, 5206.951016756122, 6048.256941517666, 6800.739029724474, 7471.819937722575, 8059.926425183756, 8577.11516139774, 9027.676158240278, 9419.372961071234, 9763.978715315168, 10057.645556712663, 10315.291869318833, 10534.642563126146, 10719.957423425392, 10892.701586786648, 11025.388660945811, 11143.495614372288]}, "7": {"freq": [100.0, 150.0000005859375, 200.0, 250.0, 300.0000046875001, 350.0000054687501, 400.0, 450.0000070312501, 500.0, 550.0000064453126, 600.0000093750002, 650.0000228515634, 700.0000109375002, 750.0000292968762, 800.0, 850.0000298828136, 900.0000140625002, 950.0000148437501, 1000.0], "ampl": [1664.945048027571, 2508.1006434219566, 3310.0277908859844, 4059.425128132595, 4759.662419289757, 5401.984976013467, 5988.479158783402, 6515.506188837287, 6992.228876766041, 7417.026766400307, 7796.367903999392, 8138.130402916238, 8434.872747253507, 8698.999481196885, 8932.191808309122, 9133.784181173782, 9320.232804889778, 9468.996718027392, 9606.648294954868]}, "wireSegments": [17, 19, 21, 23, 25, 27, 29, 31, 417, 419, 421, 423, 425, 427, 429, 431, 817, 819, 821, 823, 825, 827, 829, 831], "apaChannels": [31, 29, 27, 25, 23, 21, 19, 17], "measuredBy": "", "stage": "DWA Development", "apaUuid": "continuity47-12", "layer": "V", "headboardNum": "1", "side": "A"}