{"scanEndMode": 0, "0": {"freq": [100.0, 150.0000005859375, 200.0, 250.0, 300.0000046875001, 350.0000054687501, 400.0, 450.0000070312501, 500.0, 550.0000064453126, 600.0000093750002, 650.0000228515634, 700.0000109375002, 750.0000292968762, 800.0, 850.0000298828136, 900.0000140625002, 950.0000148437501, 1000.0], "ampl": [2051.9677836143087, 3082.60566223055, 4050.5450183898847, 4952.498813244658, 5783.188560220545, 6535.970742581287, 7219.294141049811, 7830.312852532114, 8376.73095045211, 8857.258564386797, 9288.1694742431, 9668.586973198133, 9993.190989491972, 10285.214941116681, 10543.439645558103, 10761.961205210266, 10952.648380681527, 11126.826084891196, 11264.373798782015]}, "1": {"freq": [100.0, 150.0000005859375, 200.0, 250.0, 300.0000046875001, 350.0000054687501, 400.0, 450.0000070312501, 500.0, 550.0000064453126, 600.0000093750002, 650.0000228515634, 700.0000109375002, 750.0000292968762, 800.0, 850.0000298828136, 900.0000140625002, 950.0000148437501, 1000.0], "ampl": [1762.1087407990121, 2656.9371574928605, 3504.350704013426, 4301.210005969744, 5043.0617829786315, 5721.193686487991, 6343.696871117908, 6907.0204083831095, 7413.228914026272, 7862.042579313594, 8268.949810261998, 8628.049683694107, 8938.708171365308, 9215.403054309016, 9466.533149146791, 9678.397701537477, 9864.2593267812, 10033.036334349068, 10168.628936860507]}, "2": {"freq": [100.0, 150.0000005859375, 200.0, 250.0, 300.0000046875001, 350.0000054687501, 400.0, 450.0000070312501, 500.0, 550.0000064453126, 600.0000093750002, 650.0000228515634, 700.0000109375002, 750.0000292968762, 800.0, 850.0000298828136, 900.0000140625002, 950.0000148437501, 1000.0], "ampl": [2076.1609242403747, 3117.4463047726945, 4094.237350648458, 5005.269995736114, 5839.243264143937, 6598.902172675923, 7283.831698046272, 7897.983311099398, 8444.723287615438, 8927.297409753877, 9356.115426441653, 9736.36513373514, 10059.45142561869, 10347.234743978936, 10605.787039535657, 10823.378469535068, 11013.977354284318, 11183.859499412896, 11321.10560452]}, "3": {"freq": [100.0, 150.0000005859375, 200.0, 250.0, 300.0000046875001, 350.0000054687501, 400.0, 450.0000070312501, 500.0, 550.0000064453126, 600.0000093750002, 650.0000228515634, 700.0000109375002, 750.0000292968762, 800.0, 850.0000298828136, 900.0000140625002, 950.0000148437501, 1000.0], "ampl": [1788.8818664453242, 2696.66036158763, 3555.506552090166, 4364.170836949986, 5116.245974834411, 5805.128963944689, 6434.278051601242, 7004.421349795361, 7516.798429093523, 7971.079346789467, 8377.758639642743, 8742.738833584925, 9055.895840133819, 9334.444144381985, 9586.095630969165, 9797.99577350221, 9986.535612569984, 10155.34902177244, 10293.367951051603]}, "4": {"freq": [100.0, 150.0000005859375, 200.0, 250.0, 300.0000046875001, 350.0000054687501, 400.0, 450.0000070312501, 500.0, 550.0000064453126, 600.0000093750002, 650.0000228515634, 700.0000109375002, 750.0000292968762, 800.0, 850.0000298828136, 900.0000140625002, 950.0000148437501, 1000.0], "ampl": [2055.615146947785, 3085.485099088689, 4050.761558866216, 4946.07616936875, 5766.0418286828335, 6510.873885084577, 7183.570633715171, 7781.305832435719, 8315.456071067623, 8784.014448925354, 9200.100269605142, 9568.495929145683, 9881.32990812621, 10159.974891294227, 10408.999676343008, 10617.799488627677, 10800.956893667728, 10963.173627897242, 11094.584661005523]}, "5": {"freq": [100.0, 150.0000005859375, 200.0, 250.0, 300.0000046875001, 350.0000054687501, 400.0, 450.0000070312501, 500.0, 550.0000064453126, 600.0000093750002, 650.0000228515634, 700.0000109375002, 750.0000292968762, 800.0, 850.0000298828136, 900.0000140625002, 950.0000148437501, 1000.0], "ampl": [1819.587586396502, 2742.436994609834, 3612.736117791914, 4428.117782157621, 5182.909351359201, 5873.204775869513, 6502.930440265446, 7070.075753843931, 7578.526646781311, 8029.39818401792, 8432.04539509108, 8789.691371730167, 9100.099057405403, 9372.248219693258, 9616.381089011877, 9824.592940012055, 10006.677090611283, 10173.082514970312, 10303.121468229332]}, "6": {"freq": [100.0, 150.0000005859375, 200.0, 250.0, 300.0000046875001, 350.0000054687501, 400.0, 450.0000070312501, 500.0, 550.0000064453126, 600.0000093750002, 650.0000228515634, 700.0000109375002, 750.0000292968762, 800.0, 850.0000298828136, 900.0000140625002, 950.0000148437501, 1000.0], "ampl": [2018.015208425958, 3028.412419919067, 3975.516289206655, 4856.3476926657895, 5662.09710164013, 6391.2168342774485, 7049.194468417865, 7637.299879551136, 8161.074979102413, 8619.481235553605, 9027.40318654635, 9388.56708435589, 9694.487804400009, 9967.993026508797, 10210.804101471887, 10415.11341301234, 10594.132442456754, 10754.051169367993, 10881.50673771221]}, "7": {"freq": [100.0, 150.0000005859375, 200.0, 250.0, 300.0000046875001, 350.0000054687501, 400.0, 450.0000070312501, 500.0, 550.0000064453126, 600.0000093750002, 650.0000228515634, 700.0000109375002, 750.0000292968762, 800.0, 850.0000298828136, 900.0000140625002, 950.0000148437501, 1000.0], "ampl": [1805.2845224553976, 2719.295187424521, 3579.7125644781236, 4384.742126030949, 5133.275910048909, 5814.523879852802, 6434.068393084829, 6992.396085868091, 7492.475722845356, 7934.238464783516, 8329.297154031288, 8678.63380815314, 8978.42889947484, 9247.749456615158, 9487.885704087545, 9689.477236274646, 9867.804953638193, 10027.752324876745, 10157.261834712746]}, "wireSegments": [18, 20, 22, 24, 26, 28, 30, 32], "apaChannels": [32, 30, 28, 26, 24, 22, 20, 18], "measuredBy": "", "stage": "DWA Development", "apaUuid": "continuity47-12", "layer": "X", "headboardNum": "1", "side": "A"}