{"scanEndMode": 0, "0": {"freq": [20.0, 68.00000004249999, 116.00000061625, 164.00000102500002, 212.0000017225, 260.00000121875, 308.00000413875006, 356.00000178, 404.00000404, 452.00000113000004, 500.0, 548.0000054800001, 596.0000018625001, 644.0000128800003, 692.0000309237514, 740.0000127187502, 788.0000398925021, 836.0000428450022, 884.0000005525001, 932.0000393187518, 980.0000367500014, 1028.000071638755], "ampl": [65.77717607395087, 325.0424271272368, 628.952435079994, 929.4694833513133, 1219.678735584427, 1492.4513333126138, 1748.1266781092493, 1985.6445711178314, 2204.522958941218, 2403.7819985707815, 2582.2867073480666, 2746.801139046014, 2894.0126210228213, 3025.4963287709425, 3145.3703033690717, 3250.506309145102, 3343.3681392597787, 3426.589716464057, 3499.7632617362815, 3564.626495564649, 3621.1679029269512, 3672.4216804348707]}, "1": {"freq": [20.0, 68.00000004249999, 116.00000061625, 164.00000102500002, 212.0000017225, 260.00000121875, 308.00000413875006, 356.00000178, 404.00000404, 452.00000113000004, 500.0, 548.0000054800001, 596.0000018625001, 644.0000128800003, 692.0000309237514, 740.0000127187502, 788.0000398925021, 836.0000428450022, 884.0000005525001, 932.0000393187518, 980.0000367500014, 1028.000071638755], "ampl": [74.59311546172594, 406.1135837862702, 784.2661816551804, 1154.360497024427, 1512.1526188460748, 1845.588263745689, 2157.422785083409, 2443.292651228495, 2704.8327218340487, 2940.1334445731604, 3152.192794487729, 3343.3704392628656, 3514.888157141619, 3668.8719718467187, 3803.6892252032476, 3924.7031257453673, 4028.5958114843015, 4123.564741233067, 4205.493485472856, 4277.702827410699, 4340.281562215971, 4397.780484330286]}, "2": {"freq": [20.0, 68.00000004249999, 116.00000061625, 164.00000102500002, 212.0000017225, 260.00000121875, 308.00000413875006, 356.00000178, 404.00000404, 452.00000113000004, 500.0, 548.0000054800001, 596.0000018625001, 644.0000128800003, 692.0000309237514, 740.0000127187502, 788.0000398925021, 836.0000428450022, 884.0000005525001, 932.0000393187518, 980.0000367500014, 1028.000071638755], "ampl": [66.36535546865656, 338.8832165913461, 659.1260375066328, 974.863757435966, 1279.0657176391535, 1568.3008698622332, 1841.1540286983625, 2093.2820390670704, 2327.799152972926, 2540.2580091297127, 2733.35168144484, 2910.3438401236385, 3070.819132265072, 3213.8409386595777, 3342.8323785689236, 3457.3580569050205, 3558.0832275537537, 3649.0649216372344, 3730.1088485165906, 3800.4315730169483, 3864.4839175523266, 3920.1263252440417]}, "3": {"freq": [20.0, 68.00000004249999, 116.00000061625, 164.00000102500002, 212.0000017225, 260.00000121875, 308.00000413875006, 356.00000178, 404.00000404, 452.00000113000004, 500.0, 548.0000054800001, 596.0000018625001, 644.0000128800003, 692.0000309237514, 740.0000127187502, 788.0000398925021, 836.0000428450022, 884.0000005525001, 932.0000393187518, 980.0000367500014, 1028.000071638755], "ampl": [94.41591885693494, 525.225315738461, 1017.7813281539899, 1500.1552874668826, 1962.3993523357626, 2394.9593220066167, 2796.3108692569613, 3162.8409154510778, 3498.626841498947, 3798.570713258531, 4067.5408830011493, 4312.500119769994, 4528.75526864876, 4721.555801185535, 4891.792811538231, 5045.312968384327, 5175.565354165287, 5292.691735375771, 5393.596322548465, 5482.738825029891, 5559.933825839151, 5631.129444718992]}, "4": {"freq": [20.0, 68.00000004249999, 116.00000061625, 164.00000102500002, 212.0000017225, 260.00000121875, 308.00000413875006, 356.00000178, 404.00000404, 452.00000113000004, 500.0, 548.0000054800001, 596.0000018625001, 644.0000128800003, 692.0000309237514, 740.0000127187502, 788.0000398925021, 836.0000428450022, 884.0000005525001, 932.0000393187518, 980.0000367500014, 1028.000071638755], "ampl": [76.03228249534273, 414.1350476490959, 799.9410031715897, 1181.1881703564313, 1549.7613280127312, 1896.0880176568069, 2221.149135099949, 2521.9486678398625, 2798.7158334756077, 3050.1281892448515, 3278.7295348059183, 3485.7697138807284, 3672.903868899517, 3839.5527941694168, 3989.184191000121, 4122.963098838168, 4239.411993936553, 4347.55890059158, 4439.376454099639, 4521.9910221463515, 4595.131534483817, 4658.092448507142]}, "5": {"freq": [20.0, 68.00000004249999, 116.00000061625, 164.00000102500002, 212.0000017225, 260.00000121875, 308.00000413875006, 356.00000178, 404.00000404, 452.00000113000004, 500.0, 548.0000054800001, 596.0000018625001, 644.0000128800003, 692.0000309237514, 740.0000127187502, 788.0000398925021, 836.0000428450022, 884.0000005525001, 932.0000393187518, 980.0000367500014, 1028.000071638755], "ampl": [81.49315330895774, 441.2551396639104, 852.2280057108089, 1259.1877223673584, 1648.9153142234848, 2014.6132356235141, 2359.789435214006, 2677.2144466086347, 2968.364329895248, 3232.6006862087243, 3472.2004241344894, 3688.686208632857, 3885.924411727973, 4059.403753066556, 4215.341747731254, 4356.110067004556, 4477.721518133733, 4588.089806269127, 4682.155167578475, 4766.30416626933, 4841.859724248379, 4906.976788134999]}, "6": {"freq": [20.0, 68.00000004249999, 116.00000061625, 164.00000102500002, 212.0000017225, 260.00000121875, 308.00000413875006, 356.00000178, 404.00000404, 452.00000113000004, 500.0, 548.0000054800001, 596.0000018625001, 644.0000128800003, 692.0000309237514, 740.0000127187502, 788.0000398925021, 836.0000428450022, 884.0000005525001, 932.0000393187518, 980.0000367500014, 1028.000071638755], "ampl": [79.00373875642354, 422.899506710973, 819.1036536875953, 1209.3567944813356, 1587.94764765953, 1940.8867083666673, 2273.6649731337275, 2580.6322859522566, 2861.284217145881, 3116.4121877753787, 3349.609560841817, 3559.7884064850787, 3747.3792185681386, 3915.557103181639, 4065.318343616484, 4202.067037573197, 4316.271770168467, 4426.1541618018455, 4517.344758030883, 4598.837856410676, 4671.845993878681, 4732.611017572672]}, "7": {"freq": [20.0, 68.00000004249999, 116.00000061625, 164.00000102500002, 212.0000017225, 260.00000121875, 308.00000413875006, 356.00000178, 404.00000404, 452.00000113000004, 500.0, 548.0000054800001, 596.0000018625001, 644.0000128800003, 692.0000309237514, 740.0000127187502, 788.0000398925021, 836.0000428450022, 884.0000005525001, 932.0000393187518, 980.0000367500014, 1028.000071638755], "ampl": [81.75535080135236, 456.2274081255067, 882.7198356226103, 1301.002253833394, 1704.7574768910426, 2080.281826091192, 2431.441350051741, 2753.965872516613, 3048.7850320890993, 3313.874553979187, 3554.3248550956646, 3771.1376145744644, 3964.0787860186656, 4135.87710616958, 4290.0528378279605, 4427.3685158380895, 4541.299226795614, 4651.847649549158, 4743.820991058946, 4825.19016174858, 4897.398174801976, 4958.760749885058]}, "wireSegments": [49, 51, 53, 55, 57, 59, 61, 63], "apaChannels": [49, 51, 53, 55, 57, 59, 61, 63], "measuredBy": "Chris Stanford", "stage": "Installation (Top)", "apaUuid": "43cd3950-268d-11ec-b6f5-a70e70a44436", "layer": "X", "headboardNum": "2", "side": "B"}