{"scanEndMode": 0, "0": {"freq": [100.0, 150.0000005859375, 200.0, 250.0, 300.0000046875001, 350.0000054687501, 400.0, 450.0000070312501, 500.0, 550.0000064453126, 600.0000093750002, 650.0000228515634, 700.0000109375002, 750.0000292968762, 800.0, 850.0000298828136, 900.0000140625002, 950.0000148437501, 1000.0], "ampl": [2008.951670990803, 3017.8077422330325, 3967.1283849239076, 4852.301525161336, 5667.146479742335, 6409.997219628825, 7082.458365608147, 7683.00279048427, 8222.549124626377, 8701.544592707594, 9122.736632569795, 9497.723954603074, 9824.144553526334, 10117.131061121363, 10370.292036465637, 10589.399416761411, 10776.701568794055, 10951.446913530062, 11092.480912879735]}, "1": {"freq": [100.0, 150.0000005859375, 200.0, 250.0, 300.0000046875001, 350.0000054687501, 400.0, 450.0000070312501, 500.0, 550.0000064453126, 600.0000093750002, 650.0000228515634, 700.0000109375002, 750.0000292968762, 800.0, 850.0000298828136, 900.0000140625002, 950.0000148437501, 1000.0], "ampl": [1783.331875494813, 2689.651012539859, 3548.9262194371254, 4358.337597944663, 5109.892109831096, 5804.86652301546, 6438.676643799248, 7013.7272098917265, 7531.528474136228, 7996.787315871564, 8408.764889201353, 8777.823223988426, 9100.94871569021, 9394.008184471144, 9647.400412706304, 9868.348373695755, 10059.008740661931, 10236.857260294371, 10382.451619412603]}, "2": {"freq": [100.0, 150.0000005859375, 200.0, 250.0, 300.0000046875001, 350.0000054687501, 400.0, 450.0000070312501, 500.0, 550.0000064453126, 600.0000093750002, 650.0000228515634, 700.0000109375002, 750.0000292968762, 800.0, 850.0000298828136, 900.0000140625002, 950.0000148437501, 1000.0], "ampl": [2012.902447026372, 3025.77105167391, 3975.9847221112827, 4863.175003321437, 5679.154013284144, 6423.511833709487, 7095.147053862417, 7697.925116708206, 8236.913738829639, 8716.376155612212, 9137.424010739083, 9511.849089657953, 9838.503659824864, 10130.632284988445, 10383.37045125033, 10602.670763348555, 10787.95204164337, 10962.566403261086, 11102.861319918584]}, "3": {"freq": [100.0, 150.0000005859375, 200.0, 250.0, 300.0000046875001, 350.0000054687501, 400.0, 450.0000070312501, 500.0, 550.0000064453126, 600.0000093750002, 650.0000228515634, 700.0000109375002, 750.0000292968762, 800.0, 850.0000298828136, 900.0000140625002, 950.0000148437501, 1000.0], "ampl": [1758.8736395762605, 2652.7044012089445, 3503.399383555545, 4299.4788641245905, 5043.906544723255, 5728.428099318961, 6351.40480679635, 6916.502412204277, 7425.271343796275, 7882.775474323396, 8285.919603357965, 8649.335254042699, 8964.660499012827, 9250.879758282403, 9499.100335194104, 9714.706571511666, 9900.717630431798, 10073.640453156046, 10216.05822618403]}, "4": {"freq": [100.0, 150.0000005859375, 200.0, 250.0, 300.0000046875001, 350.0000054687501, 400.0, 450.0000070312501, 500.0, 550.0000064453126, 600.0000093750002, 650.0000228515634, 700.0000109375002, 750.0000292968762, 800.0, 850.0000298828136, 900.0000140625002, 950.0000148437501, 1000.0], "ampl": [2085.734331097022, 3128.690737459586, 4103.409684382116, 5005.96772171112, 5830.376044317512, 6579.487313804939, 7250.519470001406, 7847.779641159459, 8378.273721214091, 8847.199841929018, 9256.130072914593, 9617.291361451178, 9931.207779999264, 10209.755617860263, 10450.693713986984, 10655.570670900452, 10831.5305963399, 10994.350210676796, 11124.04890900353]}, "5": {"freq": [100.0, 150.0000005859375, 200.0, 250.0, 300.0000046875001, 350.0000054687501, 400.0, 450.0000070312501, 500.0, 550.0000064453126, 600.0000093750002, 650.0000228515634, 700.0000109375002, 750.0000292968762, 800.0, 850.0000298828136, 900.0000140625002, 950.0000148437501, 1000.0], "ampl": [1771.022282287165, 2666.093607960822, 3512.053379040847, 4303.269757975362, 5036.252134694874, 5706.421227577752, 6315.516117147397, 6861.155108607733, 7350.62241981304, 7787.761148148378, 8172.213636035932, 8512.824448915371, 8809.645969421334, 9075.635779106193, 9306.569849667858, 9506.475914712684, 9675.167609598466, 9834.912224614534, 9962.094119072335]}, "6": {"freq": [100.0, 150.0000005859375, 200.0, 250.0, 300.0000046875001, 350.0000054687501, 400.0, 450.0000070312501, 500.0, 550.0000064453126, 600.0000093750002, 650.0000228515634, 700.0000109375002, 750.0000292968762, 800.0, 850.0000298828136, 900.0000140625002, 950.0000148437501, 1000.0], "ampl": [2086.9653125662567, 3127.826842547087, 4100.0233090166175, 5000.215279308157, 5819.807645259585, 6561.006150448533, 7224.138527451778, 7812.666210326191, 8332.762015649763, 8792.42528185905, 9193.384518244678, 9545.43373651768, 9849.277581016295, 10121.44853805934, 10351.685276936738, 10549.398287884258, 10718.625133161435, 10874.558824947197, 10998.90967580217]}, "7": {"freq": [100.0, 150.0000005859375, 200.0, 250.0, 300.0000046875001, 350.0000054687501, 400.0, 450.0000070312501, 500.0, 550.0000064453126, 600.0000093750002, 650.0000228515634, 700.0000109375002, 750.0000292968762, 800.0, 850.0000298828136, 900.0000140625002, 950.0000148437501, 1000.0], "ampl": [1824.449774978961, 2744.158719168192, 3609.7927613930638, 4416.733822191078, 5160.367213078121, 5838.286728622487, 6446.710963148756, 6992.498395138367, 7476.68985735854, 7908.83876676404, 8286.568194900115, 8618.753518723892, 8908.532468577037, 9167.299358747334, 9389.939118946988, 9580.60858679654, 9742.579595207359, 9895.084103975301, 10017.24618659471]}, "wireSegments": [18, 20, 22, 24, 26, 28, 30, 32, 418, 420, 422, 424, 426, 428, 430, 432, 818, 820, 822, 824, 826, 828, 830, 832], "apaChannels": [32, 30, 28, 26, 24, 22, 20, 18], "measuredBy": "", "stage": "DWA Development", "apaUuid": "continuity47-12", "layer": "V", "headboardNum": "1", "side": "A"}