{"scanEndMode": 0, "0": {"freq": [20.0, 68.00000004249999, 116.00000061625, 164.00000102500002, 212.0000017225, 260.00000121875, 308.00000413875006, 356.00000178, 404.00000404, 452.00000113000004, 500.0, 548.0000054800001, 596.0000018625001, 644.0000128800003, 692.0000309237514, 740.0000127187502, 788.0000398925021, 836.0000428450022, 884.0000005525001, 932.0000393187518, 980.0000367500014, 1028.000071638755], "ampl": [116.8415348125436, 632.4119949119182, 1211.5413967178304, 1780.5001385099415, 2314.1869273484203, 2810.108044213407, 3263.5327578246684, 3672.341132953796, 4042.0854499939815, 4368.995571310008, 4654.3103060407975, 4910.256498613138, 5130.75077716517, 5324.606738457511, 5497.418609885537, 5645.936219434843, 5769.914451944311, 5880.684599629653, 5978.211958505791, 6064.118444172139, 6132.141176004681, 6190.288602021612]}, "1": {"freq": [20.0, 68.00000004249999, 116.00000061625, 164.00000102500002, 212.0000017225, 260.00000121875, 308.00000413875006, 356.00000178, 404.00000404, 452.00000113000004, 500.0, 548.0000054800001, 596.0000018625001, 644.0000128800003, 692.0000309237514, 740.0000127187502, 788.0000398925021, 836.0000428450022, 884.0000005525001, 932.0000393187518, 980.0000367500014, 1028.000071638755], "ampl": [98.15405992373444, 520.2283237822627, 1001.378915228511, 1476.1943463422826, 1928.6283619498447, 2350.2439643652906, 2742.023552917028, 3097.6293497722495, 3421.1423387487494, 3711.240914466308, 3970.561437642247, 4202.873185365981, 4407.153604658697, 4588.0563618354645, 4751.4655361505675, 4890.789677396411, 5009.146172831573, 5117.568439022991, 5211.029317188273, 5296.19805543738, 5365.210652760808, 5424.5472156339065]}, "2": {"freq": [20.0, 68.00000004249999, 116.00000061625, 164.00000102500002, 212.0000017225, 260.00000121875, 308.00000413875006, 356.00000178, 404.00000404, 452.00000113000004, 500.0, 548.0000054800001, 596.0000018625001, 644.0000128800003, 692.0000309237514, 740.0000127187502, 788.0000398925021, 836.0000428450022, 884.0000005525001, 932.0000393187518, 980.0000367500014, 1028.000071638755], "ampl": [115.39620393435715, 620.9588288666382, 1193.0147638779065, 1754.313067275673, 2280.5529824722385, 2771.459767674357, 3217.861318572872, 3622.2213020274457, 3986.84568795336, 4308.951428704561, 4592.304238656539, 4842.057000721928, 5061.154294010057, 5253.313770074605, 5425.530074979786, 5571.8205121337505, 5694.899181281387, 5805.514239892487, 5901.297282632557, 5986.84592716691, 6055.213776031807, 6113.139223826373]}, "3": {"freq": [20.0, 68.00000004249999, 116.00000061625, 164.00000102500002, 212.0000017225, 260.00000121875, 308.00000413875006, 356.00000178, 404.00000404, 452.00000113000004, 500.0, 548.0000054800001, 596.0000018625001, 644.0000128800003, 692.0000309237514, 740.0000127187502, 788.0000398925021, 836.0000428450022, 884.0000005525001, 932.0000393187518, 980.0000367500014, 1028.000071638755], "ampl": [104.77237889145889, 558.8737659009853, 1072.2478942691303, 1582.9470562576942, 2063.1028565688084, 2515.564278175659, 2931.997122889349, 3313.1007362085707, 3659.0591910292387, 3969.08939208847, 4243.6929525846845, 4489.541904866636, 4704.928038113501, 4896.73863813159, 5069.769171166769, 5218.601333304814, 5342.947528365146, 5458.347185901624, 5557.578246062041, 5646.034113788332, 5718.595979518373, 5781.527908905189]}, "4": {"freq": [20.0, 68.00000004249999, 116.00000061625, 164.00000102500002, 212.0000017225, 260.00000121875, 308.00000413875006, 356.00000178, 404.00000404, 452.00000113000004, 500.0, 548.0000054800001, 596.0000018625001, 644.0000128800003, 692.0000309237514, 740.0000127187502, 788.0000398925021, 836.0000428450022, 884.0000005525001, 932.0000393187518, 980.0000367500014, 1028.000071638755], "ampl": [112.85810186948322, 613.0546933817326, 1170.9813045416886, 1719.1827122150146, 2235.827554133352, 2713.904262196156, 3150.282256117866, 3544.8060455535674, 3896.5091514465767, 4210.599009324342, 4487.412544364505, 4733.178977345269, 4945.263994375468, 5132.069289503234, 5299.474936137525, 5441.890295296982, 5560.025716948011, 5667.954680031691, 5760.569039490993, 5843.538029877356, 5909.355216973827, 5966.49210314418]}, "5": {"freq": [20.0, 68.00000004249999, 116.00000061625, 164.00000102500002, 212.0000017225, 260.00000121875, 308.00000413875006, 356.00000178, 404.00000404, 452.00000113000004, 500.0, 548.0000054800001, 596.0000018625001, 644.0000128800003, 692.0000309237514, 740.0000127187502, 788.0000398925021, 836.0000428450022, 884.0000005525001, 932.0000393187518, 980.0000367500014, 1028.000071638755], "ampl": [104.07365129298256, 546.0016560929209, 1044.1357234641023, 1539.584750008707, 2007.4598666800841, 2445.8770370128277, 2848.966377932626, 3217.222300356561, 3549.2750749998413, 3846.0473727156605, 4110.8149323472935, 4349.069456114261, 4559.096143899495, 4737.436135936787, 4903.303632927701, 5044.201444784995, 5164.615147880236, 5272.900164971953, 5366.70149386283, 5451.930546544717, 5519.0632483669, 5579.191155382616]}, "6": {"freq": [20.0, 68.00000004249999, 116.00000061625, 164.00000102500002, 212.0000017225, 260.00000121875, 308.00000413875006, 356.00000178, 404.00000404, 452.00000113000004, 500.0, 548.0000054800001, 596.0000018625001, 644.0000128800003, 692.0000309237514, 740.0000127187502, 788.0000398925021, 836.0000428450022, 884.0000005525001, 932.0000393187518, 980.0000367500014, 1028.000071638755], "ampl": [116.95958426471014, 631.6781354239075, 1206.8271376991215, 1770.0304903953233, 2299.9439439538646, 2789.819514380452, 3232.340334519812, 3629.160617179148, 3982.112285978513, 4293.045920198358, 4566.588798797784, 4808.604452672913, 5016.004524799549, 5197.0753279297605, 5358.509192598967, 5494.682137579634, 5608.975526224323, 5708.800354376881, 5797.6750415434535, 5875.340206775429, 5936.426092128143, 5990.048500290635]}, "7": {"freq": [20.0, 68.00000004249999, 116.00000061625, 164.00000102500002, 212.0000017225, 260.00000121875, 308.00000413875006, 356.00000178, 404.00000404, 452.00000113000004, 500.0, 548.0000054800001, 596.0000018625001, 644.0000128800003, 692.0000309237514, 740.0000127187502, 788.0000398925021, 836.0000428450022, 884.0000005525001, 932.0000393187518, 980.0000367500014, 1028.000071638755], "ampl": [63.21915188763208, 318.38739907537183, 614.8005243157894, 905.1252686867706, 1180.6965076538424, 1439.010006386081, 1677.0829968696503, 1892.4552036180257, 2088.357538857207, 2261.8370311245826, 2417.373699993047, 2556.789519445973, 2678.2114343859175, 2785.3729845214543, 2883.0644072143095, 2964.446242045365, 3035.016739303735, 3096.6819177759426, 3152.4424115118322, 3201.6539128532795, 3241.8528071563396, 3275.761160882636]}, "wireSegments": [121, 123, 125, 127, 129, 131, 133, 135, 521, 523, 525, 527, 529, 531, 533, 535, 921, 923, 925, 927, 929, 931, 933, 935], "apaChannels": [135, 133, 131, 129, 127, 125, 123, 121], "measuredBy": "Chris Stanford", "stage": "Installation (Top)", "apaUuid": "43cd3950-268d-11ec-b6f5-a70e70a44436", "layer": "U", "headboardNum": "7", "side": "A"}