{"scanEndMode": 0, "0": {"freq": [100.0, 150.0000005859375, 200.0, 250.0, 300.0000046875001, 350.0000054687501, 400.0, 450.0000070312501, 500.0, 550.0000064453126, 600.0000093750002, 650.0000228515634, 700.0000109375002, 750.0000292968762, 800.0, 850.0000298828136, 900.0000140625002, 950.0000148437501, 1000.0], "ampl": [7261.27503848029, 10215.079793512434, 12487.865613669948, 14176.620620967033, 15421.12955059957, 16354.760460426163, 17028.17780974372, 17549.44941677111, 17929.4245574796, 18221.68041987665, 18448.651025277897, 18620.434010458106, 18747.42283255458, 18843.138480102923, 18908.73913609322, 18955.35716118906, 18996.29340144146, 19007.499205782715, 19003.645613452045]}, "1": {"freq": [100.0, 150.0000005859375, 200.0, 250.0, 300.0000046875001, 350.0000054687501, 400.0, 450.0000070312501, 500.0, 550.0000064453126, 600.0000093750002, 650.0000228515634, 700.0000109375002, 750.0000292968762, 800.0, 850.0000298828136, 900.0000140625002, 950.0000148437501, 1000.0], "ampl": [6816.004362082326, 9668.024616776514, 11912.341453890642, 13620.868637835001, 14903.789945507237, 15880.146890437194, 16596.926602076303, 17154.282649277575, 17569.272679060985, 17890.56105429335, 18141.090405352075, 18333.02849014097, 18477.833586352357, 18588.505136172003, 18667.458100869455, 18726.070062267972, 18777.32772524903, 18796.645892822246, 18800.489329146298]}, "2": {"freq": [100.0, 150.0000005859375, 200.0, 250.0, 300.0000046875001, 350.0000054687501, 400.0, 450.0000070312501, 500.0, 550.0000064453126, 600.0000093750002, 650.0000228515634, 700.0000109375002, 750.0000292968762, 800.0, 850.0000298828136, 900.0000140625002, 950.0000148437501, 1000.0], "ampl": [7268.855377852226, 10221.489356588007, 12485.10198948785, 14166.863483510013, 15402.3135299218, 16328.086899198148, 16992.987655153334, 17505.640701838944, 17884.629881877765, 18171.835806254305, 18396.52208486162, 18563.862488564315, 18689.245517763247, 18783.53560741644, 18848.728149640483, 18893.681458634634, 18932.60642265048, 18943.104851505344, 18939.500043580043]}, "3": {"freq": [100.0, 150.0000005859375, 200.0, 250.0, 300.0000046875001, 350.0000054687501, 400.0, 450.0000070312501, 500.0, 550.0000064453126, 600.0000093750002, 650.0000228515634, 700.0000109375002, 750.0000292968762, 800.0, 850.0000298828136, 900.0000140625002, 950.0000148437501, 1000.0], "ampl": [6791.380871937543, 9631.947229988116, 11866.832343889553, 13567.8955138012, 14841.591338765928, 15811.200787603402, 16519.95524864749, 17071.48098015061, 17483.140827492247, 17801.224970703173, 18049.092773377655, 18239.98977653138, 18381.619238956486, 18492.298631278158, 18569.264628863086, 18626.12413030547, 18678.533037300444, 18695.646142920283, 18700.86565382249]}, "4": {"freq": [100.0, 150.0000005859375, 200.0, 250.0, 300.0000046875001, 350.0000054687501, 400.0, 450.0000070312501, 500.0, 550.0000064453126, 600.0000093750002, 650.0000228515634, 700.0000109375002, 750.0000292968762, 800.0, 850.0000298828136, 900.0000140625002, 950.0000148437501, 1000.0], "ampl": [7277.374199070576, 10200.623669664461, 12427.758068775955, 14065.62133343364, 15257.982473749284, 16147.164436026134, 16784.210414104455, 17271.45032235001, 17627.539041185337, 17901.061107229485, 18111.41613045569, 18267.459289549046, 18384.357850653858, 18471.73949494362, 18530.27178357998, 18569.474345823433, 18606.606332187064, 18612.385193890277, 18607.498947009542]}, "5": {"freq": [100.0, 150.0000005859375, 200.0, 250.0, 300.0000046875001, 350.0000054687501, 400.0, 450.0000070312501, 500.0, 550.0000064453126, 600.0000093750002, 650.0000228515634, 700.0000109375002, 750.0000292968762, 800.0, 850.0000298828136, 900.0000140625002, 950.0000148437501, 1000.0], "ampl": [6934.000653484158, 9802.73415384622, 12035.494296274197, 13718.628089330083, 14971.584454768537, 15917.198588603449, 16607.869121160657, 17139.30842921076, 17537.44683433542, 17838.112635204267, 18078.77161002553, 18256.94081090112, 18391.793050759126, 18494.538572968424, 18567.249712601086, 18618.662684519593, 18664.931277698695, 18679.787366604134, 18681.700684898016]}, "6": {"freq": [100.0, 150.0000005859375, 200.0, 250.0, 300.0000046875001, 350.0000054687501, 400.0, 450.0000070312501, 500.0, 550.0000064453126, 600.0000093750002, 650.0000228515634, 700.0000109375002, 750.0000292968762, 800.0, 850.0000298828136, 900.0000140625002, 950.0000148437501, 1000.0], "ampl": [7257.968411824702, 10156.645210115608, 12353.233393482189, 13965.07522214679, 15135.675042181205, 16003.432137369522, 16624.87189560816, 17098.649145360283, 17446.680348454378, 17709.936437626184, 17915.17821814892, 18065.279841012176, 18177.21681314367, 18259.93866851916, 18316.007881066813, 18355.69252586447, 18388.21745605117, 18394.04916259524, 18387.517367701897]}, "7": {"freq": [100.0, 150.0000005859375, 200.0, 250.0, 300.0000046875001, 350.0000054687501, 400.0, 450.0000070312501, 500.0, 550.0000064453126, 600.0000093750002, 650.0000228515634, 700.0000109375002, 750.0000292968762, 800.0, 850.0000298828136, 900.0000140625002, 950.0000148437501, 1000.0], "ampl": [94.01444945844233, 151.45283877871034, 216.10032135766528, 281.5207729514498, 347.717266084761, 413.3904920476117, 475.60365309278313, 537.0721406217325, 595.5599118559905, 651.3362349177085, 704.1592966199375, 755.3101735634388, 801.4560868303975, 846.7645657201655, 888.9350562557534, 928.9151088086697, 966.5428671603095, 1001.7158039880154, 1033.9188645324862]}, "wireSegments": [1, 3, 5, 7, 9, 11, 13, 15], "apaChannels": [15, 13, 11, 9, 7, 5, 3, 1], "measuredBy": "", "stage": "DWA Development", "apaUuid": "continuity220-12", "layer": "X", "headboardNum": "1", "side": "A"}