{"scanEndMode": 0, "0": {"freq": [20.0, 68.00000004249999, 116.00000061625, 164.00000102500002, 212.0000017225, 260.00000121875, 308.00000413875006, 356.00000178, 404.00000404, 452.00000113000004, 500.0, 548.0000054800001, 596.0000018625001, 644.0000128800003, 692.0000309237514, 740.0000127187502, 788.0000398925021, 836.0000428450022, 884.0000005525001, 932.0000393187518, 980.0000367500014, 1028.000071638755], "ampl": [80.68976490735687, 402.3802537229768, 772.6472324283492, 1136.4713816877486, 1481.5609357773685, 1803.6385398956488, 2098.2735378063394, 2366.058962908277, 2603.56990486773, 2819.7190195491867, 3009.6390215846673, 3177.3852831883337, 3326.4280724886794, 3456.394782627977, 3571.64846513451, 3668.0893131009216, 3756.127454571939, 3835.5267186885153, 3898.780657515096, 3957.767965268609, 4002.332972955382, 4043.556615796493]}, "1": {"freq": [20.0, 68.00000004249999, 116.00000061625, 164.00000102500002, 212.0000017225, 260.00000121875, 308.00000413875006, 356.00000178, 404.00000404, 452.00000113000004, 500.0, 548.0000054800001, 596.0000018625001, 644.0000128800003, 692.0000309237514, 740.0000127187502, 788.0000398925021, 836.0000428450022, 884.0000005525001, 932.0000393187518, 980.0000367500014, 1028.000071638755], "ampl": [105.42174613709939, 563.9691039267393, 1090.7620760955815, 1601.9357728562252, 2083.752892767913, 2530.4806749883614, 2937.029999475011, 3303.6465772733536, 3631.813306800135, 3922.6457159077763, 4180.814181599684, 4406.459250505863, 4608.195684845871, 4780.515249614178, 4932.610525825069, 5062.9236410146195, 5178.307288898276, 5280.681806554399, 5365.4677128996145, 5443.276924109534, 5500.759163571566, 5554.537670295805]}, "2": {"freq": [20.0, 68.00000004249999, 116.00000061625, 164.00000102500002, 212.0000017225, 260.00000121875, 308.00000413875006, 356.00000178, 404.00000404, 452.00000113000004, 500.0, 548.0000054800001, 596.0000018625001, 644.0000128800003, 692.0000309237514, 740.0000127187502, 788.0000398925021, 836.0000428450022, 884.0000005525001, 932.0000393187518, 980.0000367500014, 1028.000071638755], "ampl": [107.55919660980739, 568.8397519354947, 1089.5278009793021, 1601.9431400317342, 2087.312060337751, 2537.4529473270964, 2950.3338650521864, 3323.4390248429177, 3655.3646186696337, 3952.919918370633, 4214.445414314915, 4448.27528686354, 4652.47503809251, 4829.515923844071, 4986.9876932108, 5120.8551495231095, 5240.60886338106, 5346.455501956755, 5434.2076244742775, 5514.907771153117, 5575.484541491191, 5629.670275702203]}, "3": {"freq": [20.0, 68.00000004249999, 116.00000061625, 164.00000102500002, 212.0000017225, 260.00000121875, 308.00000413875006, 356.00000178, 404.00000404, 452.00000113000004, 500.0, 548.0000054800001, 596.0000018625001, 644.0000128800003, 692.0000309237514, 740.0000127187502, 788.0000398925021, 836.0000428450022, 884.0000005525001, 932.0000393187518, 980.0000367500014, 1028.000071638755], "ampl": [108.82044855585865, 584.1512338547722, 1117.3691536212475, 1641.8580240738925, 2136.9562269182693, 2595.0887988246595, 3014.2939604223925, 3392.5413070152217, 3729.2752012016203, 4029.547595818864, 4294.305864093607, 4526.688481421959, 4732.507260701608, 4909.33623138117, 5066.6934029383465, 5200.461456620672, 5318.859623807324, 5422.47311616839, 5509.930359828716, 5595.200688420125, 5650.033532859086, 5705.616761045896]}, "4": {"freq": [20.0, 68.00000004249999, 116.00000061625, 164.00000102500002, 212.0000017225, 260.00000121875, 308.00000413875006, 356.00000178, 404.00000404, 452.00000113000004, 500.0, 548.0000054800001, 596.0000018625001, 644.0000128800003, 692.0000309237514, 740.0000127187502, 788.0000398925021, 836.0000428450022, 884.0000005525001, 932.0000393187518, 980.0000367500014, 1028.000071638755], "ampl": [110.22195311717361, 583.1701624178706, 1119.975894253796, 1645.3277393378985, 2140.9628939874347, 2599.7949339199317, 3021.325816498555, 3401.1480223167964, 3737.816763393276, 4041.825686507926, 4309.6179093776245, 4542.817896918037, 4751.645664654234, 4930.355211121419, 5089.316718718569, 5224.955097675682, 5344.094137322633, 5449.200551569741, 5538.8878951007955, 5620.9662443644165, 5680.487852361613, 5736.955546207333]}, "5": {"freq": [20.0, 68.00000004249999, 116.00000061625, 164.00000102500002, 212.0000017225, 260.00000121875, 308.00000413875006, 356.00000178, 404.00000404, 452.00000113000004, 500.0, 548.0000054800001, 596.0000018625001, 644.0000128800003, 692.0000309237514, 740.0000127187502, 788.0000398925021, 836.0000428450022, 884.0000005525001, 932.0000393187518, 980.0000367500014, 1028.000071638755], "ampl": [109.05737664950155, 569.9880406074387, 1089.8809199626487, 1601.062724407188, 2082.046438560018, 2528.851483336088, 2936.80437512063, 3304.8378164173755, 3633.2822747859527, 3925.939951176029, 4183.327973680236, 4411.294164068313, 4610.268717782906, 4784.5696965757115, 4935.852055224187, 5066.414094418747, 5180.765256486633, 5281.448704512583, 5367.456854935111, 5445.540477353931, 5502.911430487221, 5559.436802394672]}, "6": {"freq": [20.0, 68.00000004249999, 116.00000061625, 164.00000102500002, 212.0000017225, 260.00000121875, 308.00000413875006, 356.00000178, 404.00000404, 452.00000113000004, 500.0, 548.0000054800001, 596.0000018625001, 644.0000128800003, 692.0000309237514, 740.0000127187502, 788.0000398925021, 836.0000428450022, 884.0000005525001, 932.0000393187518, 980.0000367500014, 1028.000071638755], "ampl": [115.41730787911669, 608.2833823135189, 1165.4270880238525, 1710.7723282227264, 2225.8045694404595, 2699.8577827382737, 3131.3087148986237, 3518.5406547617345, 3864.7602545026593, 4169.998366647423, 4438.271431298124, 4673.454981123441, 4879.654167349485, 5058.511355066853, 5213.595751393456, 5348.0097325939905, 5464.962129341939, 5566.74750366319, 5652.3550831397115, 5732.269045986125, 5789.733501517984, 5844.510239999299]}, "7": {"freq": [20.0, 68.00000004249999, 116.00000061625, 164.00000102500002, 212.0000017225, 260.00000121875, 308.00000413875006, 356.00000178, 404.00000404, 452.00000113000004, 500.0, 548.0000054800001, 596.0000018625001, 644.0000128800003, 692.0000309237514, 740.0000127187502, 788.0000398925021, 836.0000428450022, 884.0000005525001, 932.0000393187518, 980.0000367500014, 1028.000071638755], "ampl": [106.34702391640008, 570.0411695577135, 1093.4653155283556, 1602.9157442710487, 2084.410325081859, 2526.767982443274, 2927.6956648850396, 3287.727263843775, 3606.089529815817, 3890.3118630128856, 4137.512000836285, 4352.755124461386, 4543.998629203499, 4707.429329377827, 4850.99068689367, 4974.001704832162, 5082.292435010768, 5174.064339782231, 5252.480534134762, 5325.475877352682, 5376.713474377231, 5427.240634573918]}, "wireSegments": [122, 124, 126, 128, 130, 132, 134, 136, 522, 524, 526, 528, 530, 532, 534, 536, 922, 924, 926, 928, 930, 932, 934, 936], "apaChannels": [136, 134, 132, 130, 128, 126, 124, 122], "measuredBy": "Chris Stanford", "stage": "Installation (Top)", "apaUuid": "43cd3950-268d-11ec-b6f5-a70e70a44436", "layer": "U", "headboardNum": "7", "side": "A"}