{"scanEndMode": 0, "0": {"freq": [20.0, 68.00000004249999, 116.00000061625, 164.00000102500002, 212.0000017225, 260.00000121875, 308.00000413875006, 356.00000178, 404.00000404, 452.00000113000004, 500.0, 548.0000054800001, 596.0000018625001, 644.0000128800003, 692.0000309237514, 740.0000127187502, 788.0000398925021, 836.0000428450022, 884.0000005525001, 932.0000393187518, 980.0000367500014, 1028.000071638755], "ampl": [93.38434320274507, 521.3622886323077, 1005.9911591320384, 1484.1255833918292, 1942.8603743058277, 2375.150628260122, 2776.9711269050686, 3147.4609504585424, 3487.3421460750296, 3795.512136534829, 4074.8336010322305, 4326.458343121068, 4547.317644385538, 4745.667584876774, 4924.137536665495, 5082.800634338941, 5221.9889436255535, 5342.561692046659, 5455.58343569637, 5551.917290654054, 5635.681888453701, 5710.078773096978]}, "1": {"freq": [20.0, 68.00000004249999, 116.00000061625, 164.00000102500002, 212.0000017225, 260.00000121875, 308.00000413875006, 356.00000178, 404.00000404, 452.00000113000004, 500.0, 548.0000054800001, 596.0000018625001, 644.0000128800003, 692.0000309237514, 740.0000127187502, 788.0000398925021, 836.0000428450022, 884.0000005525001, 932.0000393187518, 980.0000367500014, 1028.000071638755], "ampl": [104.67704989758393, 548.6036261645442, 1058.8094728103044, 1564.701783345049, 2050.5296962683783, 2509.1465712634144, 2938.5188738772745, 3334.68685511773, 3698.394950158509, 4028.4966293410757, 4329.457765899451, 4600.884931228985, 4842.7050462595635, 5060.138004216039, 5253.218672467889, 5428.019634175708, 5579.615366200596, 5711.071130989129, 5835.865795800769, 5943.172335581166, 6037.490585888826, 6120.648346462926]}, "2": {"freq": [20.0, 68.00000004249999, 116.00000061625, 164.00000102500002, 212.0000017225, 260.00000121875, 308.00000413875006, 356.00000178, 404.00000404, 452.00000113000004, 500.0, 548.0000054800001, 596.0000018625001, 644.0000128800003, 692.0000309237514, 740.0000127187502, 788.0000398925021, 836.0000428450022, 884.0000005525001, 932.0000393187518, 980.0000367500014, 1028.000071638755], "ampl": [89.4590257398011, 489.76163133870807, 946.9261994639637, 1397.7516188984032, 1831.0519986470256, 2239.266897203459, 2620.0094429108867, 2970.659903180237, 3293.3382785183167, 3585.7768333281174, 3850.0267042121873, 4089.97663973325, 4301.050486411898, 4492.044521926609, 4663.901601432114, 4815.196137078033, 4948.90266525426, 5065.329364560823, 5174.0085292786225, 5268.169746943459, 5349.095299022854, 5420.156160899672]}, "3": {"freq": [20.0, 68.00000004249999, 116.00000061625, 164.00000102500002, 212.0000017225, 260.00000121875, 308.00000413875006, 356.00000178, 404.00000404, 452.00000113000004, 500.0, 548.0000054800001, 596.0000018625001, 644.0000128800003, 692.0000309237514, 740.0000127187502, 788.0000398925021, 836.0000428450022, 884.0000005525001, 932.0000393187518, 980.0000367500014, 1028.000071638755], "ampl": [89.68276957232133, 481.7773301202845, 931.638082214877, 1379.7840830072987, 1809.296420006207, 2217.1762865889564, 2597.882759508209, 2949.2507489134528, 3273.577968817116, 3569.220241389306, 3837.297914484735, 4082.0993722030103, 4298.993666023243, 4495.322101218664, 4672.158447501712, 4828.233872003472, 4967.343339707052, 5089.3743952969535, 5202.311913050062, 5300.548863426426, 5387.049704243632, 5461.568483714088]}, "4": {"freq": [20.0, 68.00000004249999, 116.00000061625, 164.00000102500002, 212.0000017225, 260.00000121875, 308.00000413875006, 356.00000178, 404.00000404, 452.00000113000004, 500.0, 548.0000054800001, 596.0000018625001, 644.0000128800003, 692.0000309237514, 740.0000127187502, 788.0000398925021, 836.0000428450022, 884.0000005525001, 932.0000393187518, 980.0000367500014, 1028.000071638755], "ampl": [82.27228193991947, 463.7841165909204, 893.0652436322528, 1319.1367740801888, 1728.4335431926663, 2112.2810272942256, 2471.573451420994, 2804.2384466948265, 3109.717540022414, 3386.9477911352024, 3638.174412289964, 3866.2726093345236, 4067.5899151002936, 4250.771186599004, 4414.114276707031, 4559.887776622129, 4685.0854708309, 4796.230832552964, 4906.1023295576615, 4988.716799935892, 5065.739597086985, 5129.494947760115]}, "5": {"freq": [20.0, 68.00000004249999, 116.00000061625, 164.00000102500002, 212.0000017225, 260.00000121875, 308.00000413875006, 356.00000178, 404.00000404, 452.00000113000004, 500.0, 548.0000054800001, 596.0000018625001, 644.0000128800003, 692.0000309237514, 740.0000127187502, 788.0000398925021, 836.0000428450022, 884.0000005525001, 932.0000393187518, 980.0000367500014, 1028.000071638755], "ampl": [82.85574603909875, 438.8644502055667, 848.732040235674, 1255.7695659703063, 1648.062126325951, 2018.0887321778152, 2367.404448782028, 2692.974562287025, 2993.7307080052587, 3269.4252180909943, 3520.9390266814603, 3751.3002233165153, 3955.9638165157485, 4141.444202023428, 4309.266435146667, 4461.796040756364, 4592.114879629892, 4707.3057479375275, 4822.665997281591, 4910.92235312301, 4991.022918182891, 5061.497015697764]}, "6": {"freq": [20.0, 68.00000004249999, 116.00000061625, 164.00000102500002, 212.0000017225, 260.00000121875, 308.00000413875006, 356.00000178, 404.00000404, 452.00000113000004, 500.0, 548.0000054800001, 596.0000018625001, 644.0000128800003, 692.0000309237514, 740.0000127187502, 788.0000398925021, 836.0000428450022, 884.0000005525001, 932.0000393187518, 980.0000367500014, 1028.000071638755], "ampl": [82.95247937423275, 452.4944944076268, 874.8716218785898, 1289.9794052839916, 1689.844461928252, 2064.5746656689616, 2413.233002593296, 2734.7939095994193, 3030.134599953799, 3296.6668027080173, 3537.0966478375635, 3754.374666542475, 3946.396708670253, 4119.079789157215, 4273.673573318016, 4412.3638113598845, 4527.970922997216, 4632.559358151055, 4734.655116181182, 4808.244540416879, 4879.572632590159, 4940.511992419168]}, "7": {"freq": [20.0, 68.00000004249999, 116.00000061625, 164.00000102500002, 212.0000017225, 260.00000121875, 308.00000413875006, 356.00000178, 404.00000404, 452.00000113000004, 500.0, 548.0000054800001, 596.0000018625001, 644.0000128800003, 692.0000309237514, 740.0000127187502, 788.0000398925021, 836.0000428450022, 884.0000005525001, 932.0000393187518, 980.0000367500014, 1028.000071638755], "ampl": [72.90209442855287, 394.6693073243502, 764.575539812377, 1129.2535239962215, 1481.5217617894675, 1814.4362822456956, 2125.549553079449, 2415.3102500217724, 2680.9019014227556, 2923.3483850801717, 3142.834667475765, 3342.63630342543, 3520.495964722739, 3681.978766574477, 3825.615516721374, 3956.9774325126677, 4068.0729497038424, 4168.197875262004, 4263.472857300012, 4337.230679898143, 4407.916352326174, 4468.0997546043045]}, "wireSegments": [290, 292, 294, 296, 298, 300, 302, 304], "apaChannels": [290, 292, 294, 296, 298, 300, 302, 304], "measuredBy": "Chris Stanford", "stage": "Installation (Top)", "apaUuid": "43cd3950-268d-11ec-b6f5-a70e70a44436", "layer": "X", "headboardNum": "7", "side": "A"}