{"scanEndMode": 0, "0": {"freq": [100.0, 150.0000005859375, 200.0, 250.0, 300.0000046875001, 350.0000054687501, 400.0, 450.0000070312501, 500.0, 550.0000064453126, 600.0000093750002, 650.0000228515634, 700.0000109375002, 750.0000292968762, 800.0, 850.0000298828136, 900.0000140625002, 950.0000148437501, 1000.0], "ampl": [4088.5269461846497, 6045.950992585883, 7780.101496074225, 9278.119828005436, 10540.058076930074, 11587.716654311473, 12450.733669737652, 13155.31380445083, 13737.538143589414, 14209.36118887837, 14598.866750968251, 14914.377660428525, 15166.770765879419, 15377.255510650979, 15548.025464297429, 15686.310520075163, 15802.634474530385, 15884.679959069159, 15953.216307200479]}, "1": {"freq": [100.0, 150.0000005859375, 200.0, 250.0, 300.0000046875001, 350.0000054687501, 400.0, 450.0000070312501, 500.0, 550.0000064453126, 600.0000093750002, 650.0000228515634, 700.0000109375002, 750.0000292968762, 800.0, 850.0000298828136, 900.0000140625002, 950.0000148437501, 1000.0], "ampl": [7020.172451065717, 9861.661676173513, 12026.77924010459, 13648.9775226122, 14847.797704364906, 15741.833280566729, 16407.582874830485, 16911.33465097347, 17303.140398982283, 17599.07263134711, 17830.67188216512, 18004.216540657853, 18132.13531188868, 18234.740540893523, 18306.026225434984, 18359.4862914776, 18398.8435879997, 18412.470862844064, 18420.653542132255]}, "2": {"freq": [100.0, 150.0000005859375, 200.0, 250.0, 300.0000046875001, 350.0000054687501, 400.0, 450.0000070312501, 500.0, 550.0000064453126, 600.0000093750002, 650.0000228515634, 700.0000109375002, 750.0000292968762, 800.0, 850.0000298828136, 900.0000140625002, 950.0000148437501, 1000.0], "ampl": [7186.527802157426, 10109.981079143525, 12339.7088551677, 14005.015072808974, 15231.491598795363, 16136.583133619575, 16807.25754712864, 17306.050190994767, 17691.663215884448, 17978.416412701317, 18203.482992153768, 18367.62521435025, 18486.834070933386, 18580.944051608785, 18644.223770377987, 18691.173948737767, 18726.331608882407, 18734.097787852614, 18734.975764641273]}, "3": {"freq": [100.0, 150.0000005859375, 200.0, 250.0, 300.0000046875001, 350.0000054687501, 400.0, 450.0000070312501, 500.0, 550.0000064453126, 600.0000093750002, 650.0000228515634, 700.0000109375002, 750.0000292968762, 800.0, 850.0000298828136, 900.0000140625002, 950.0000148437501, 1000.0], "ampl": [6991.631675051482, 9861.879568958097, 12066.325120119342, 13721.12141220901, 14946.360622386565, 15851.715554647883, 16525.359632385233, 17027.39311922441, 17416.650850546546, 17705.93720253775, 17932.050258623993, 18102.184081949617, 18219.89982685306, 18317.327587935175, 18382.28834699469, 18431.337868846767, 18466.974644960894, 18474.708064238912, 18479.1701900744]}, "4": {"freq": [100.0, 150.0000005859375, 200.0, 250.0, 300.0000046875001, 350.0000054687501, 400.0, 450.0000070312501, 500.0, 550.0000064453126, 600.0000093750002, 650.0000228515634, 700.0000109375002, 750.0000292968762, 800.0, 850.0000298828136, 900.0000140625002, 950.0000148437501, 1000.0], "ampl": [7148.345861343998, 10058.086507761487, 12280.842496298768, 13938.721526057534, 15161.363190881582, 16065.178284928274, 16734.109795651217, 17231.059360368854, 17615.792631278342, 17901.24112433578, 18122.724076089275, 18289.01749185328, 18405.804864330985, 18502.055268616958, 18565.72354453775, 18612.89454273144, 18646.730824561655, 18655.661874258407, 18654.04689996121]}, "5": {"freq": [100.0, 150.0000005859375, 200.0, 250.0, 300.0000046875001, 350.0000054687501, 400.0, 450.0000070312501, 500.0, 550.0000064453126, 600.0000093750002, 650.0000228515634, 700.0000109375002, 750.0000292968762, 800.0, 850.0000298828136, 900.0000140625002, 950.0000148437501, 1000.0], "ampl": [6946.641269219508, 9808.31109286858, 12015.984045148396, 13677.98774435803, 14912.395321313292, 15831.704373859382, 16512.947488951526, 17023.726628848253, 17417.280508444233, 17714.159149321855, 17945.67040782171, 18114.902070046082, 18240.666654593406, 18338.553628860627, 18407.544544141198, 18459.574661208757, 18497.549617765228, 18504.656953441263, 18511.02420315799]}, "6": {"freq": [100.0, 150.0000005859375, 200.0, 250.0, 300.0000046875001, 350.0000054687501, 400.0, 450.0000070312501, 500.0, 550.0000064453126, 600.0000093750002, 650.0000228515634, 700.0000109375002, 750.0000292968762, 800.0, 850.0000298828136, 900.0000140625002, 950.0000148437501, 1000.0], "ampl": [7094.200689695901, 9977.747152205662, 12177.096263077421, 13819.368345363384, 15028.691724620072, 15919.571299034902, 16580.139598520538, 17071.91095678508, 17451.404633179984, 17732.1532646528, 17951.175824975267, 18115.261708307597, 18230.43319435349, 18322.87871551482, 18386.01411107657, 18430.989411313953, 18466.130000304678, 18470.071899337137, 18473.084018198508]}, "7": {"freq": [100.0, 150.0000005859375, 200.0, 250.0, 300.0000046875001, 350.0000054687501, 400.0, 450.0000070312501, 500.0, 550.0000064453126, 600.0000093750002, 650.0000228515634, 700.0000109375002, 750.0000292968762, 800.0, 850.0000298828136, 900.0000140625002, 950.0000148437501, 1000.0], "ampl": [6875.858383104524, 9708.34847811498, 11888.159415980255, 13529.919931988805, 14748.73878878598, 15650.14144611805, 16321.739939442648, 16822.79756842644, 17212.380095581626, 17503.913423974453, 17728.443198643028, 17897.157516524643, 18018.134690687268, 18115.610132947695, 18182.6037788718, 18232.571725891743, 18266.799881192932, 18276.54055680048, 18282.588238624478]}, "wireSegments": [34, 36, 38, 40, 42, 44, 46, 48], "apaChannels": [48, 46, 44, 42, 40, 38, 36, 34], "measuredBy": "", "stage": "DWA Development", "apaUuid": "continuity220-12", "layer": "X", "headboardNum": "1", "side": "A"}