{"scanEndMode": 0, "0": {"freq": [], "ampl": []}, "1": {"freq": [], "ampl": []}, "2": {"freq": [], "ampl": []}, "3": {"freq": [], "ampl": []}, "4": {"freq": [100.0, 150.0000005859375, 200.0, 250.0, 300.0000046875001, 350.0000054687501, 400.0, 450.0000070312501, 500.0, 550.0000064453126, 600.0000093750002, 650.0000228515634, 700.0000109375002, 750.0000292968762, 800.0, 850.0000298828136, 900.0000140625002, 950.0000148437501, 1000.0], "ampl": [3988.0025982466145, 5903.326212831836, 7605.866161490463, 9072.647087078554, 10315.391377407414, 11339.417575586016, 12186.73879060084, 12881.661964569204, 13452.81774587288, 13904.585736975589, 14284.822166987831, 14592.749803696037, 14847.770989012022, 15048.936352879437, 15219.266440889214, 15355.876820311612, 15457.557755265132, 15549.753258725297, 15621.057953041063]}, "5": {"freq": [100.0, 150.0000005859375, 200.0, 250.0, 300.0000046875001, 350.0000054687501, 400.0, 450.0000070312501, 500.0, 550.0000064453126, 600.0000093750002, 650.0000228515634, 700.0000109375002, 750.0000292968762, 800.0, 850.0000298828136, 900.0000140625002, 950.0000148437501, 1000.0], "ampl": [6999.021188615188, 9840.555276399627, 12020.89758164544, 13650.518185712643, 14864.065808054487, 15762.515994946642, 16439.68172549256, 16953.913219244496, 17353.40826428022, 17640.909944461353, 17876.641660236153, 18053.847506441063, 18192.938157939177, 18289.327736775856, 18370.424424351037, 18424.047977017297, 18451.596071261887, 18481.807229311387, 18493.746574259923]}, "6": {"freq": [100.0, 150.0000005859375, 200.0, 250.0, 300.0000046875001, 350.0000054687501, 400.0, 450.0000070312501, 500.0, 550.0000064453126, 600.0000093750002, 650.0000228515634, 700.0000109375002, 750.0000292968762, 800.0, 850.0000298828136, 900.0000140625002, 950.0000148437501, 1000.0], "ampl": [7180.919597897818, 10095.340586295815, 12323.960885804825, 13980.9112639639, 15206.065395665553, 16104.280430267223, 16773.03286560837, 17273.86874252006, 17658.892544663904, 17933.677326879893, 18154.54418924528, 18319.94660007861, 18446.30918271688, 18533.722657252252, 18604.784528428725, 18648.961009364008, 18669.473647183506, 18693.743103832316, 18700.26701022697]}, "7": {"freq": [100.0, 150.0000005859375, 200.0, 250.0, 300.0000046875001, 350.0000054687501, 400.0, 450.0000070312501, 500.0, 550.0000064453126, 600.0000093750002, 650.0000228515634, 700.0000109375002, 750.0000292968762, 800.0, 850.0000298828136, 900.0000140625002, 950.0000148437501, 1000.0], "ampl": [6945.90288171973, 9798.731575392747, 11997.382187803178, 13644.075603631192, 14867.846454512102, 15769.400927498958, 16442.398897228875, 16949.76908185981, 17341.38837565516, 17619.023610346765, 17844.976658701722, 18014.2903570857, 18143.948078432208, 18234.3740709601, 18307.280568090555, 18353.143077943358, 18376.519437108218, 18401.95922852418, 18412.12524914226]}, "wireSegments": [34, 36, 38, 40, 434, 436, 438, 440, 834, 836, 838, 840], "apaChannels": [null, null, null, null, 40, 38, 36, 34], "measuredBy": "", "stage": "DWA Development", "apaUuid": "continuity220-12", "layer": "V", "headboardNum": "1", "side": "A"}