{"0": {"freq": [20.0, 68.00000004249999, 116.00000061625, 164.00000102500002, 212.0000017225, 260.00000121875, 308.00000413875006, 356.00000178, 404.00000404, 452.00000113000004, 500.0, 548.0000054800001, 596.0000018625001, 644.0000128800003, 692.0000309237514, 740.0000127187502, 788.0000398925021, 836.0000428450022, 884.0000005525001, 932.0000393187518, 980.0000367500014, 1028.000071638755], "ampl": [133.12992495484312, 684.5087794319458, 1331.4375817237355, 1978.7902509754335, 2608.1109184398324, 3208.4573758439938, 3777.851414911488, 4311.202103113518, 4806.009903985456, 5267.696502758276, 5689.707096418662, 6074.972190150782, 6428.317136950324, 6746.713853093361, 7042.916947779247, 7295.714248979874, 7534.387602252862, 7744.706604027219, 7936.397563242743, 8104.814426764648, 8257.123726535347, 8390.97427966987]}, "1": {"freq": [20.0, 68.00000004249999, 116.00000061625, 164.00000102500002, 212.0000017225, 260.00000121875, 308.00000413875006, 356.00000178, 404.00000404, 452.00000113000004, 500.0, 548.0000054800001, 596.0000018625001, 644.0000128800003, 692.0000309237514, 740.0000127187502, 788.0000398925021, 836.0000428450022, 884.0000005525001, 932.0000393187518, 980.0000367500014, 1028.000071638755], "ampl": [207.52229899594866, 1138.9475873279712, 2216.858842171126, 3280.8391945679787, 4302.686455498841, 5262.451190117759, 6152.081287566318, 6971.487705213577, 7716.548186858468, 8393.040763953328, 9000.767137459658, 9546.629766463895, 10036.925553206958, 10470.46213779426, 10865.685660593403, 11200.392981750281, 11507.291114299143, 11774.393787218574, 12016.43061502345, 12224.560542801304, 12409.345763297228, 12569.399538224401]}, "2": {"freq": [20.0, 68.00000004249999, 116.00000061625, 164.00000102500002, 212.0000017225, 260.00000121875, 308.00000413875006, 356.00000178, 404.00000404, 452.00000113000004, 500.0, 548.0000054800001, 596.0000018625001, 644.0000128800003, 692.0000309237514, 740.0000127187502, 788.0000398925021, 836.0000428450022, 884.0000005525001, 932.0000393187518, 980.0000367500014, 1028.000071638755], "ampl": [212.29158557744057, 1159.0505286687237, 2251.6044923910263, 3331.4728363922127, 4371.110046816527, 5352.937798972897, 6263.526501819943, 7105.163548130416, 7873.707465026224, 8571.054028921, 9202.6947166529, 9772.230364745192, 10281.169697285419, 10733.959608561998, 11146.958879956801, 11499.110241647153, 11820.526757971838, 12100.864931015425, 12356.192216850166, 12575.57228424744, 12771.654255431897, 12939.833145536057]}, "3": {"freq": [20.0, 68.00000004249999, 116.00000061625, 164.00000102500002, 212.0000017225, 260.00000121875, 308.00000413875006, 356.00000178, 404.00000404, 452.00000113000004, 500.0, 548.0000054800001, 596.0000018625001, 644.0000128800003, 692.0000309237514, 740.0000127187502, 788.0000398925021, 836.0000428450022, 884.0000005525001, 932.0000393187518, 980.0000367500014, 1028.000071638755], "ampl": [215.99761914689577, 1199.4827346763475, 2332.4580220381717, 3448.3606959684694, 4516.552920125408, 5522.750718972972, 6452.791664051574, 7306.758939901013, 8083.546249230509, 8787.694997181557, 9419.812616370058, 9988.979655801513, 10496.65105310353, 10947.342295171107, 11356.532232597187, 11702.483580781287, 12019.975454637097, 12296.012685895854, 12544.777009770676, 12760.909801195876, 12951.512080099023, 13114.502109852985]}, "4": {"freq": [20.0, 68.00000004249999, 116.00000061625, 164.00000102500002, 212.0000017225, 260.00000121875, 308.00000413875006, 356.00000178, 404.00000404, 452.00000113000004, 500.0, 548.0000054800001, 596.0000018625001, 644.0000128800003, 692.0000309237514, 740.0000127187502, 788.0000398925021, 836.0000428450022, 884.0000005525001, 932.0000393187518, 980.0000367500014, 1028.000071638755], "ampl": [131.00998252141758, 676.0085751284312, 1319.2375368773296, 1960.602846329256, 2585.43140788984, 3182.8244743254854, 3747.4636990733984, 4275.948944422045, 4767.716996990143, 5225.6820237631955, 5645.6497799007475, 6031.627503920236, 6383.6624431678565, 6703.719619931709, 6998.528367797803, 7253.202328506861, 7492.555324264846, 7705.120454550217, 7897.013090515712, 8070.073683868797, 8221.278918571496, 8358.165651830142]}, "5": {"freq": [20.0, 68.00000004249999, 116.00000061625, 164.00000102500002, 212.0000017225, 260.00000121875, 308.00000413875006, 356.00000178, 404.00000404, 452.00000113000004, 500.0, 548.0000054800001, 596.0000018625001, 644.0000128800003, 692.0000309237514, 740.0000127187502, 788.0000398925021, 836.0000428450022, 884.0000005525001, 932.0000393187518, 980.0000367500014, 1028.000071638755], "ampl": [203.4808680500624, 1127.664520016747, 2196.8119212630636, 3251.130208170787, 4259.575970921022, 5206.780968301129, 6084.090081501911, 6889.874978269956, 7620.398369941532, 8283.268273308067, 8876.780294456052, 9410.260856178244, 9888.081908444734, 10312.202330167253, 10694.760611192989, 11019.69825378703, 11317.022927874876, 11575.936238711534, 11810.541867684704, 12012.38694518367, 12190.34009984998, 12346.052089818753]}, "6": {"freq": [20.0, 68.00000004249999, 116.00000061625, 164.00000102500002, 212.0000017225, 260.00000121875, 308.00000413875006, 356.00000178, 404.00000404, 452.00000113000004, 500.0, 548.0000054800001, 596.0000018625001, 644.0000128800003, 692.0000309237514, 740.0000127187502, 788.0000398925021, 836.0000428450022, 884.0000005525001, 932.0000393187518, 980.0000367500014, 1028.000071638755], "ampl": [237.75205613865293, 1226.8338415719406, 2353.9970271150223, 3460.272608153159, 4516.779177164341, 5508.775510979557, 6423.011680768461, 7259.628746088562, 8015.551802497238, 8700.118636902509, 9310.723352610075, 9857.323113126617, 10347.05060039035, 10775.966456368318, 11165.405582855818, 11492.099402269268, 11790.111570743944, 12051.915109755182, 12285.05791840131, 12486.345926808539, 12663.284818203336, 12814.13472452617]}, "7": {"freq": [20.0, 68.00000004249999, 116.00000061625, 164.00000102500002, 212.0000017225, 260.00000121875, 308.00000413875006, 356.00000178, 404.00000404, 452.00000113000004, 500.0, 548.0000054800001, 596.0000018625001, 644.0000128800003, 692.0000309237514, 740.0000127187502, 788.0000398925021, 836.0000428450022, 884.0000005525001, 932.0000393187518, 980.0000367500014, 1028.000071638755], "ampl": [225.7524940316048, 1231.0470996836914, 2386.094210201936, 3517.2712169806146, 4592.645053201519, 5598.590206839373, 6520.006189010316, 7359.0154703002345, 8112.720363295143, 8792.82568881807, 9398.456548548633, 9936.08795088216, 10414.529705353574, 10834.639534203605, 11214.446945317663, 11529.647825245951, 11818.711079605355, 12068.767882786762, 12293.663585187669, 12485.468485537476, 12654.569573962433, 12799.154857385258]}, "wireSegments": null, "apaChannels": null, "measuredBy": null, "stage": null, "apaUuid": null, "layer": null, "headboardNum": null, "side": null}