{"0": {"freq": [20.0, 68.00000004249999, 116.00000061625, 164.00000102500002, 212.0000017225, 260.00000121875, 308.00000413875006, 356.00000178, 404.00000404, 452.00000113000004, 500.0, 548.0000054800001, 596.0000018625001, 644.0000128800003, 692.0000309237514, 740.0000127187502, 788.0000398925021, 836.0000428450022, 884.0000005525001, 932.0000393187518, 980.0000367500014, 1028.000071638755], "ampl": [217.5864460592529, 1205.5649757088236, 2345.932842204265, 3474.964939633566, 4560.073206100615, 5580.935155060765, 6530.377622066849, 7407.789131963168, 8206.18553185603, 8937.212309785384, 9583.874425061056, 10172.32337268764, 10698.534634484933, 11168.853892093, 11585.857500342341, 11957.254232405538, 12287.26423410383, 12578.331694344617, 12837.683176855806, 13065.830735167076, 13263.209257630768, 13436.67032149818]}, "1": {"freq": [20.0, 68.00000004249999, 116.00000061625, 164.00000102500002, 212.0000017225, 260.00000121875, 308.00000413875006, 356.00000178, 404.00000404, 452.00000113000004, 500.0, 548.0000054800001, 596.0000018625001, 644.0000128800003, 692.0000309237514, 740.0000127187502, 788.0000398925021, 836.0000428450022, 884.0000005525001, 932.0000393187518, 980.0000367500014, 1028.000071638755], "ampl": [213.53408534657862, 1157.8644057999409, 2248.609394864425, 3328.4532667008943, 4367.937804465058, 5345.782616810705, 6259.081397083273, 7101.958451874458, 7874.035844236075, 8579.717987722608, 9207.626217073668, 9780.070531259817, 10293.304092192448, 10752.341492622816, 11161.350912450042, 11525.57079255447, 11849.704726469176, 12137.371616028651, 12395.367462196316, 12619.00126194234, 12816.01165947865, 12987.919737007931]}, "2": {"freq": [20.0, 68.00000004249999, 116.00000061625, 164.00000102500002, 212.0000017225, 260.00000121875, 308.00000413875006, 356.00000178, 404.00000404, 452.00000113000004, 500.0, 548.0000054800001, 596.0000018625001, 644.0000128800003, 692.0000309237514, 740.0000127187502, 788.0000398925021, 836.0000428450022, 884.0000005525001, 932.0000393187518, 980.0000367500014, 1028.000071638755], "ampl": [214.79862724268511, 1194.6344582508855, 2323.245102145812, 3437.689359235101, 4510.137997650854, 5516.411909680054, 6455.185136378779, 7321.885321477552, 8111.247059324322, 8835.42294053328, 9477.92115293727, 10061.36586367697, 10585.097959019653, 11053.072567737092, 11470.49010472973, 11840.61557709174, 12171.582991208203, 12462.441864287344, 12722.40200618975, 12951.23000890452, 13151.21685489003, 13327.520005623563]}, "3": {"freq": [20.0, 68.00000004249999, 116.00000061625, 164.00000102500002, 212.0000017225, 260.00000121875, 308.00000413875006, 356.00000178, 404.00000404, 452.00000113000004, 500.0, 548.0000054800001, 596.0000018625001, 644.0000128800003, 692.0000309237514, 740.0000127187502, 788.0000398925021, 836.0000428450022, 884.0000005525001, 932.0000393187518, 980.0000367500014, 1028.000071638755], "ampl": [125.7584496158902, 658.7305354346751, 1289.5057968549115, 1923.873360755297, 2541.6007869213013, 3132.4608081129913, 3695.484961283023, 4224.47108096557, 4719.289639504586, 5179.398661970904, 5600.909533652552, 5993.010307798298, 6349.689110722595, 6677.00359118011, 6973.169155966349, 7242.382331452714, 7485.9945013621, 7707.828602373517, 7907.775421686283, 8086.382258622679, 8245.734541961874, 8388.776169188424]}, "4": {"freq": [20.0, 68.00000004249999, 116.00000061625, 164.00000102500002, 212.0000017225, 260.00000121875, 308.00000413875006, 356.00000178, 404.00000404, 452.00000113000004, 500.0, 548.0000054800001, 596.0000018625001, 644.0000128800003, 692.0000309237514, 740.0000127187502, 788.0000398925021, 836.0000428450022, 884.0000005525001, 932.0000393187518, 980.0000367500014, 1028.000071638755], "ampl": [213.99287511857887, 1183.461031556344, 2292.535694423347, 3386.685146388803, 4434.4384010502845, 5418.631926000592, 6334.213614751559, 7180.972100974651, 7952.564876303443, 8660.316422547983, 9288.148873978262, 9860.318406639572, 10372.252080103546, 10830.822436619714, 11238.603411465509, 11602.91429639347, 11928.60812219808, 12214.367420129473, 12469.957145645723, 12693.6447175055, 12890.2453219024, 13062.184604968632]}, "5": {"freq": [20.0, 68.00000004249999, 116.00000061625, 164.00000102500002, 212.0000017225, 260.00000121875, 308.00000413875006, 356.00000178, 404.00000404, 452.00000113000004, 500.0, 548.0000054800001, 596.0000018625001, 644.0000128800003, 692.0000309237514, 740.0000127187502, 788.0000398925021, 836.0000428450022, 884.0000005525001, 932.0000393187518, 980.0000367500014, 1028.000071638755], "ampl": [213.21829047108827, 1160.5041490269296, 2253.488613794209, 3336.6947280914337, 4377.267654155362, 5357.147616982503, 6267.836350401474, 7112.212010751206, 7879.612696444368, 8584.072794703221, 9208.213710300073, 9777.063680033247, 10284.73090202364, 10739.82767219433, 11143.5938084185, 11504.242653868605, 11824.428867049706, 12107.91333781046, 12359.600995872242, 12580.737311002054, 12774.618824215144, 12943.49248252393]}, "6": {"freq": [20.0, 68.00000004249999, 116.00000061625, 164.00000102500002, 212.0000017225, 260.00000121875, 308.00000413875006, 356.00000178, 404.00000404, 452.00000113000004, 500.0, 548.0000054800001, 596.0000018625001, 644.0000128800003, 692.0000309237514, 740.0000127187502, 788.0000398925021, 836.0000428450022, 884.0000005525001, 932.0000393187518, 980.0000367500014, 1028.000071638755], "ampl": [224.83790183111216, 1230.869966290323, 2391.1929276240394, 3533.9079240194405, 4624.00828782791, 5639.881538750565, 6577.192371238739, 7436.648329274418, 8208.51099688585, 8908.887934758928, 9525.637305316577, 10080.82356071922, 10571.057817652114, 11008.422221601315, 11391.655421725527, 11729.670434718066, 12028.724912650603, 12291.561049701786, 12522.858258510183, 12723.687555645853, 12898.567957571602, 13049.59304829546]}, "7": {"freq": [20.0, 68.00000004249999, 116.00000061625, 164.00000102500002, 212.0000017225, 260.00000121875, 308.00000413875006, 356.00000178, 404.00000404, 452.00000113000004, 500.0, 548.0000054800001, 596.0000018625001, 644.0000128800003, 692.0000309237514, 740.0000127187502, 788.0000398925021, 836.0000428450022, 884.0000005525001, 932.0000393187518, 980.0000367500014, 1028.000071638755], "ampl": [144.04129256648397, 684.6858698213215, 1302.226859354094, 1916.2534198025785, 2512.9507997260494, 3078.832118924472, 3611.291730925345, 4108.226012516515, 4570.9433709360765, 4996.3948077933055, 5381.463228096445, 5733.734545617395, 6055.21385875409, 6347.105461992052, 6607.436633710389, 6842.228830384329, 7053.454610757634, 7243.469701657687, 7412.947750111541, 7565.299418398801, 7699.583344357037, 7817.105728049589]}, "wireSegments": null, "apaChannels": null, "measuredBy": null, "stage": null, "apaUuid": null, "layer": null, "headboardNum": null, "side": null}