{"0": {"freq": [20.0, 68.00000004249999, 116.00000061625, 164.00000102500002, 212.0000017225, 260.00000121875, 308.00000413875006, 356.00000178, 404.00000404, 452.00000113000004, 500.0, 548.0000054800001, 596.0000018625001, 644.0000128800003, 692.0000309237514, 740.0000127187502, 788.0000398925021, 836.0000428450022, 884.0000005525001, 932.0000393187518, 980.0000367500014, 1028.000071638755], "ampl": [212.20120691544204, 1181.4781856265931, 2293.58105724813, 3389.46414915158, 4442.437093488031, 5436.009541786994, 6361.87802838579, 7216.272944301221, 7999.51743443495, 8710.240150347367, 9357.968901255146, 9938.558256360579, 10463.086809112252, 10930.774923431536, 11351.5086254784, 11722.205986984456, 12055.946628024984, 12352.087681454, 12623.832278591277, 12849.985688652609, 13049.359717270627, 13238.781644133884]}, "1": {"freq": [20.0, 68.00000004249999, 116.00000061625, 164.00000102500002, 212.0000017225, 260.00000121875, 308.00000413875006, 356.00000178, 404.00000404, 452.00000113000004, 500.0, 548.0000054800001, 596.0000018625001, 644.0000128800003, 692.0000309237514, 740.0000127187502, 788.0000398925021, 836.0000428450022, 884.0000005525001, 932.0000393187518, 980.0000367500014, 1028.000071638755], "ampl": [208.16467122143857, 1138.7958625024596, 2210.0489877392624, 3266.921903015963, 4281.349429212899, 5239.104598877566, 6130.951804502185, 6955.616073961728, 7712.979406240015, 8401.954274265532, 9028.76362643125, 9593.18182946834, 10101.279867692589, 10553.832296255416, 10961.625310537807, 11323.826787196946, 11648.670123131584, 11938.715607630242, 12201.877974711215, 12422.04665721833, 12617.708054658187, 12804.503848851846]}, "2": {"freq": [20.0, 68.00000004249999, 116.00000061625, 164.00000102500002, 212.0000017225, 260.00000121875, 308.00000413875006, 356.00000178, 404.00000404, 452.00000113000004, 500.0, 548.0000054800001, 596.0000018625001, 644.0000128800003, 692.0000309237514, 740.0000127187502, 788.0000398925021, 836.0000428450022, 884.0000005525001, 932.0000393187518, 980.0000367500014, 1028.000071638755], "ampl": [214.94550189600062, 1199.493387098725, 2330.9357047129615, 3448.9386385891485, 4521.209252353194, 5530.962079683209, 6470.9142456382215, 7336.046081993783, 8128.054501899813, 8843.812826357545, 9498.014601394374, 10079.900094760873, 10603.698577892708, 11071.535887245542, 11490.828780549506, 11860.014866464307, 12191.108808733801, 12485.57592986592, 12753.43073515552, 12974.060382650694, 13172.924768231462, 13360.74983150403]}, "3": {"freq": [20.0, 68.00000004249999, 116.00000061625, 164.00000102500002, 212.0000017225, 260.00000121875, 308.00000413875006, 356.00000178, 404.00000404, 452.00000113000004, 500.0, 548.0000054800001, 596.0000018625001, 644.0000128800003, 692.0000309237514, 740.0000127187502, 788.0000398925021, 836.0000428450022, 884.0000005525001, 932.0000393187518, 980.0000367500014, 1028.000071638755], "ampl": [120.07641471009788, 633.4053482946632, 1241.8281322832922, 1853.3754377382293, 2447.5944323006693, 3017.5439139802966, 3558.84236758789, 4069.0220598168335, 4546.736598513983, 4989.010368816854, 5400.547419654828, 5777.81930822246, 6124.932288164711, 6442.020584361466, 6730.881933376457, 6993.018381952546, 7231.30718586305, 7446.654051817158, 7646.055283550835, 7816.402312344231, 7971.378496555895, 8118.899687940613]}, "4": {"freq": [20.0, 68.00000004249999, 116.00000061625, 164.00000102500002, 212.0000017225, 260.00000121875, 308.00000413875006, 356.00000178, 404.00000404, 452.00000113000004, 500.0, 548.0000054800001, 596.0000018625001, 644.0000128800003, 692.0000309237514, 740.0000127187502, 788.0000398925021, 836.0000428450022, 884.0000005525001, 932.0000393187518, 980.0000367500014, 1028.000071638755], "ampl": [229.11088292352323, 1255.7743013626844, 2429.00830600541, 3577.189111362261, 4673.402785596207, 5698.073892173183, 6647.35338435626, 7517.4821406045585, 8309.050346535027, 9021.71038209165, 9667.404693518241, 10240.088046486822, 10755.996630610605, 11209.90863970148, 11618.126440799386, 11975.963981691859, 12297.187181724146, 12577.671461624717, 12835.147703018949, 13044.63450849804, 13232.533894265216, 13409.274668549451]}, "5": {"freq": [20.0, 68.00000004249999, 116.00000061625, 164.00000102500002, 212.0000017225, 260.00000121875, 308.00000413875006, 356.00000178, 404.00000404, 452.00000113000004, 500.0, 548.0000054800001, 596.0000018625001, 644.0000128800003, 692.0000309237514, 740.0000127187502, 788.0000398925021, 836.0000428450022, 884.0000005525001, 932.0000393187518, 980.0000367500014, 1028.000071638755], "ampl": [221.85661644567037, 1204.87800068603, 2336.8489047299354, 3450.0598913485615, 4513.439484460807, 5511.906890913888, 6438.632958764215, 7287.816227795902, 8061.582439146668, 8761.00013786808, 9394.502021936725, 9959.012215293782, 10463.203498317273, 10913.459201311121, 11314.313994374175, 11667.939919784696, 11983.278263082731, 12261.963750142777, 12515.298032000192, 12724.590366530603, 12909.819531045958, 13085.90350781149]}, "6": {"freq": [20.0, 68.00000004249999, 116.00000061625, 164.00000102500002, 212.0000017225, 260.00000121875, 308.00000413875006, 356.00000178, 404.00000404, 452.00000113000004, 500.0, 548.0000054800001, 596.0000018625001, 644.0000128800003, 692.0000309237514, 740.0000127187502, 788.0000398925021, 836.0000428450022, 884.0000005525001, 932.0000393187518, 980.0000367500014, 1028.000071638755], "ampl": [243.9490546829819, 1300.3368329088596, 2519.67176745656, 3714.102487447152, 4850.248935311515, 5903.637332146377, 6872.864152496321, 7750.312072216593, 8540.002511754914, 9245.47462507036, 9875.492868861696, 10431.027365644513, 10922.298716816544, 11354.629840666383, 11736.870549037722, 12066.793754522292, 12360.720872499522, 12616.052850228383, 12847.885248173823, 13036.174944060625, 13201.918400855684, 13355.271870498022]}, "7": {"freq": [20.0, 68.00000004249999, 116.00000061625, 164.00000102500002, 212.0000017225, 260.00000121875, 308.00000413875006, 356.00000178, 404.00000404, 452.00000113000004, 500.0, 548.0000054800001, 596.0000018625001, 644.0000128800003, 692.0000309237514, 740.0000127187502, 788.0000398925021, 836.0000428450022, 884.0000005525001, 932.0000393187518, 980.0000367500014, 1028.000071638755], "ampl": [119.04716705524234, 621.9397304336034, 1214.1481627918197, 1808.778869784429, 2387.026746307073, 2934.863025722583, 3450.564490048218, 3931.703990506026, 4377.883345619412, 4784.115326560879, 5158.668503308768, 5497.208325964831, 5805.006376045352, 6079.548150396379, 6330.361506876681, 6553.693127248172, 6752.956919318894, 6933.042835418874, 7097.199479764897, 7236.4582300471075, 7359.4243672636785, 7475.776811399826]}, "wireSegments": null, "apaChannels": null, "measuredBy": null, "stage": null, "apaUuid": null, "layer": null, "headboardNum": null, "side": null}