{"0": {"freq": [20.0, 68.00000004249999, 116.00000061625, 164.00000102500002, 212.0000017225, 260.00000121875, 308.00000413875006, 356.00000178, 404.00000404, 452.00000113000004, 500.0, 548.0000054800001, 596.0000018625001, 644.0000128800003, 692.0000309237514, 740.0000127187502, 788.0000398925021, 836.0000428450022, 884.0000005525001, 932.0000393187518, 980.0000367500014, 1028.000071638755], "ampl": [130.35473595506002, 677.2448295630176, 1321.5343785692328, 1966.386195140325, 2595.1285120243588, 3194.9916684083682, 3766.1882289319838, 4299.875670801394, 4797.572089898559, 5260.187594872893, 5683.732592483125, 6072.8047316471975, 6429.2144245146255, 6752.628362673363, 7045.308010981546, 7309.874681112665, 7550.595490312745, 7765.888583425656, 7961.017704435148, 8134.88568655831, 8288.885771591831, 8427.009401133799]}, "1": {"freq": [20.0, 68.00000004249999, 116.00000061625, 164.00000102500002, 212.0000017225, 260.00000121875, 308.00000413875006, 356.00000178, 404.00000404, 452.00000113000004, 500.0, 548.0000054800001, 596.0000018625001, 644.0000128800003, 692.0000309237514, 740.0000127187502, 788.0000398925021, 836.0000428450022, 884.0000005525001, 932.0000393187518, 980.0000367500014, 1028.000071638755], "ampl": [201.90639966924405, 1107.1386816916238, 2149.943834221177, 3180.2626141672727, 4169.036142733719, 5098.8432326697875, 5968.299137182356, 6761.488993056636, 7491.339820175957, 8151.025100804264, 8750.835620430435, 9287.594236846404, 9772.72110552242, 10203.766877223547, 10591.884572466506, 10933.477112265662, 11241.375226498518, 11511.72703737286, 11751.188008223278, 11963.1831352727, 12149.945631484788, 12314.344749182534]}, "2": {"freq": [20.0, 68.00000004249999, 116.00000061625, 164.00000102500002, 212.0000017225, 260.00000121875, 308.00000413875006, 356.00000178, 404.00000404, 452.00000113000004, 500.0, 548.0000054800001, 596.0000018625001, 644.0000128800003, 692.0000309237514, 740.0000127187502, 788.0000398925021, 836.0000428450022, 884.0000005525001, 932.0000393187518, 980.0000367500014, 1028.000071638755], "ampl": [214.48342774605155, 1177.9207926174547, 2289.6890020829774, 3387.537895314168, 4439.199935257996, 5429.226264173036, 6354.109056833738, 7196.338177094083, 7971.832787980093, 8673.349712952022, 9307.403582752479, 9877.378576395447, 10389.192628640603, 10844.796710290857, 11252.466712595695, 11611.095969014868, 11934.853949031583, 12217.93432214734, 12470.829318445638, 12691.750253016475, 12885.431023398129, 13057.045559358905]}, "3": {"freq": [20.0, 68.00000004249999, 116.00000061625, 164.00000102500002, 212.0000017225, 260.00000121875, 308.00000413875006, 356.00000178, 404.00000404, 452.00000113000004, 500.0, 548.0000054800001, 596.0000018625001, 644.0000128800003, 692.0000309237514, 740.0000127187502, 788.0000398925021, 836.0000428450022, 884.0000005525001, 932.0000393187518, 980.0000367500014, 1028.000071638755], "ampl": [214.26956546086458, 1193.9139319074675, 2323.863745135669, 3436.9943449636758, 4505.173891934533, 5503.007931638425, 6432.101933810317, 7277.110683886236, 8050.870699309728, 8748.009333175512, 9377.84676276508, 9941.425490405854, 10446.5059429597, 10893.280576790903, 11293.572393631566, 11644.38419982123, 11960.838316370937, 12238.316859246728, 12484.885584730924, 12698.392762870992, 12886.326562438433, 13052.643207010546]}, "4": {"freq": [20.0, 68.00000004249999, 116.00000061625, 164.00000102500002, 212.0000017225, 260.00000121875, 308.00000413875006, 356.00000178, 404.00000404, 452.00000113000004, 500.0, 548.0000054800001, 596.0000018625001, 644.0000128800003, 692.0000309237514, 740.0000127187502, 788.0000398925021, 836.0000428450022, 884.0000005525001, 932.0000393187518, 980.0000367500014, 1028.000071638755], "ampl": [143.33475125669437, 741.5594944506605, 1447.0248381216866, 2151.2522796362014, 2832.1798428518255, 3478.6766503056406, 4091.407264767599, 4658.463291684957, 5188.277468153163, 5673.578644798338, 6117.672828104189, 6524.2829273202915, 6895.352702778841, 7227.876291977469, 7528.3090801497765, 7798.465969589098, 8044.789822703685, 8262.312135418284, 8456.91255495143, 8632.05744297876, 8784.589597130254, 8923.045677480852]}, "5": {"freq": [20.0, 68.00000004249999, 116.00000061625, 164.00000102500002, 212.0000017225, 260.00000121875, 308.00000413875006, 356.00000178, 404.00000404, 452.00000113000004, 500.0, 548.0000054800001, 596.0000018625001, 644.0000128800003, 692.0000309237514, 740.0000127187502, 788.0000398925021, 836.0000428450022, 884.0000005525001, 932.0000393187518, 980.0000367500014, 1028.000071638755], "ampl": [207.10118320479393, 1129.5931056576385, 2196.9962269860953, 3247.4966760089283, 4249.688120051463, 5184.951026409786, 6053.159879588109, 6840.927756705641, 7559.7886930837585, 8204.63604938842, 8782.719719764878, 9298.42184788982, 9761.372030523564, 10168.923631857508, 10531.608246933605, 10850.706014759837, 11137.637927240992, 11386.327441471847, 11605.005456589084, 11798.158539068443, 11965.888461093615, 12113.738461263714]}, "6": {"freq": [20.0, 68.00000004249999, 116.00000061625, 164.00000102500002, 212.0000017225, 260.00000121875, 308.00000413875006, 356.00000178, 404.00000404, 452.00000113000004, 500.0, 548.0000054800001, 596.0000018625001, 644.0000128800003, 692.0000309237514, 740.0000127187502, 788.0000398925021, 836.0000428450022, 884.0000005525001, 932.0000393187518, 980.0000367500014, 1028.000071638755], "ampl": [238.75227495010725, 1268.2430051912013, 2458.767264135023, 3627.665943625859, 4740.90741716972, 5778.163448509571, 6736.497173196869, 7600.937403117531, 8386.265658415998, 9086.619973945324, 9713.59488795111, 10269.335957349882, 10764.458954299547, 11196.6898034398, 11581.62138819682, 11916.01635793251, 12214.355070214373, 12473.944027135869, 12700.00093257955, 12897.166980952888, 13068.04969412902, 13219.263433987679]}, "7": {"freq": [20.0, 68.00000004249999, 116.00000061625, 164.00000102500002, 212.0000017225, 260.00000121875, 308.00000413875006, 356.00000178, 404.00000404, 452.00000113000004, 500.0, 548.0000054800001, 596.0000018625001, 644.0000128800003, 692.0000309237514, 740.0000127187502, 788.0000398925021, 836.0000428450022, 884.0000005525001, 932.0000393187518, 980.0000367500014, 1028.000071638755], "ampl": [239.31905103405464, 1263.8294177458251, 2449.67632540637, 3610.6341942045233, 4715.885482068189, 5738.9819906050925, 6681.1258902013105, 7529.5816116853175, 8294.947075714806, 8978.732963482242, 9585.803390120705, 10124.410093509372, 10602.236014646769, 11019.218964389764, 11387.61427478868, 11709.442069967872, 11994.925302804068, 12241.106685921606, 12456.680241172808, 12643.476907902834, 12804.11232248145, 12947.099099162062]}, "wireSegments": null, "apaChannels": null, "measuredBy": null, "stage": null, "apaUuid": null, "layer": null, "headboardNum": null, "side": null}