{"0": {"freq": [20.0, 68.00000004249999, 116.00000061625, 164.00000102500002, 212.0000017225, 260.00000121875, 308.00000413875006, 356.00000178, 404.00000404, 452.00000113000004, 500.0, 548.0000054800001, 596.0000018625001, 644.0000128800003, 692.0000309237514, 740.0000127187502, 788.0000398925021, 836.0000428450022, 884.0000005525001, 932.0000393187518, 980.0000367500014, 1028.000071638755], "ampl": [1.982942115013418, 13.344849174799762, 22.379040604938055, 32.0246058445755, 40.515718094452296, 48.40835957934115, 57.57871924675522, 65.2451488218128, 74.33264773340638, 80.88593047536854, 90.01405909287051, 97.21446488146037, 104.8138773253224, 113.15338878216974, 120.18359625740857, 127.5612216263102, 134.34006044195547, 141.85306294314967, 149.61403084608344, 155.95903913354115, 162.56897633613104, 168.5083987132063]}, "1": {"freq": [20.0, 68.00000004249999, 116.00000061625, 164.00000102500002, 212.0000017225, 260.00000121875, 308.00000413875006, 356.00000178, 404.00000404, 452.00000113000004, 500.0, 548.0000054800001, 596.0000018625001, 644.0000128800003, 692.0000309237514, 740.0000127187502, 788.0000398925021, 836.0000428450022, 884.0000005525001, 932.0000393187518, 980.0000367500014, 1028.000071638755], "ampl": [2.349840150766198, 19.314460049922396, 35.13417017767616, 51.741938509654084, 67.06236055221754, 82.91783013502189, 97.4256564053065, 112.19422559342512, 126.67786043436662, 140.41725576748416, 154.08787468700683, 169.10821302468926, 181.81371433168545, 195.0733655541618, 208.04965811764455, 222.7007156984979, 234.14218853037926, 246.9103531291016, 259.17539943011377, 271.2566461621679, 284.4665534880099, 295.35175928111056]}, "2": {"freq": [20.0, 68.00000004249999, 116.00000061625, 164.00000102500002, 212.0000017225, 260.00000121875, 308.00000413875006, 356.00000178, 404.00000404, 452.00000113000004, 500.0, 548.0000054800001, 596.0000018625001, 644.0000128800003, 692.0000309237514, 740.0000127187502, 788.0000398925021, 836.0000428450022, 884.0000005525001, 932.0000393187518, 980.0000367500014, 1028.000071638755], "ampl": [2.77340655258704, 18.289335082187023, 34.98450947637804, 49.3721639296407, 65.13575084011774, 80.06953433279332, 94.96968657670374, 110.31805558743064, 125.79641734400384, 140.69297627293366, 154.10165296291368, 167.39888800570574, 181.31192918408627, 197.10920965897668, 209.84959039423347, 223.06497059829908, 235.66161551715132, 249.03860204679674, 261.34004537899193, 273.8598770150399, 285.9869018852086, 298.18044395581614]}, "3": {"freq": [20.0, 68.00000004249999, 116.00000061625, 164.00000102500002, 212.0000017225, 260.00000121875, 308.00000413875006, 356.00000178, 404.00000404, 452.00000113000004, 500.0, 548.0000054800001, 596.0000018625001, 644.0000128800003, 692.0000309237514, 740.0000127187502, 788.0000398925021, 836.0000428450022, 884.0000005525001, 932.0000393187518, 980.0000367500014, 1028.000071638755], "ampl": [2.378544100675091, 16.999667706947278, 33.875528652856765, 50.19902326107854, 64.48621024327669, 80.58102686470907, 96.09956284808287, 111.73171582053502, 126.60322172455159, 142.03269280889108, 156.46164122499053, 170.89625433782882, 186.17843414319657, 200.1271679180458, 214.50284333903198, 229.028215951079, 242.71143891307412, 256.5490977733806, 269.50856230968986, 282.7361702355009, 295.5932576599268, 308.26110490618674]}, "4": {"freq": [20.0, 68.00000004249999, 116.00000061625, 164.00000102500002, 212.0000017225, 260.00000121875, 308.00000413875006, 356.00000178, 404.00000404, 452.00000113000004, 500.0, 548.0000054800001, 596.0000018625001, 644.0000128800003, 692.0000309237514, 740.0000127187502, 788.0000398925021, 836.0000428450022, 884.0000005525001, 932.0000393187518, 980.0000367500014, 1028.000071638755], "ampl": [142.50710441470972, 705.4714493632771, 1362.9900275381142, 2021.9601378761627, 2662.5438410625025, 3271.391009948399, 3845.1301723123406, 4381.914819040003, 4878.171042432286, 5335.315291413268, 5753.5063348330605, 6139.848583868746, 6480.825876856237, 6794.159161408098, 7077.865350422458, 7334.402959099231, 7560.821715306992, 7764.326288951099, 7947.441182599721, 8111.465788188045, 8255.064060913444, 8383.788800458246]}, "5": {"freq": [20.0, 68.00000004249999, 116.00000061625, 164.00000102500002, 212.0000017225, 260.00000121875, 308.00000413875006, 356.00000178, 404.00000404, 452.00000113000004, 500.0, 548.0000054800001, 596.0000018625001, 644.0000128800003, 692.0000309237514, 740.0000127187502, 788.0000398925021, 836.0000428450022, 884.0000005525001, 932.0000393187518, 980.0000367500014, 1028.000071638755], "ampl": [204.27654363715277, 1139.1222520403305, 2229.3708429210246, 3304.50859643815, 4334.35137821225, 5298.998567014173, 6191.873725202908, 7004.343591724194, 7743.448659264634, 8407.85568791143, 9003.172181655404, 9543.276110630391, 10005.453972946281, 10425.142254455313, 10800.341600147422, 11132.311094928848, 11419.250518724497, 11674.325529423872, 11897.902668404076, 12098.587559649317, 12265.758712123352, 12417.953594918605]}, "6": {"freq": [20.0, 68.00000004249999, 116.00000061625, 164.00000102500002, 212.0000017225, 260.00000121875, 308.00000413875006, 356.00000178, 404.00000404, 452.00000113000004, 500.0, 548.0000054800001, 596.0000018625001, 644.0000128800003, 692.0000309237514, 740.0000127187502, 788.0000398925021, 836.0000428450022, 884.0000005525001, 932.0000393187518, 980.0000367500014, 1028.000071638755], "ampl": [236.70563243294862, 1222.22295870523, 2333.2111024263736, 3422.210601929155, 4465.965898862894, 5442.868751614714, 6349.518246298905, 7180.952084704709, 7934.316438669004, 8613.871126181595, 9224.560371395633, 9776.664380590395, 10253.006117698535, 10682.552207525525, 11064.830733571554, 11407.282189750524, 11702.638290181327, 11961.898254562486, 12192.66549502151, 12398.369509407004, 12570.630424968129, 12724.012698024635]}, "7": {"freq": [20.0, 68.00000004249999, 116.00000061625, 164.00000102500002, 212.0000017225, 260.00000121875, 308.00000413875006, 356.00000178, 404.00000404, 452.00000113000004, 500.0, 548.0000054800001, 596.0000018625001, 644.0000128800003, 692.0000309237514, 740.0000127187502, 788.0000398925021, 836.0000428450022, 884.0000005525001, 932.0000393187518, 980.0000367500014, 1028.000071638755], "ampl": [220.65113258272694, 1218.822070992595, 2378.9078699747793, 3521.9532653806455, 4612.130288211273, 5625.363670424533, 6559.221445634046, 7407.221465997334, 8171.544691775465, 8854.914065667033, 9466.309354710731, 10015.45721680596, 10487.098860720154, 10909.300016318308, 11282.9118226151, 11617.918773921598, 11901.821243157978, 12151.502382890212, 12374.627441390776, 12568.021019763315, 12731.78690586218, 12879.87971900475]}, "wireSegments": null, "apaChannels": null, "measuredBy": null, "stage": null, "apaUuid": null, "layer": null, "headboardNum": null, "side": null}