{"0": {"freq": [20.0, 68.00000004249999, 116.00000061625, 164.00000102500002, 212.0000017225, 260.00000121875, 308.00000413875006, 356.00000178, 404.00000404, 452.00000113000004, 500.0, 548.0000054800001, 596.0000018625001, 644.0000128800003, 692.0000309237514, 740.0000127187502, 788.0000398925021, 836.0000428450022, 884.0000005525001, 932.0000393187518, 980.0000367500014, 1028.000071638755], "ampl": [2.323090341367061, 13.359082553124011, 24.024516150983423, 34.87235701493756, 45.314841069379256, 54.024340894168894, 63.227949426702885, 72.02695442468507, 81.47502673862343, 92.56962869358053, 99.50952188827786, 109.78750993215085, 118.09057471382096, 125.79828726022583, 135.51966275033132, 143.4843918055347, 150.82077754687342, 160.55206082985444, 167.05251461692353, 175.39871142553923, 182.73581462426614, 190.6180292439899]}, "1": {"freq": [20.0, 68.00000004249999, 116.00000061625, 164.00000102500002, 212.0000017225, 260.00000121875, 308.00000413875006, 356.00000178, 404.00000404, 452.00000113000004, 500.0, 548.0000054800001, 596.0000018625001, 644.0000128800003, 692.0000309237514, 740.0000127187502, 788.0000398925021, 836.0000428450022, 884.0000005525001, 932.0000393187518, 980.0000367500014, 1028.000071638755], "ampl": [2.0682287938135966, 18.17753599981589, 35.99144880870219, 52.56716437116847, 68.93482009883034, 82.95750730240482, 96.95274070630958, 112.13786903363777, 126.33016363254099, 141.4098535652386, 154.2205950717999, 168.67593972093147, 181.86126474843635, 195.5995607633748, 207.45038959203305, 222.23316084293094, 234.68021204335642, 247.32095027768375, 259.11110907689306, 270.9435742377309, 283.4692206499132, 295.39542076106306]}, "2": {"freq": [20.0, 68.00000004249999, 116.00000061625, 164.00000102500002, 212.0000017225, 260.00000121875, 308.00000413875006, 356.00000178, 404.00000404, 452.00000113000004, 500.0, 548.0000054800001, 596.0000018625001, 644.0000128800003, 692.0000309237514, 740.0000127187502, 788.0000398925021, 836.0000428450022, 884.0000005525001, 932.0000393187518, 980.0000367500014, 1028.000071638755], "ampl": [2.347320812093902, 17.453182454696314, 35.22012808413501, 50.22444318560434, 66.46418480471137, 79.96464456543147, 95.32281487289526, 111.36618129976154, 126.60620214696128, 140.637172993141, 153.42549951680448, 167.66995822345146, 182.6480792678993, 195.0180099369015, 209.27675913459024, 222.85493663998318, 236.0784480372525, 248.36167739909214, 262.36951376158606, 274.5457799026359, 286.6800622585754, 297.9729857518092]}, "3": {"freq": [20.0, 68.00000004249999, 116.00000061625, 164.00000102500002, 212.0000017225, 260.00000121875, 308.00000413875006, 356.00000178, 404.00000404, 452.00000113000004, 500.0, 548.0000054800001, 596.0000018625001, 644.0000128800003, 692.0000309237514, 740.0000127187502, 788.0000398925021, 836.0000428450022, 884.0000005525001, 932.0000393187518, 980.0000367500014, 1028.000071638755], "ampl": [2.358323915450502, 16.62724737313017, 33.64326334395815, 49.349460414965165, 65.35238848848515, 81.0263762993374, 97.53813723324595, 113.5575048111005, 128.00514337787848, 143.50498969655487, 159.22066812932943, 173.71135915043982, 189.33731887819826, 204.18174603438607, 219.74238437804647, 233.5540463414765, 247.44542514777189, 262.193917148884, 276.66201622869886, 289.73603785149913, 303.4094949461742, 316.6177549334384]}, "4": {"freq": [20.0, 68.00000004249999, 116.00000061625, 164.00000102500002, 212.0000017225, 260.00000121875, 308.00000413875006, 356.00000178, 404.00000404, 452.00000113000004, 500.0, 548.0000054800001, 596.0000018625001, 644.0000128800003, 692.0000309237514, 740.0000127187502, 788.0000398925021, 836.0000428450022, 884.0000005525001, 932.0000393187518, 980.0000367500014, 1028.000071638755], "ampl": [215.22785585731967, 1201.937195334702, 2341.8519748040194, 3462.9002215624337, 4535.096833603763, 5542.406262303933, 6479.741796821963, 7339.409252927613, 8119.703321353039, 8834.412262922424, 9469.735500700273, 10041.580469391945, 10553.299490093295, 11012.028783625474, 11416.246709471416, 11779.998746751025, 12097.636579068703, 12381.414195303196, 12631.972657065979, 12850.223736477661, 13042.646186795591, 13215.62783346894]}, "5": {"freq": [20.0, 68.00000004249999, 116.00000061625, 164.00000102500002, 212.0000017225, 260.00000121875, 308.00000413875006, 356.00000178, 404.00000404, 452.00000113000004, 500.0, 548.0000054800001, 596.0000018625001, 644.0000128800003, 692.0000309237514, 740.0000127187502, 788.0000398925021, 836.0000428450022, 884.0000005525001, 932.0000393187518, 980.0000367500014, 1028.000071638755], "ampl": [222.33933829422537, 1192.0944696320626, 2319.399851921576, 3434.4729917605264, 4504.487763105653, 5512.8998674759305, 6449.685392222224, 7307.537223030826, 8089.345386532931, 8800.193607865795, 9434.058772340852, 10003.104902128449, 10513.178775978715, 10967.009342838448, 11369.754757513356, 11729.344921741767, 12043.734885191752, 12323.51660467596, 12572.734998567388, 12788.723971467753, 12977.681063724223, 13145.790965241284]}, "6": {"freq": [20.0, 68.00000004249999, 116.00000061625, 164.00000102500002, 212.0000017225, 260.00000121875, 308.00000413875006, 356.00000178, 404.00000404, 452.00000113000004, 500.0, 548.0000054800001, 596.0000018625001, 644.0000128800003, 692.0000309237514, 740.0000127187502, 788.0000398925021, 836.0000428450022, 884.0000005525001, 932.0000393187518, 980.0000367500014, 1028.000071638755], "ampl": [219.74128748581003, 1210.0487159424194, 2363.4398047061536, 3498.305617553332, 4583.035845439348, 5600.766761917969, 6538.578734760545, 7392.8097003256735, 8164.4899264372425, 8864.256297427395, 9481.767512215056, 10034.501415773728, 10524.428941465703, 10960.246749527952, 11341.817638700515, 11682.508653534553, 11978.966351720675, 12239.284140719508, 12469.617607818798, 12668.921494724882, 12842.553026609912, 12996.841997591217]}, "7": {"freq": [20.0, 68.00000004249999, 116.00000061625, 164.00000102500002, 212.0000017225, 260.00000121875, 308.00000413875006, 356.00000178, 404.00000404, 452.00000113000004, 500.0, 548.0000054800001, 596.0000018625001, 644.0000128800003, 692.0000309237514, 740.0000127187502, 788.0000398925021, 836.0000428450022, 884.0000005525001, 932.0000393187518, 980.0000367500014, 1028.000071638755], "ampl": [145.54417998865208, 713.965573611366, 1345.6706173640948, 1973.184820468832, 2582.96171381128, 3163.296348170581, 3711.187532631866, 4223.911332398403, 4696.968305618772, 5133.93442351083, 5532.646684358283, 5894.426868087862, 6224.539471420263, 6523.147533526555, 6788.9950666693, 7032.694033231586, 7247.0082599714715, 7439.948790779014, 7613.4937722524, 7767.265946623712, 7903.858620830252, 8026.030094549228]}, "wireSegments": null, "apaChannels": null, "measuredBy": null, "stage": null, "apaUuid": null, "layer": null, "headboardNum": null, "side": null}