{"0": {"freq": [20.0, 68.00000004249999, 116.00000061625, 164.00000102500002, 212.0000017225, 260.00000121875, 308.00000413875006, 356.00000178, 404.00000404, 452.00000113000004, 500.0, 548.0000054800001, 596.0000018625001, 644.0000128800003, 692.0000309237514, 740.0000127187502, 788.0000398925021, 836.0000428450022, 884.0000005525001, 932.0000393187518, 980.0000367500014, 1028.000071638755], "ampl": [220.0161987552619, 1225.433842797657, 2382.264063125026, 3519.344682023134, 4607.728943981856, 5630.991195465314, 6578.0290605437085, 7452.900143022245, 8242.037290604327, 8962.889783579869, 9610.157458779058, 10189.812591205104, 10711.283406528659, 11176.437637309147, 11588.174919884488, 11955.85868519145, 12289.679739363444, 12570.461156471449, 12824.170414712153, 13050.367371396731, 13242.278757457127, 13426.446970906603]}, "1": {"freq": [20.0, 68.00000004249999, 116.00000061625, 164.00000102500002, 212.0000017225, 260.00000121875, 308.00000413875006, 356.00000178, 404.00000404, 452.00000113000004, 500.0, 548.0000054800001, 596.0000018625001, 644.0000128800003, 692.0000309237514, 740.0000127187502, 788.0000398925021, 836.0000428450022, 884.0000005525001, 932.0000393187518, 980.0000367500014, 1028.000071638755], "ampl": [246.3099803183509, 1236.0757647413138, 2346.478408902459, 3434.6405279431924, 4477.796400583807, 5460.618808440802, 6372.946023400344, 7214.937647858257, 7976.7834420816835, 8673.756726019781, 9301.562981876912, 9866.718458901467, 10373.076412697577, 10825.650127773886, 11229.43164977669, 11588.689075546434, 11919.01832655653, 12190.123929337824, 12442.439114241015, 12667.081392645749, 12854.804776678233, 13038.17076904656]}, "2": {"freq": [20.0, 68.00000004249999, 116.00000061625, 164.00000102500002, 212.0000017225, 260.00000121875, 308.00000413875006, 356.00000178, 404.00000404, 452.00000113000004, 500.0, 548.0000054800001, 596.0000018625001, 644.0000128800003, 692.0000309237514, 740.0000127187502, 788.0000398925021, 836.0000428450022, 884.0000005525001, 932.0000393187518, 980.0000367500014, 1028.000071638755], "ampl": [226.24556638558693, 1261.8235164480045, 2454.7731694294416, 3629.4083440548084, 4751.766173180213, 5801.957885057909, 6773.515670169064, 7668.075158057266, 8472.055454931931, 9203.063444987753, 9857.158727748301, 10445.203703565548, 10968.162616970038, 11434.144378629802, 11847.040956728182, 12212.317609377722, 12548.481745011819, 12823.406792149814, 13075.871644841533, 13302.153617769658, 13489.432410780304, 13673.440723399752]}, "3": {"freq": [20.0, 68.00000004249999, 116.00000061625, 164.00000102500002, 212.0000017225, 260.00000121875, 308.00000413875006, 356.00000178, 404.00000404, 452.00000113000004, 500.0, 548.0000054800001, 596.0000018625001, 644.0000128800003, 692.0000309237514, 740.0000127187502, 788.0000398925021, 836.0000428450022, 884.0000005525001, 932.0000393187518, 980.0000367500014, 1028.000071638755], "ampl": [118.02249918090322, 624.2913812384513, 1225.5277584497767, 1827.4397322958998, 2413.0280309118452, 2972.2251613112167, 3501.915294472361, 4002.106284649059, 4464.018621895835, 4894.516779192355, 5291.933054701623, 5655.574779383615, 5987.1728896213945, 6292.019383408696, 6566.257885430928, 6815.666388948987, 7047.70526304691, 7244.294769848365, 7427.379923611598, 7592.900440360982, 7737.025717564558, 7875.969349816395]}, "4": {"freq": [20.0, 68.00000004249999, 116.00000061625, 164.00000102500002, 212.0000017225, 260.00000121875, 308.00000413875006, 356.00000178, 404.00000404, 452.00000113000004, 500.0, 548.0000054800001, 596.0000018625001, 644.0000128800003, 692.0000309237514, 740.0000127187502, 788.0000398925021, 836.0000428450022, 884.0000005525001, 932.0000393187518, 980.0000367500014, 1028.000071638755], "ampl": [210.73246037384132, 1163.7864712373191, 2248.8052748157625, 3314.3358126281005, 4336.122590602485, 5300.9824098972085, 6198.773397811186, 7031.0912284522265, 7789.860672694469, 8484.725190793271, 9114.177346020655, 9682.23418198505, 10193.35133454401, 10651.449074928243, 11060.643425044378, 11425.69343233139, 11762.821955467167, 12041.57551451395, 12299.03299620469, 12534.450252282275, 12729.487843283812, 12919.982859320598]}, "5": {"freq": [20.0, 68.00000004249999, 116.00000061625, 164.00000102500002, 212.0000017225, 260.00000121875, 308.00000413875006, 356.00000178, 404.00000404, 452.00000113000004, 500.0, 548.0000054800001, 596.0000018625001, 644.0000128800003, 692.0000309237514, 740.0000127187502, 788.0000398925021, 836.0000428450022, 884.0000005525001, 932.0000393187518, 980.0000367500014, 1028.000071638755], "ampl": [217.90132403949858, 1165.8911250546, 2251.550695486702, 3323.312727045714, 4352.5718018511125, 5324.236678182264, 6229.549071950629, 7066.711823970415, 7828.0416913887675, 8522.202331668317, 9150.606249901384, 9717.329837983738, 10225.870658387525, 10682.734847246016, 11087.942926218484, 11450.48426511804, 11784.289924938237, 12059.789355865149, 12314.400371498461, 12542.552963015225, 12736.683180032987, 12923.544472629625]}, "6": {"freq": [20.0, 68.00000004249999, 116.00000061625, 164.00000102500002, 212.0000017225, 260.00000121875, 308.00000413875006, 356.00000178, 404.00000404, 452.00000113000004, 500.0, 548.0000054800001, 596.0000018625001, 644.0000128800003, 692.0000309237514, 740.0000127187502, 788.0000398925021, 836.0000428450022, 884.0000005525001, 932.0000393187518, 980.0000367500014, 1028.000071638755], "ampl": [215.5718667496314, 1190.6144857709928, 2313.1203643100794, 3420.252286584226, 4478.756024346324, 5471.165188184011, 6388.236138383272, 7232.327143834476, 7991.157531608344, 8679.636553372287, 9295.350304481375, 9847.5780370641, 10343.26738376503, 10779.019340733872, 11165.76532590494, 11508.336672390642, 11820.71746942684, 12078.289563667115, 12313.259966864083, 12524.458022191999, 12699.717574190248, 12869.288929542068]}, "7": {"freq": [20.0, 68.00000004249999, 116.00000061625, 164.00000102500002, 212.0000017225, 260.00000121875, 308.00000413875006, 356.00000178, 404.00000404, 452.00000113000004, 500.0, 548.0000054800001, 596.0000018625001, 644.0000128800003, 692.0000309237514, 740.0000127187502, 788.0000398925021, 836.0000428450022, 884.0000005525001, 932.0000393187518, 980.0000367500014, 1028.000071638755], "ampl": [124.3301879291543, 652.0932272629933, 1270.5081758285473, 1889.9356129344674, 2489.880648610123, 3063.8356129101085, 3604.294271830626, 4112.916311228178, 4583.4641247922555, 5019.517501097167, 5418.325323635381, 5784.016912452911, 6118.2569008327055, 6421.7711268840785, 6694.814282516038, 6942.796363474805, 7172.408886621326, 7366.248564264743, 7544.914610691347, 7708.631658465146, 7851.578150399273, 7987.861492259623]}, "wireSegments": null, "apaChannels": null, "measuredBy": null, "stage": null, "apaUuid": null, "layer": null, "headboardNum": null, "side": null}