{"0": {"freq": [20.0, 68.00000004249999, 116.00000061625, 164.00000102500002, 212.0000017225, 260.00000121875, 308.00000413875006, 356.00000178, 404.00000404, 452.00000113000004, 500.0, 548.0000054800001, 596.0000018625001, 644.0000128800003, 692.0000309237514, 740.0000127187502, 788.0000398925021, 836.0000428450022, 884.0000005525001, 932.0000393187518, 980.0000367500014, 1028.000071638755], "ampl": [159.5687675869651, 759.6581110275499, 1438.0729706362324, 2117.780874636234, 2779.878027001926, 3404.718460054548, 3998.6137785529063, 4555.633491235256, 5073.203059026457, 5546.893524812069, 5984.199698390543, 6383.135786526856, 6745.934102534633, 7074.11666905596, 7371.298459438327, 7640.183915107882, 7880.299816513166, 8096.994519825292, 8291.105305121073, 8464.252331157859, 8618.604156679274, 8752.98147756057]}, "1": {"freq": [20.0, 68.00000004249999, 116.00000061625, 164.00000102500002, 212.0000017225, 260.00000121875, 308.00000413875006, 356.00000178, 404.00000404, 452.00000113000004, 500.0, 548.0000054800001, 596.0000018625001, 644.0000128800003, 692.0000309237514, 740.0000127187502, 788.0000398925021, 836.0000428450022, 884.0000005525001, 932.0000393187518, 980.0000367500014, 1028.000071638755], "ampl": [206.37859654000317, 1124.2332562018878, 2180.922755892398, 3222.3928655623968, 4222.189886727991, 5152.680450683756, 6019.437625280613, 6812.0542892324465, 7532.225988078618, 8183.951982993062, 8769.936256568699, 9294.727070824638, 9765.075108427503, 10182.92201853488, 10554.727387831654, 10884.90532856595, 11174.779151214681, 11433.193799671164, 11660.580983248388, 11861.531102939723, 12039.012463734234, 12188.592110441847]}, "2": {"freq": [20.0, 68.00000004249999, 116.00000061625, 164.00000102500002, 212.0000017225, 260.00000121875, 308.00000413875006, 356.00000178, 404.00000404, 452.00000113000004, 500.0, 548.0000054800001, 596.0000018625001, 644.0000128800003, 692.0000309237514, 740.0000127187502, 788.0000398925021, 836.0000428450022, 884.0000005525001, 932.0000393187518, 980.0000367500014, 1028.000071638755], "ampl": [227.43304242449776, 1233.4976303837595, 2395.069937576313, 3536.152413675103, 4630.370800408003, 5644.71526728492, 6588.799483543243, 7453.876538663074, 8238.803119818924, 8950.61242278222, 9590.009595906651, 10162.654949676467, 10672.767538850041, 11128.77127311118, 11530.714426654382, 11891.515508999908, 12208.261056615409, 12489.21200216835, 12735.593200049108, 12954.189175356465, 13145.80175013664, 13307.56146202618]}, "3": {"freq": [20.0, 68.00000004249999, 116.00000061625, 164.00000102500002, 212.0000017225, 260.00000121875, 308.00000413875006, 356.00000178, 404.00000404, 452.00000113000004, 500.0, 548.0000054800001, 596.0000018625001, 644.0000128800003, 692.0000309237514, 740.0000127187502, 788.0000398925021, 836.0000428450022, 884.0000005525001, 932.0000393187518, 980.0000367500014, 1028.000071638755], "ampl": [226.10190873015023, 1240.3019933708779, 2405.8111632073387, 3548.5795602608773, 4643.268665413853, 5655.329742905812, 6593.5526357127155, 7451.178795397337, 8225.96564952483, 8925.765406162272, 9553.30913165021, 10113.802665680458, 10613.388884056782, 11054.39370024234, 11446.769126368143, 11795.295345458291, 12101.298381190294, 12370.851947439874, 12610.061059715606, 12818.405862416788, 13002.783673977257, 13156.208412487067]}, "4": {"freq": [20.0, 68.00000004249999, 116.00000061625, 164.00000102500002, 212.0000017225, 260.00000121875, 308.00000413875006, 356.00000178, 404.00000404, 452.00000113000004, 500.0, 548.0000054800001, 596.0000018625001, 644.0000128800003, 692.0000309237514, 740.0000127187502, 788.0000398925021, 836.0000428450022, 884.0000005525001, 932.0000393187518, 980.0000367500014, 1028.000071638755], "ampl": [136.26695173549626, 687.4806534672936, 1322.5695630775401, 1952.6834829311947, 2569.8835413031143, 3154.2919858122946, 3711.798610132464, 4234.69059411986, 4724.518705620002, 5175.306353333618, 5593.245264742839, 5976.865357213147, 6327.802646162173, 6646.080575847467, 6937.3453838341575, 7199.438999346503, 7436.140798931857, 7649.400335307844, 7842.983056990142, 8016.2866890630885, 8171.040025810408, 8305.436882299431]}, "5": {"freq": [20.0, 68.00000004249999, 116.00000061625, 164.00000102500002, 212.0000017225, 260.00000121875, 308.00000413875006, 356.00000178, 404.00000404, 452.00000113000004, 500.0, 548.0000054800001, 596.0000018625001, 644.0000128800003, 692.0000309237514, 740.0000127187502, 788.0000398925021, 836.0000428450022, 884.0000005525001, 932.0000393187518, 980.0000367500014, 1028.000071638755], "ampl": [201.7335927448073, 1123.4465940622931, 2190.9981208002173, 3244.221114162874, 4259.005930041519, 5205.858087628099, 6089.336207372011, 6900.658700919204, 7641.181814642597, 8310.537531541695, 8916.6963198391, 9459.475082614188, 9947.335485686734, 10379.101581323364, 10766.755165901215, 11110.027111243471, 11414.815106112292, 11682.67135817728, 11921.117608153865, 12131.032341361335, 12317.963908650634, 12474.966326198946]}, "6": {"freq": [20.0, 68.00000004249999, 116.00000061625, 164.00000102500002, 212.0000017225, 260.00000121875, 308.00000413875006, 356.00000178, 404.00000404, 452.00000113000004, 500.0, 548.0000054800001, 596.0000018625001, 644.0000128800003, 692.0000309237514, 740.0000127187502, 788.0000398925021, 836.0000428450022, 884.0000005525001, 932.0000393187518, 980.0000367500014, 1028.000071638755], "ampl": [220.21832703491887, 1180.194487875419, 2287.6599222027776, 3377.4851698896996, 4425.202395579457, 5397.753244154421, 6302.72807685683, 7130.83412839997, 7881.773008649783, 8558.517831731077, 9168.78747096828, 9712.803383477112, 10200.14921267715, 10629.877237460747, 11012.372647762682, 11351.690343401931, 11649.022922875602, 11911.854154506347, 12144.073808483703, 12346.568629930198, 12526.513800937772, 12678.547664262293]}, "7": {"freq": [20.0, 68.00000004249999, 116.00000061625, 164.00000102500002, 212.0000017225, 260.00000121875, 308.00000413875006, 356.00000178, 404.00000404, 452.00000113000004, 500.0, 548.0000054800001, 596.0000018625001, 644.0000128800003, 692.0000309237514, 740.0000127187502, 788.0000398925021, 836.0000428450022, 884.0000005525001, 932.0000393187518, 980.0000367500014, 1028.000071638755], "ampl": [220.0680096244817, 1210.9053278341278, 2349.2281969240657, 3466.330640536453, 4538.510369632412, 5531.3144962726265, 6452.7599390220685, 7292.896535417518, 8052.143221340204, 8737.347587351009, 9350.931241735942, 9897.578705291018, 10387.424104767611, 10818.355348757106, 11198.716225440754, 11538.268307610748, 11834.297469968838, 12093.699294890956, 12325.442234649196, 12525.641865209787, 12704.247886372365, 12852.768955706582]}, "wireSegments": null, "apaChannels": null, "measuredBy": null, "stage": null, "apaUuid": null, "layer": null, "headboardNum": null, "side": null}