{"0": {"freq": [20.0, 68.00000004249999, 116.00000061625, 164.00000102500002, 212.0000017225, 260.00000121875, 308.00000413875006, 356.00000178, 404.00000404, 452.00000113000004, 500.0, 548.0000054800001, 596.0000018625001, 644.0000128800003, 692.0000309237514, 740.0000127187502, 788.0000398925021, 836.0000428450022, 884.0000005525001, 932.0000393187518, 980.0000367500014, 1028.000071638755], "ampl": [142.37377834604942, 736.545971899531, 1445.5593507825959, 2152.3058253659055, 2835.3621633838256, 3483.3699225755468, 4091.261436031251, 4655.96520180774, 5175.837738203963, 5647.571254225648, 6081.28502292525, 6473.919733411566, 6823.576815263088, 7140.280615620042, 7428.086980907461, 7681.015010767733, 7907.064740903025, 8112.147427176754, 8290.482844919568, 8452.106255416064, 8593.39456797392, 8717.810295486222]}, "1": {"freq": [20.0, 68.00000004249999, 116.00000061625, 164.00000102500002, 212.0000017225, 260.00000121875, 308.00000413875006, 356.00000178, 404.00000404, 452.00000113000004, 500.0, 548.0000054800001, 596.0000018625001, 644.0000128800003, 692.0000309237514, 740.0000127187502, 788.0000398925021, 836.0000428450022, 884.0000005525001, 932.0000393187518, 980.0000367500014, 1028.000071638755], "ampl": [228.21247884624665, 1179.783412213249, 2290.2897499244827, 3385.7290451472704, 4432.66997880589, 5411.486735013405, 6315.007542450008, 7141.398167009106, 7892.078407518433, 8562.224014145608, 9165.688090325699, 9705.11365788057, 10181.681579633332, 10606.393440112093, 10982.359416988833, 11313.414321887989, 11605.269281618077, 11864.519277770743, 12089.638754087897, 12287.69397089254, 12464.167100469494, 12613.467162461277]}, "2": {"freq": [20.0, 68.00000004249999, 116.00000061625, 164.00000102500002, 212.0000017225, 260.00000121875, 308.00000413875006, 356.00000178, 404.00000404, 452.00000113000004, 500.0, 548.0000054800001, 596.0000018625001, 644.0000128800003, 692.0000309237514, 740.0000127187502, 788.0000398925021, 836.0000428450022, 884.0000005525001, 932.0000393187518, 980.0000367500014, 1028.000071638755], "ampl": [220.90038881481883, 1222.4624024400223, 2392.560896521765, 3549.720293707286, 4655.438935467995, 5690.7368128047165, 6650.772737075298, 7528.087354738706, 8326.256511522199, 9042.051502488142, 9689.51082069108, 10267.73486293625, 10777.647736862062, 11236.795677269472, 11641.096658444825, 11998.17446179348, 12315.251608521075, 12597.572014567571, 12842.984523364563, 13058.48133223603, 13246.015427178178, 13410.734900241432]}, "3": {"freq": [20.0, 68.00000004249999, 116.00000061625, 164.00000102500002, 212.0000017225, 260.00000121875, 308.00000413875006, 356.00000178, 404.00000404, 452.00000113000004, 500.0, 548.0000054800001, 596.0000018625001, 644.0000128800003, 692.0000309237514, 740.0000127187502, 788.0000398925021, 836.0000428450022, 884.0000005525001, 932.0000393187518, 980.0000367500014, 1028.000071638755], "ampl": [222.90949849734304, 1244.2776741454109, 2431.182087361812, 3600.355276851307, 4713.722895496916, 5751.332059810352, 6711.405295005445, 7583.902585110533, 8373.997232879396, 9079.512192579941, 9715.215142204144, 10279.57114605224, 10779.12053538789, 11222.456444016128, 11615.568612544532, 11958.452371614789, 12263.486514048678, 12533.420244352585, 12767.452866393836, 12972.485429372417, 13152.090947627781, 13307.167991093114]}, "4": {"freq": [20.0, 68.00000004249999, 116.00000061625, 164.00000102500002, 212.0000017225, 260.00000121875, 308.00000413875006, 356.00000178, 404.00000404, 452.00000113000004, 500.0, 548.0000054800001, 596.0000018625001, 644.0000128800003, 692.0000309237514, 740.0000127187502, 788.0000398925021, 836.0000428450022, 884.0000005525001, 932.0000393187518, 980.0000367500014, 1028.000071638755], "ampl": [1.7425649876539029, 16.314197728203588, 31.54643940992574, 46.975370350645825, 60.90537357938599, 76.71113441487317, 91.990638814335, 106.84832614715653, 120.944191760789, 135.796885838062, 150.0314844716124, 165.12654550503373, 178.86320552233522, 193.15518977438975, 207.02297176762227, 221.33346217875464, 233.86852444374173, 248.0475137595014, 260.52080314414985, 273.48453713435487, 286.1624630837813, 299.42122517151455]}, "5": {"freq": [20.0, 68.00000004249999, 116.00000061625, 164.00000102500002, 212.0000017225, 260.00000121875, 308.00000413875006, 356.00000178, 404.00000404, 452.00000113000004, 500.0, 548.0000054800001, 596.0000018625001, 644.0000128800003, 692.0000309237514, 740.0000127187502, 788.0000398925021, 836.0000428450022, 884.0000005525001, 932.0000393187518, 980.0000367500014, 1028.000071638755], "ampl": [3.539592274014268, 19.321168417390513, 37.20365355779992, 53.07961113554597, 69.19805626236267, 85.57694796140713, 100.84737231983483, 116.43769679296521, 132.05619544399985, 146.5471552609932, 161.34324205851672, 174.82711309788854, 189.24530817296113, 204.48059565552023, 217.61438074158463, 231.10479369521164, 244.51413425984538, 258.3762315880705, 270.44160085393395, 282.73448368107694, 296.15716394358003, 307.50228580302337]}, "6": {"freq": [20.0, 68.00000004249999, 116.00000061625, 164.00000102500002, 212.0000017225, 260.00000121875, 308.00000413875006, 356.00000178, 404.00000404, 452.00000113000004, 500.0, 548.0000054800001, 596.0000018625001, 644.0000128800003, 692.0000309237514, 740.0000127187502, 788.0000398925021, 836.0000428450022, 884.0000005525001, 932.0000393187518, 980.0000367500014, 1028.000071638755], "ampl": [2.7608607103520453, 18.792686203905244, 36.154158546796346, 53.36168837997157, 68.6771554229967, 86.14983215810268, 102.32960863272118, 117.5313917783482, 134.2467232700684, 148.90789388691965, 163.58245237056727, 178.73701009175127, 193.25015686795808, 207.41686937270435, 221.74174559032932, 234.93451966527698, 247.77379108686955, 261.68807377841216, 275.64033122022033, 288.3626274645656, 300.28464814740823, 312.51758393913406]}, "7": {"freq": [20.0, 68.00000004249999, 116.00000061625, 164.00000102500002, 212.0000017225, 260.00000121875, 308.00000413875006, 356.00000178, 404.00000404, 452.00000113000004, 500.0, 548.0000054800001, 596.0000018625001, 644.0000128800003, 692.0000309237514, 740.0000127187502, 788.0000398925021, 836.0000428450022, 884.0000005525001, 932.0000393187518, 980.0000367500014, 1028.000071638755], "ampl": [4.121376145329808, 23.397404962815752, 44.17576367548537, 65.987572923517, 83.9734088828533, 104.63186053378138, 123.24622120390701, 143.27322046734872, 162.35094900805086, 179.89627306264262, 198.28958156932748, 215.96648622839263, 233.68371842171402, 250.75699270029483, 268.9510236863387, 285.0586346928553, 301.90473789323113, 318.3602031979848, 334.09022889192187, 350.6249994923528, 364.70351032203615, 380.1911746284708]}, "wireSegments": null, "apaChannels": null, "measuredBy": null, "stage": null, "apaUuid": null, "layer": null, "headboardNum": null, "side": null}