{"0": {"freq": [20.0, 68.00000004249999, 116.00000061625, 164.00000102500002, 212.0000017225, 260.00000121875, 308.00000413875006, 356.00000178, 404.00000404, 452.00000113000004, 500.0, 548.0000054800001, 596.0000018625001, 644.0000128800003, 692.0000309237514, 740.0000127187502, 788.0000398925021, 836.0000428450022, 884.0000005525001, 932.0000393187518, 980.0000367500014, 1028.000071638755], "ampl": [236.39811940420788, 1258.4701050885237, 2455.666591436932, 3636.984070089161, 4769.357011093708, 5829.081367421774, 6811.876544639188, 7711.605476542837, 8528.245851239615, 9272.782018831424, 9926.663660710394, 10516.2702253009, 11043.110794804184, 11511.707927577532, 11926.060318418098, 12291.846967023137, 12615.8634773238, 12903.192423381955, 13154.440492268495, 13372.033624266312, 13565.354133537336, 13736.580335215433]}, "1": {"freq": [20.0, 68.00000004249999, 116.00000061625, 164.00000102500002, 212.0000017225, 260.00000121875, 308.00000413875006, 356.00000178, 404.00000404, 452.00000113000004, 500.0, 548.0000054800001, 596.0000018625001, 644.0000128800003, 692.0000309237514, 740.0000127187502, 788.0000398925021, 836.0000428450022, 884.0000005525001, 932.0000393187518, 980.0000367500014, 1028.000071638755], "ampl": [226.01219216416112, 1226.8497004735543, 2395.0108963760235, 3548.809113262246, 4652.116193036633, 5685.837962085606, 6641.511215415529, 7516.201077291027, 8310.247251314524, 9034.24130210784, 9669.60391773564, 10244.471658878208, 10757.00163104081, 11214.409560798029, 11616.148720499903, 11975.678160069738, 12291.350463989846, 12572.055997375457, 12817.7674731012, 13032.04726294081, 13221.467352168915, 13389.65852179837]}, "2": {"freq": [20.0, 68.00000004249999, 116.00000061625, 164.00000102500002, 212.0000017225, 260.00000121875, 308.00000413875006, 356.00000178, 404.00000404, 452.00000113000004, 500.0, 548.0000054800001, 596.0000018625001, 644.0000128800003, 692.0000309237514, 740.0000127187502, 788.0000398925021, 836.0000428450022, 884.0000005525001, 932.0000393187518, 980.0000367500014, 1028.000071638755], "ampl": [221.1091232526962, 1235.844009797689, 2419.2822923285994, 3588.729448498342, 4710.184526245991, 5760.5459855252575, 6732.263381098113, 7623.876060912543, 8436.118638707132, 9173.751473260776, 9823.178562215651, 10410.86309451399, 10935.35230011526, 11403.032148968128, 11813.443203949326, 12180.549666242276, 12504.318843995792, 12791.403374938714, 13044.483656611523, 13261.3441597505, 13456.684977440009, 13629.800331689745]}, "3": {"freq": [20.0, 68.00000004249999, 116.00000061625, 164.00000102500002, 212.0000017225, 260.00000121875, 308.00000413875006, 356.00000178, 404.00000404, 452.00000113000004, 500.0, 548.0000054800001, 596.0000018625001, 644.0000128800003, 692.0000309237514, 740.0000127187502, 788.0000398925021, 836.0000428450022, 884.0000005525001, 932.0000393187518, 980.0000367500014, 1028.000071638755], "ampl": [130.38788385042196, 686.2282822451035, 1352.1110966770123, 2017.879377499195, 2661.679425882411, 3275.649264481122, 3854.6675353037417, 4395.365875048658, 4895.2487059815485, 5359.699111833094, 5777.894257182788, 6164.246499988265, 6513.631555994028, 6831.482012427974, 7118.325246858338, 7377.665472856992, 7610.94286384488, 7819.8077453141295, 8008.449815160986, 8174.482656963909, 8323.735724759807, 8459.575592054183]}, "4": {"freq": [20.0, 68.00000004249999, 116.00000061625, 164.00000102500002, 212.0000017225, 260.00000121875, 308.00000413875006, 356.00000178, 404.00000404, 452.00000113000004, 500.0, 548.0000054800001, 596.0000018625001, 644.0000128800003, 692.0000309237514, 740.0000127187502, 788.0000398925021, 836.0000428450022, 884.0000005525001, 932.0000393187518, 980.0000367500014, 1028.000071638755], "ampl": [2.2527550467404778, 19.084134383404386, 34.242921470416505, 51.053483616642644, 65.3278050116001, 80.82481082289242, 96.45236237120542, 112.38437298865662, 126.98028538583692, 143.1491369838077, 157.77177181726688, 172.7466138055534, 187.47082583101627, 200.72762218654572, 216.7193272744952, 230.0607668068654, 243.41633378179327, 258.08325840302, 272.6208297122409, 285.14639315762594, 297.8602779859246, 311.8701968384716]}, "5": {"freq": [20.0, 68.00000004249999, 116.00000061625, 164.00000102500002, 212.0000017225, 260.00000121875, 308.00000413875006, 356.00000178, 404.00000404, 452.00000113000004, 500.0, 548.0000054800001, 596.0000018625001, 644.0000128800003, 692.0000309237514, 740.0000127187502, 788.0000398925021, 836.0000428450022, 884.0000005525001, 932.0000393187518, 980.0000367500014, 1028.000071638755], "ampl": [3.337113656169923, 20.064273615344582, 36.581763086204646, 53.345310968606164, 68.92598561644775, 84.33636720095447, 101.16683205801168, 116.07962411520323, 131.1540541837283, 146.53793914587015, 161.10801730309228, 174.1996402804852, 189.21364799220487, 203.4941552697344, 216.26217960773178, 229.96748626969423, 243.4255772371299, 257.2571308964962, 269.8221672756354, 282.3366088716379, 293.9193078564564, 306.52874241636516]}, "6": {"freq": [20.0, 68.00000004249999, 116.00000061625, 164.00000102500002, 212.0000017225, 260.00000121875, 308.00000413875006, 356.00000178, 404.00000404, 452.00000113000004, 500.0, 548.0000054800001, 596.0000018625001, 644.0000128800003, 692.0000309237514, 740.0000127187502, 788.0000398925021, 836.0000428450022, 884.0000005525001, 932.0000393187518, 980.0000367500014, 1028.000071638755], "ampl": [3.3579520722659733, 19.894413797911373, 37.317200255046245, 53.09416175068536, 69.33922068836479, 86.0840089604654, 101.45377076409338, 117.64355750225566, 132.6824958868469, 148.1077912052233, 163.79253675497642, 178.24081949170116, 193.4688346093306, 206.8483637153008, 221.24587430624644, 235.78979948525682, 247.95341495516504, 260.84898532885995, 275.25832507904374, 286.7215853202501, 299.2618005417123, 311.83897970226377]}, "7": {"freq": [20.0, 68.00000004249999, 116.00000061625, 164.00000102500002, 212.0000017225, 260.00000121875, 308.00000413875006, 356.00000178, 404.00000404, 452.00000113000004, 500.0, 548.0000054800001, 596.0000018625001, 644.0000128800003, 692.0000309237514, 740.0000127187502, 788.0000398925021, 836.0000428450022, 884.0000005525001, 932.0000393187518, 980.0000367500014, 1028.000071638755], "ampl": [3.3045814228691044, 23.065247705238612, 44.731322664346095, 64.85118969022209, 84.30404113549898, 103.78397793031664, 122.40482041468344, 142.31890019660585, 161.81825694262884, 181.0689710761185, 197.5030188280899, 216.6848908627659, 233.88986678616163, 250.51002428532294, 268.13073866823515, 284.7946756486424, 301.78546628821096, 317.66700890580097, 333.6707122087428, 350.03482085933956, 363.6887799485419, 379.4253473521033]}, "wireSegments": null, "apaChannels": null, "measuredBy": null, "stage": null, "apaUuid": null, "layer": null, "headboardNum": null, "side": null}