{"scanEndMode": 0, "0": {"freq": [20.0, 68.00000004249999, 116.00000061625, 164.00000102500002, 212.0000017225, 260.00000121875, 308.00000413875006, 356.00000178, 404.00000404, 452.00000113000004, 500.0, 548.0000054800001, 596.0000018625001, 644.0000128800003, 692.0000309237514, 740.0000127187502, 788.0000398925021, 836.0000428450022, 884.0000005525001, 932.0000393187518, 980.0000367500014, 1028.000071638755], "ampl": [136.90640163861357, 728.9535321987449, 1393.4574112393102, 2037.6521528248127, 2640.8777563651074, 3193.4280406217677, 3690.3295735195707, 4137.470791760036, 4527.949864018521, 4868.353304664876, 5163.94797426167, 5421.724471495564, 5655.691389823068, 5852.38535725403, 5996.84904256509, 6151.353933044557, 6267.733575652043, 6364.959247778919, 6460.060329095113, 6537.115394053263, 6602.86325633394, 6657.252957252161]}, "1": {"freq": [20.0, 68.00000004249999, 116.00000061625, 164.00000102500002, 212.0000017225, 260.00000121875, 308.00000413875006, 356.00000178, 404.00000404, 452.00000113000004, 500.0, 548.0000054800001, 596.0000018625001, 644.0000128800003, 692.0000309237514, 740.0000127187502, 788.0000398925021, 836.0000428450022, 884.0000005525001, 932.0000393187518, 980.0000367500014, 1028.000071638755], "ampl": [126.01150515186212, 650.3107773753596, 1249.220775932864, 1832.1259459776213, 2381.7565218029404, 2887.530731520959, 3347.557007587769, 3761.2516055260085, 4129.9894051154315, 4455.637981302033, 4738.822215575707, 4988.550947918535, 5213.03177889934, 5404.568920935166, 5553.814667453727, 5703.209639923353, 5821.134945990044, 5922.5347560022055, 6016.94837322918, 6094.734609651554, 6162.634050969701, 6219.8535077148235]}, "2": {"freq": [20.0, 68.00000004249999, 116.00000061625, 164.00000102500002, 212.0000017225, 260.00000121875, 308.00000413875006, 356.00000178, 404.00000404, 452.00000113000004, 500.0, 548.0000054800001, 596.0000018625001, 644.0000128800003, 692.0000309237514, 740.0000127187502, 788.0000398925021, 836.0000428450022, 884.0000005525001, 932.0000393187518, 980.0000367500014, 1028.000071638755], "ampl": [131.57960757873332, 705.2068963541902, 1350.3755942672683, 1976.2376744511223, 2560.948022146786, 3097.65787931056, 3578.175194179148, 4012.5620223944184, 4394.088696666593, 4723.375408454213, 5012.564844615193, 5264.623601477101, 5492.390985361116, 5685.872924254468, 5820.964620002905, 5976.137871585367, 6086.809201437366, 6181.953156127323, 6278.657323769774, 6353.86392627463, 6417.621142563234, 6470.200463792768]}, "3": {"freq": [20.0, 68.00000004249999, 116.00000061625, 164.00000102500002, 212.0000017225, 260.00000121875, 308.00000413875006, 356.00000178, 404.00000404, 452.00000113000004, 500.0, 548.0000054800001, 596.0000018625001, 644.0000128800003, 692.0000309237514, 740.0000127187502, 788.0000398925021, 836.0000428450022, 884.0000005525001, 932.0000393187518, 980.0000367500014, 1028.000071638755], "ampl": [143.82529734592214, 745.917936822118, 1432.959697349289, 2101.3733884673093, 2729.874723979541, 3306.2993590759434, 3826.4604969027732, 4297.159199679047, 4710.316675435158, 5069.939031179814, 5383.873228457771, 5659.417727467665, 5909.826045453107, 6120.829143448506, 6272.704783792472, 6441.1882518969305, 6565.059062106674, 6668.61888673918, 6775.407973587923, 6859.044236602127, 6929.608676435484, 6988.351187572006]}, "4": {"freq": [20.0, 68.00000004249999, 116.00000061625, 164.00000102500002, 212.0000017225, 260.00000121875, 308.00000413875006, 356.00000178, 404.00000404, 452.00000113000004, 500.0, 548.0000054800001, 596.0000018625001, 644.0000128800003, 692.0000309237514, 740.0000127187502, 788.0000398925021, 836.0000428450022, 884.0000005525001, 932.0000393187518, 980.0000367500014, 1028.000071638755], "ampl": [156.56541064157176, 813.4661076583209, 1556.391048233023, 2272.129471017036, 2936.613135250116, 3542.5612442949555, 4082.5493595045346, 4562.704933395166, 4981.652552973015, 5344.6652625448905, 5658.877269638524, 5936.40213425534, 6172.185249286798, 6374.903159554043, 6543.261155319245, 6689.258749223631, 6807.25016139795, 6910.934581460867, 7006.835131756111, 7086.268819027566, 7150.667834245173, 7204.105442383844]}, "5": {"freq": [20.0, 68.00000004249999, 116.00000061625, 164.00000102500002, 212.0000017225, 260.00000121875, 308.00000413875006, 356.00000178, 404.00000404, 452.00000113000004, 500.0, 548.0000054800001, 596.0000018625001, 644.0000128800003, 692.0000309237514, 740.0000127187502, 788.0000398925021, 836.0000428450022, 884.0000005525001, 932.0000393187518, 980.0000367500014, 1028.000071638755], "ampl": [132.56660032280308, 685.3349024682154, 1316.7531675030818, 1932.5520444744536, 2511.1119780752265, 3047.280062912877, 3531.262810062758, 3967.125302231311, 4356.8593600107815, 4698.413998577042, 4997.369548435438, 5260.8460149413195, 5491.208457646041, 5690.639016038243, 5856.749748570243, 6005.097697809098, 6129.860019271687, 6235.70672163549, 6334.69706364056, 6414.098010241112, 6483.367743381755, 6541.539471250599]}, "6": {"freq": [20.0, 68.00000004249999, 116.00000061625, 164.00000102500002, 212.0000017225, 260.00000121875, 308.00000413875006, 356.00000178, 404.00000404, 452.00000113000004, 500.0, 548.0000054800001, 596.0000018625001, 644.0000128800003, 692.0000309237514, 740.0000127187502, 788.0000398925021, 836.0000428450022, 884.0000005525001, 932.0000393187518, 980.0000367500014, 1028.000071638755], "ampl": [158.84284036024818, 821.2368786049797, 1569.1708454807429, 2288.0075386322455, 2954.44491356719, 3556.575758943915, 4092.3291307544337, 4565.439330869496, 4977.715863847411, 5330.753877496603, 5637.746769756665, 5905.431122720886, 6134.266496130874, 6329.551846185686, 6489.408280757813, 6628.309042577515, 6741.3315669661715, 6837.860747842117, 6927.157462226649, 7002.510286859151, 7063.922990450289, 7114.994242152374]}, "7": {"freq": [20.0, 68.00000004249999, 116.00000061625, 164.00000102500002, 212.0000017225, 260.00000121875, 308.00000413875006, 356.00000178, 404.00000404, 452.00000113000004, 500.0, 548.0000054800001, 596.0000018625001, 644.0000128800003, 692.0000309237514, 740.0000127187502, 788.0000398925021, 836.0000428450022, 884.0000005525001, 932.0000393187518, 980.0000367500014, 1028.000071638755], "ampl": [129.5548334241006, 686.4832102268399, 1315.1814706214798, 1923.8070085093639, 2494.6287761188114, 3017.396647543104, 3486.5612655279674, 3905.465289487987, 4274.786633077622, 4595.488925948568, 4874.497107101744, 5122.058806120087, 5331.513431869346, 5515.485883562598, 5665.880318953043, 5795.851361982929, 5902.310690446363, 5995.527061053144, 6083.413899189784, 6155.350707663817, 6214.138221444429, 6264.0102322524335]}, "wireSegments": [258, 260, 262, 264, 266, 268, 270, 272, 658, 660, 662, 664, 666, 668, 670, 672, 1058, 1060, 1062, 1064, 1066, 1068, 1070, 1072], "apaChannels": [258, 260, 262, 264, 266, 268, 270, 272], "measuredBy": "Chris Stanford", "stage": "Installation (Top)", "apaUuid": "43cd3950-268d-11ec-b6f5-a70e70a44436", "layer": "V", "headboardNum": "7", "side": "A"}