{"scanEndMode": 0, "0": {"freq": [100.0, 150.0000005859375, 200.0, 250.0, 300.0000046875001, 350.0000054687501, 400.0, 450.0000070312501, 500.0, 550.0000064453126, 600.0000093750002, 650.0000228515634, 700.0000109375002, 750.0000292968762, 800.0, 850.0000298828136, 900.0000140625002, 950.0000148437501, 1000.0], "ampl": [5295.375403264809, 7682.484675942116, 9683.877412947393, 11317.338796159354, 12631.529426300318, 13677.044579770145, 14507.229955152427, 15164.018254919276, 15684.034542484027, 16099.120495082916, 16427.900892350917, 16693.65861469396, 16908.626936522058, 17074.513964908394, 17204.062748727563, 17298.10689871636, 17377.285117696698, 17440.962177509693, 17475.137627281172]}, "1": {"freq": [100.0, 150.0000005859375, 200.0, 250.0, 300.0000046875001, 350.0000054687501, 400.0, 450.0000070312501, 500.0, 550.0000064453126, 600.0000093750002, 650.0000228515634, 700.0000109375002, 750.0000292968762, 800.0, 850.0000298828136, 900.0000140625002, 950.0000148437501, 1000.0], "ampl": [4890.571218842807, 7140.63615634915, 9066.142214227246, 10670.093957674155, 11982.547706197402, 13048.169726613878, 13907.720375926212, 14597.362941627678, 15150.387358738162, 15597.223265761699, 15956.09493286402, 16247.969885132408, 16484.90377127998, 16671.921198960303, 16820.330003899522, 16932.710934233357, 17023.42852782576, 17103.60236102336, 17149.09818156163]}, "2": {"freq": [100.0, 150.0000005859375, 200.0, 250.0, 300.0000046875001, 350.0000054687501, 400.0, 450.0000070312501, 500.0, 550.0000064453126, 600.0000093750002, 650.0000228515634, 700.0000109375002, 750.0000292968762, 800.0, 850.0000298828136, 900.0000140625002, 950.0000148437501, 1000.0], "ampl": [5287.978022229406, 7668.446645405625, 9664.88066999502, 11290.443445269959, 12596.703386163565, 13634.712146980806, 14457.474103003251, 15108.112200151858, 15622.855361867221, 16033.88489757648, 16358.933535709464, 16621.6409291053, 16831.400058329065, 16996.504149843422, 17123.536079018624, 17215.807721224704, 17291.476552734224, 17355.03097002742, 17389.09084667006]}, "3": {"freq": [100.0, 150.0000005859375, 200.0, 250.0, 300.0000046875001, 350.0000054687501, 400.0, 450.0000070312501, 500.0, 550.0000064453126, 600.0000093750002, 650.0000228515634, 700.0000109375002, 750.0000292968762, 800.0, 850.0000298828136, 900.0000140625002, 950.0000148437501, 1000.0], "ampl": [4852.430146860981, 7087.258964635594, 8999.007793744326, 10591.805306873732, 11894.436553975735, 12950.543522864225, 13798.689277027535, 14484.138335075906, 15031.513050151054, 15471.824609673766, 15827.567040241405, 16116.026653236613, 16349.488402347997, 16534.300767251905, 16682.143643309504, 16790.570628775, 16883.384853530417, 16958.918194772454, 17005.23670774588]}, "4": {"freq": [100.0, 150.0000005859375, 200.0, 250.0, 300.0000046875001, 350.0000054687501, 400.0, 450.0000070312501, 500.0, 550.0000064453126, 600.0000093750002, 650.0000228515634, 700.0000109375002, 750.0000292968762, 800.0, 850.0000298828136, 900.0000140625002, 950.0000148437501, 1000.0], "ampl": [5332.2767242789605, 7707.765978568295, 9682.68265014841, 11278.039493493652, 12544.818749347385, 13542.738868713353, 14327.48108483099, 14944.120034389854, 15428.824474619618, 15812.654137446742, 16117.413332853688, 16360.830612492497, 16552.67052285912, 16701.474071204837, 16819.558803190823, 16899.97151332372, 16969.485478446342, 17027.04062237936, 17054.14884553659]}, "5": {"freq": [100.0, 150.0000005859375, 200.0, 250.0, 300.0000046875001, 350.0000054687501, 400.0, 450.0000070312501, 500.0, 550.0000064453126, 600.0000093750002, 650.0000228515634, 700.0000109375002, 750.0000292968762, 800.0, 850.0000298828136, 900.0000140625002, 950.0000148437501, 1000.0], "ampl": [4977.394728017031, 7248.689552748346, 9176.194114206239, 10770.91336428471, 12066.89409575568, 13109.445967794281, 13944.733992972731, 14609.477819514334, 15141.694769832258, 15568.457673902067, 15909.671878923162, 16186.749371801228, 16409.05369524989, 16583.870551930293, 16723.882478130545, 16825.983736703394, 16908.79518471137, 16981.800277697814, 17023.233565912913]}, "6": {"freq": [100.0, 150.0000005859375, 200.0, 250.0, 300.0000046875001, 350.0000054687501, 400.0, 450.0000070312501, 500.0, 550.0000064453126, 600.0000093750002, 650.0000228515634, 700.0000109375002, 750.0000292968762, 800.0, 850.0000298828136, 900.0000140625002, 950.0000148437501, 1000.0], "ampl": [5291.7586235386925, 7640.247654906507, 9586.552585766534, 11153.45754309986, 12394.566396167414, 13370.77173976317, 14137.189568235572, 14737.97443165664, 15208.500718897065, 15582.023811712892, 15875.77714432127, 16112.21484628008, 16299.080880486175, 16442.826429729168, 16556.680325324247, 16633.756141043374, 16698.893819830217, 16753.713705133618, 16779.679299607007]}, "7": {"freq": [100.0, 150.0000005859375, 200.0, 250.0, 300.0000046875001, 350.0000054687501, 400.0, 450.0000070312501, 500.0, 550.0000064453126, 600.0000093750002, 650.0000228515634, 700.0000109375002, 750.0000292968762, 800.0, 850.0000298828136, 900.0000140625002, 950.0000148437501, 1000.0], "ampl": [91.50464118548324, 146.41717042820653, 204.94648213888536, 263.3260335231298, 326.3337248377177, 388.1741590261064, 449.45026923817755, 508.717821068134, 566.2462254161236, 622.905380519222, 674.9307897536787, 725.1545284761679, 771.6861508653772, 817.2282605498705, 859.8507546132101, 899.0383781402521, 935.8583895326611, 972.0690121587666, 1003.5508058060742]}, "wireSegments": [1, 3, 5, 7, 9, 11, 13, 15], "apaChannels": [15, 13, 11, 9, 7, 5, 3, 1], "measuredBy": "", "stage": "DWA Development", "apaUuid": "continuity150-12", "layer": "X", "headboardNum": "1", "side": "A"}