{"scanEndMode": 0, "0": {"freq": [], "ampl": []}, "1": {"freq": [], "ampl": []}, "2": {"freq": [], "ampl": []}, "3": {"freq": [], "ampl": []}, "4": {"freq": [100.0, 150.0000005859375, 200.0, 250.0, 300.0000046875001, 350.0000054687501, 400.0, 450.0000070312501, 500.0, 550.0000064453126, 600.0000093750002, 650.0000228515634, 700.0000109375002, 750.0000292968762, 800.0, 850.0000298828136, 900.0000140625002, 950.0000148437501, 1000.0], "ampl": [2177.556338943137, 3264.467872910173, 4281.804284460659, 5219.506417585506, 6073.274960065946, 6843.041199992833, 7535.053963703745, 8145.568637679747, 8684.18230661916, 9152.89159366537, 9570.23103175162, 9931.810251531399, 10244.901701037039, 10518.530871959469, 10754.70853708018, 10963.042138353214, 11138.931875321236, 11290.41853766398, 11416.37356165672]}, "5": {"freq": [100.0, 150.0000005859375, 200.0, 250.0, 300.0000046875001, 350.0000054687501, 400.0, 450.0000070312501, 500.0, 550.0000064453126, 600.0000093750002, 650.0000228515634, 700.0000109375002, 750.0000292968762, 800.0, 850.0000298828136, 900.0000140625002, 950.0000148437501, 1000.0], "ampl": [1705.1651061347993, 2571.8203588084866, 3397.2289506226584, 4174.980214967261, 4900.599155489697, 5573.080713106868, 6189.56902443502, 6749.567670794729, 7257.598077579663, 7710.90684576254, 8124.290457830767, 8489.129699640824, 8813.54432382622, 9102.643020657366, 9358.253002831412, 9587.196289768164, 9785.438935280114, 9960.380543434912, 10110.264985674003]}, "6": {"freq": [100.0, 150.0000005859375, 200.0, 250.0, 300.0000046875001, 350.0000054687501, 400.0, 450.0000070312501, 500.0, 550.0000064453126, 600.0000093750002, 650.0000228515634, 700.0000109375002, 750.0000292968762, 800.0, 850.0000298828136, 900.0000140625002, 950.0000148437501, 1000.0], "ampl": [2136.79113569399, 3202.8620504062983, 4199.559167317703, 5118.643284248314, 5953.040020543489, 6704.340982970065, 7375.417238557781, 7967.236334152192, 8490.9957032048, 8945.174463669095, 9348.391410454438, 9696.639254701848, 9998.5977282545, 10262.326685441301, 10487.174004631672, 10689.581339864137, 10858.234241029011, 11003.659268215348, 11124.126058633654]}, "7": {"freq": [100.0, 150.0000005859375, 200.0, 250.0, 300.0000046875001, 350.0000054687501, 400.0, 450.0000070312501, 500.0, 550.0000064453126, 600.0000093750002, 650.0000228515634, 700.0000109375002, 750.0000292968762, 800.0, 850.0000298828136, 900.0000140625002, 950.0000148437501, 1000.0], "ampl": [1718.3186556023197, 2590.8334840620364, 3419.6709792924275, 4197.549946062418, 4922.583346954109, 5588.38686013002, 6199.271017290244, 6749.159156475783, 7246.663547776764, 7689.380402858499, 8089.983871865756, 8444.548810285052, 8756.461356395854, 9035.135385081969, 9277.68006843097, 9498.120192527804, 9686.313149250971, 9851.957460590787, 9993.050118435007]}, "wireSegments": [33, 35, 37, 39, 433, 435, 437, 439, 833, 835, 837, 839], "apaChannels": [null, null, null, null, 39, 37, 35, 33], "measuredBy": "", "stage": "DWA Development", "apaUuid": "continuity47-12", "layer": "V", "headboardNum": "1", "side": "A"}