{"scanEndMode": 0, "0": {"freq": [100.0, 150.0000005859375, 200.0, 250.0, 300.0000046875001, 350.0000054687501, 400.0, 450.0000070312501, 500.0, 550.0000064453126, 600.0000093750002, 650.0000228515634, 700.0000109375002, 750.0000292968762, 800.0, 850.0000298828136, 900.0000140625002, 950.0000148437501, 1000.0], "ampl": [5277.381467321012, 7655.00095908833, 9648.19223896031, 11274.635028852215, 12585.203850892596, 13618.121457907077, 14446.45452437768, 15099.987270030784, 15615.929600536343, 16027.334746054468, 16357.005818418464, 16621.389255954076, 16822.587585690984, 16992.40805604435, 17125.50603191831, 17227.71195386185, 17310.66921768731, 17363.329660398427, 17395.350693260407]}, "1": {"freq": [100.0, 150.0000005859375, 200.0, 250.0, 300.0000046875001, 350.0000054687501, 400.0, 450.0000070312501, 500.0, 550.0000064453126, 600.0000093750002, 650.0000228515634, 700.0000109375002, 750.0000292968762, 800.0, 850.0000298828136, 900.0000140625002, 950.0000148437501, 1000.0], "ampl": [4921.660496195291, 7172.105508440519, 9081.30690575196, 10657.978736142208, 11938.670157160257, 12958.880701044352, 13782.481612344229, 14437.626238747447, 14957.097911788838, 15372.16236668649, 15707.17067693085, 15976.736862436044, 16183.803460352483, 16357.24597607904, 16496.703434705225, 16601.151457614673, 16689.359312034245, 16746.31704008347, 16784.375011084456]}, "2": {"freq": [100.0, 150.0000005859375, 200.0, 250.0, 300.0000046875001, 350.0000054687501, 400.0, 450.0000070312501, 500.0, 550.0000064453126, 600.0000093750002, 650.0000228515634, 700.0000109375002, 750.0000292968762, 800.0, 850.0000298828136, 900.0000140625002, 950.0000148437501, 1000.0], "ampl": [5293.379426704743, 7679.080098535541, 9679.35273940436, 11311.227275148858, 12623.831167869934, 13659.50140184872, 14486.9664695049, 15143.896919553838, 15659.6953971255, 16070.040639079605, 16399.4641264628, 16663.762062705668, 16864.566253740613, 17033.74544316387, 17167.635693163782, 17268.31648299302, 17350.19055096214, 17403.143495276156, 17434.976229221174]}, "3": {"freq": [100.0, 150.0000005859375, 200.0, 250.0, 300.0000046875001, 350.0000054687501, 400.0, 450.0000070312501, 500.0, 550.0000064453126, 600.0000093750002, 650.0000228515634, 700.0000109375002, 750.0000292968762, 800.0, 850.0000298828136, 900.0000140625002, 950.0000148437501, 1000.0], "ampl": [5047.968266253979, 7345.865407116371, 9286.425810101491, 10883.901640566071, 12174.843412066162, 13197.510334926126, 14019.62354478709, 14673.507533035987, 15189.84656102684, 15601.785540710529, 15931.653663794625, 16199.859181528114, 16400.844491416712, 16573.313120992065, 16707.742536738915, 16811.658792498725, 16896.857539875633, 16953.866945536738, 16986.148451457004]}, "4": {"freq": [], "ampl": []}, "5": {"freq": [], "ampl": []}, "6": {"freq": [], "ampl": []}, "7": {"freq": [], "ampl": []}, "wireSegments": [33, 35, 37, 39, 433, 435, 437, 439, 833, 835, 837, 839], "apaChannels": [33, 35, 37, 39, null, null, null, null], "measuredBy": "", "stage": "DWA Development", "apaUuid": "continuity150-12", "layer": "U", "headboardNum": "10", "side": "A"}