{"scanEndMode": 0, "0": {"freq": [100.0, 150.0000005859375, 200.0, 250.0, 300.0000046875001, 350.0000054687501, 400.0, 450.0000070312501, 500.0, 550.0000064453126, 600.0000093750002, 650.0000228515634, 700.0000109375002, 750.0000292968762, 800.0, 850.0000298828136, 900.0000140625002, 950.0000148437501, 1000.0], "ampl": [5310.856815633521, 7700.257748122334, 9705.561960884084, 11341.098400473898, 12654.906677388255, 13704.37872276626, 14530.812979122673, 15200.96472669564, 15709.901544866689, 16127.691817428902, 16461.44123257813, 16721.65934071429, 16925.48879771593, 17095.99241005966, 17226.41569247824, 17328.180345094497, 17412.27774077234, 17462.903452839477, 17510.155901935494]}, "1": {"freq": [100.0, 150.0000005859375, 200.0, 250.0, 300.0000046875001, 350.0000054687501, 400.0, 450.0000070312501, 500.0, 550.0000064453126, 600.0000093750002, 650.0000228515634, 700.0000109375002, 750.0000292968762, 800.0, 850.0000298828136, 900.0000140625002, 950.0000148437501, 1000.0], "ampl": [4955.233441520944, 7222.173788940317, 9158.828475604023, 10764.840839540298, 12075.363971781962, 13139.11437860871, 13988.017108027443, 14684.475349912547, 15222.567326632588, 15662.800578949678, 16020.8399475719, 16302.70003292954, 16526.79378089092, 16714.9298876254, 16858.12698065962, 16974.13633689719, 17071.389094644128, 17132.92598847324, 17189.413407251443]}, "2": {"freq": [100.0, 150.0000005859375, 200.0, 250.0, 300.0000046875001, 350.0000054687501, 400.0, 450.0000070312501, 500.0, 550.0000064453126, 600.0000093750002, 650.0000228515634, 700.0000109375002, 750.0000292968762, 800.0, 850.0000298828136, 900.0000140625002, 950.0000148437501, 1000.0], "ampl": [5402.811621534711, 7818.916134239317, 9837.179401359, 11470.516075127116, 12776.34454591014, 13812.940845705132, 14625.934896448085, 15282.607221499513, 15779.821259295126, 16185.702997148896, 16510.010425282428, 16762.337140627642, 16958.238508658367, 17123.124514851068, 17246.356892982072, 17343.130596019975, 17422.22122969987, 17469.008542790296, 17512.45259140267]}, "3": {"freq": [100.0, 150.0000005859375, 200.0, 250.0, 300.0000046875001, 350.0000054687501, 400.0, 450.0000070312501, 500.0, 550.0000064453126, 600.0000093750002, 650.0000228515634, 700.0000109375002, 750.0000292968762, 800.0, 850.0000298828136, 900.0000140625002, 950.0000148437501, 1000.0], "ampl": [4883.702446306342, 7127.822640353707, 9043.827185105361, 10634.757758604916, 11930.163232945872, 12984.119350251778, 13825.15505734349, 14515.123416128643, 15045.503317278099, 15480.878566190078, 15834.3003325525, 16115.9521012361, 16334.960669329657, 16520.97701273088, 16663.424241483972, 16778.605817249078, 16873.674129160732, 16933.167726697913, 16989.90946595936]}, "4": {"freq": [100.0, 150.0000005859375, 200.0, 250.0, 300.0000046875001, 350.0000054687501, 400.0, 450.0000070312501, 500.0, 550.0000064453126, 600.0000093750002, 650.0000228515634, 700.0000109375002, 750.0000292968762, 800.0, 850.0000298828136, 900.0000140625002, 950.0000148437501, 1000.0], "ampl": [5355.55727894105, 7742.709811671538, 9728.092266151854, 11333.352510125318, 12608.716846893187, 13620.224284754056, 14409.979238478683, 15047.864396967794, 15528.440163102552, 15920.835878227002, 16232.48628138256, 16476.397252852632, 16663.322643717143, 16820.883120345483, 16935.11287469298, 17028.281274311994, 17105.467801760784, 17149.27382767979, 17190.53482773764]}, "5": {"freq": [100.0, 150.0000005859375, 200.0, 250.0, 300.0000046875001, 350.0000054687501, 400.0, 450.0000070312501, 500.0, 550.0000064453126, 600.0000093750002, 650.0000228515634, 700.0000109375002, 750.0000292968762, 800.0, 850.0000298828136, 900.0000140625002, 950.0000148437501, 1000.0], "ampl": [4940.900937156003, 7206.458238032921, 9138.40906389435, 10741.404854916467, 12046.552043600188, 13106.810713920726, 13953.113953340979, 14644.647173093654, 15177.412976913027, 15616.991614451306, 15971.155170868413, 16252.934991889124, 16476.966963082665, 16658.34443981582, 16801.099097950337, 16913.847596918837, 17005.603240373697, 17071.650287792283, 17127.61334062042]}, "6": {"freq": [100.0, 150.0000005859375, 200.0, 250.0, 300.0000046875001, 350.0000054687501, 400.0, 450.0000070312501, 500.0, 550.0000064453126, 600.0000093750002, 650.0000228515634, 700.0000109375002, 750.0000292968762, 800.0, 850.0000298828136, 900.0000140625002, 950.0000148437501, 1000.0], "ampl": [5302.663332657556, 7664.000276777062, 9628.924636003741, 11215.827045063306, 12475.933385753795, 13475.946397607991, 14255.285085732918, 14883.72982712677, 15358.149128435127, 15743.14866705244, 16050.633636265575, 16289.778130951356, 16476.57507730134, 16629.35611057751, 16745.228815357386, 16834.077144813542, 16910.28278327977, 16951.618265944788, 16992.32771745852]}, "7": {"freq": [100.0, 150.0000005859375, 200.0, 250.0, 300.0000046875001, 350.0000054687501, 400.0, 450.0000070312501, 500.0, 550.0000064453126, 600.0000093750002, 650.0000228515634, 700.0000109375002, 750.0000292968762, 800.0, 850.0000298828136, 900.0000140625002, 950.0000148437501, 1000.0], "ampl": [4864.083491517435, 7086.46373276383, 8978.768305722295, 10541.988586651127, 11812.600936164863, 12840.185686797313, 13657.399762521245, 14325.139186499458, 14839.673484315068, 15258.9777787833, 15599.156679414564, 15868.63686550962, 16078.353413959663, 16255.842926709312, 16391.641712728004, 16499.536887438026, 16589.289188784624, 16646.692509417404, 16698.0611168876]}, "wireSegments": [17, 19, 21, 23, 25, 27, 29, 31], "apaChannels": [31, 29, 27, 25, 23, 21, 19, 17], "measuredBy": "", "stage": "DWA Development", "apaUuid": "continuity150-12", "layer": "X", "headboardNum": "1", "side": "A"}