{"0": {"freq": [20.0, 68.00000004249999, 116.00000061625, 164.00000102500002, 212.0000017225, 260.00000121875, 308.00000413875006, 356.00000178, 404.00000404, 452.00000113000004, 500.0, 548.0000054800001, 596.0000018625001, 644.0000128800003, 692.0000309237514, 740.0000127187502, 788.0000398925021, 836.0000428450022, 884.0000005525001, 932.0000393187518, 980.0000367500014, 1028.000071638755], "ampl": [959.4017365092424, 4666.166476417825, 8609.764255566066, 11996.416645035732, 14735.322170786209, 16879.19369571235, 18531.52480988351, 19808.36025748485, 20786.09859464575, 21542.80522926494, 22132.463283835008, 22592.31461404723, 22950.538106474352, 23237.018628238497, 23456.129103797764, 23630.121588378188, 23761.48634883997, 23863.256636040976, 23954.816265271413, 23981.561723542327, 24015.71973336901, 24029.675971810957]}, "1": {"freq": [20.0, 68.00000004249999, 116.00000061625, 164.00000102500002, 212.0000017225, 260.00000121875, 308.00000413875006, 356.00000178, 404.00000404, 452.00000113000004, 500.0, 548.0000054800001, 596.0000018625001, 644.0000128800003, 692.0000309237514, 740.0000127187502, 788.0000398925021, 836.0000428450022, 884.0000005525001, 932.0000393187518, 980.0000367500014, 1028.000071638755], "ampl": [947.4487168161943, 4592.869018992395, 8482.547446877772, 11832.288984100072, 14550.896845478113, 16686.37349460743, 18335.370464742224, 19613.83664918041, 20598.576516605553, 21358.911935167336, 21953.889264610934, 22420.89936495785, 22782.61692853705, 23072.679668765453, 23296.368412609183, 23473.674891109065, 23608.71348752533, 23712.8712561507, 23801.282562506534, 23835.057412605063, 23871.913630173553, 23885.55326190818]}, "2": {"freq": [20.0, 68.00000004249999, 116.00000061625, 164.00000102500002, 212.0000017225, 260.00000121875, 308.00000413875006, 356.00000178, 404.00000404, 452.00000113000004, 500.0, 548.0000054800001, 596.0000018625001, 644.0000128800003, 692.0000309237514, 740.0000127187502, 788.0000398925021, 836.0000428450022, 884.0000005525001, 932.0000393187518, 980.0000367500014, 1028.000071638755], "ampl": [964.8168044609803, 4698.992282840994, 8663.73258843566, 12062.626061923203, 14809.242265828683, 16959.12702094939, 18615.443549786924, 19895.866940402266, 20882.13542522427, 21639.73731141339, 22235.638773473947, 22697.75227029677, 23060.560284410323, 23349.85874307243, 23569.87448007804, 23747.777411062172, 23878.63218722114, 23982.562613185903, 24067.715357698442, 24104.731949610392, 24140.22800622326, 24153.904436917124]}, "3": {"freq": [20.0, 68.00000004249999, 116.00000061625, 164.00000102500002, 212.0000017225, 260.00000121875, 308.00000413875006, 356.00000178, 404.00000404, 452.00000113000004, 500.0, 548.0000054800001, 596.0000018625001, 644.0000128800003, 692.0000309237514, 740.0000127187502, 788.0000398925021, 836.0000428450022, 884.0000005525001, 932.0000393187518, 980.0000367500014, 1028.000071638755], "ampl": [519.9026502539662, 2434.7226407521416, 4653.360576821911, 6759.203094732128, 8648.792919843123, 10293.788151345385, 11690.124192046871, 12869.27345573325, 13846.888032153265, 14652.78730814633, 15323.571937321016, 15877.565066462388, 16331.305905268398, 16711.674868392885, 17021.986871176457, 17281.00957913896, 17494.928389611425, 17669.123720476906, 17822.97196143073, 17924.164005255625, 18015.601418431594, 18085.943046679487]}, "4": {"freq": [20.0, 68.00000004249999, 116.00000061625, 164.00000102500002, 212.0000017225, 260.00000121875, 308.00000413875006, 356.00000178, 404.00000404, 452.00000113000004, 500.0, 548.0000054800001, 596.0000018625001, 644.0000128800003, 692.0000309237514, 740.0000127187502, 788.0000398925021, 836.0000428450022, 884.0000005525001, 932.0000393187518, 980.0000367500014, 1028.000071638755], "ampl": [958.2169807049555, 4637.415610778268, 8541.681918495777, 11893.740169671231, 14611.043360786163, 16741.080460815698, 18389.754317558083, 19663.96640957056, 20648.047679641117, 21404.20545061178, 21999.296368337407, 22463.738276219297, 22825.478130728698, 23115.635390111638, 23338.68115476102, 23514.24207464817, 23649.79650218227, 23754.501501113027, 23844.174553733938, 23877.160198510843, 23911.817766776443, 23926.15002029181]}, "5": {"freq": [20.0, 68.00000004249999, 116.00000061625, 164.00000102500002, 212.0000017225, 260.00000121875, 308.00000413875006, 356.00000178, 404.00000404, 452.00000113000004, 500.0, 548.0000054800001, 596.0000018625001, 644.0000128800003, 692.0000309237514, 740.0000127187502, 788.0000398925021, 836.0000428450022, 884.0000005525001, 932.0000393187518, 980.0000367500014, 1028.000071638755], "ampl": [962.2804462053058, 4668.006023588343, 8613.78789022039, 12000.132908425245, 14734.716822696215, 16875.16862134611, 18524.08377979932, 19799.50657580368, 20777.14786297136, 21531.153254033223, 22119.498195654614, 22582.06134476464, 22939.682268756576, 23224.528515954244, 23444.680119226894, 23620.35631908179, 23754.50679221595, 23854.375841791254, 23942.940538826493, 23974.51708586214, 24007.711437384485, 24023.25081557548]}, "6": {"freq": [20.0, 68.00000004249999, 116.00000061625, 164.00000102500002, 212.0000017225, 260.00000121875, 308.00000413875006, 356.00000178, 404.00000404, 452.00000113000004, 500.0, 548.0000054800001, 596.0000018625001, 644.0000128800003, 692.0000309237514, 740.0000127187502, 788.0000398925021, 836.0000428450022, 884.0000005525001, 932.0000393187518, 980.0000367500014, 1028.000071638755], "ampl": [967.4398096623179, 4679.320538985599, 8607.166180625545, 11953.401404075667, 14638.217857656378, 16726.005080973027, 18325.857975571067, 19557.232252583683, 20499.205576854863, 21221.84001501873, 21786.780728634352, 22227.801121325552, 22569.48590989615, 22840.198988633983, 23049.289837145807, 23213.668451424877, 23337.275481030163, 23430.86010366264, 23518.27997680586, 23539.94098679003, 23572.165705635958, 23585.34797395838]}, "7": {"freq": [20.0, 68.00000004249999, 116.00000061625, 164.00000102500002, 212.0000017225, 260.00000121875, 308.00000413875006, 356.00000178, 404.00000404, 452.00000113000004, 500.0, 548.0000054800001, 596.0000018625001, 644.0000128800003, 692.0000309237514, 740.0000127187502, 788.0000398925021, 836.0000428450022, 884.0000005525001, 932.0000393187518, 980.0000367500014, 1028.000071638755], "ampl": [520.5492512089979, 2405.098055521032, 4569.307302372943, 6603.8638374923885, 8419.011770741885, 9986.932609994476, 11308.744674335372, 12414.985118549816, 13327.497611382832, 14077.959041351416, 14697.418498342195, 15206.010100707384, 15623.667507172757, 15970.47480510525, 16252.015474646982, 16486.461540239212, 16680.0596619311, 16836.10456981557, 16976.23343658758, 17062.856839909957, 17142.92192396845, 17205.638516851235]}, "wireSegments": null, "apaChannels": null, "measuredBy": null, "stage": null, "apaUuid": null, "layer": null, "headboardNum": null, "side": null}