{"0": {"freq": [20.0, 68.00000004249999, 116.00000061625, 164.00000102500002, 212.0000017225, 260.00000121875, 308.00000413875006, 356.00000178, 404.00000404, 452.00000113000004, 500.0, 548.0000054800001, 596.0000018625001, 644.0000128800003, 692.0000309237514, 740.0000127187502, 788.0000398925021, 836.0000428450022, 884.0000005525001, 932.0000393187518, 980.0000367500014, 1028.000071638755], "ampl": [521.2384874931379, 2433.983368868868, 4639.950554097342, 6722.152281299368, 8580.00239183237, 10181.633525337262, 11533.531616520842, 12659.397596466626, 13584.560492949755, 14351.401720357588, 14976.38150240948, 15490.43316647603, 15909.693481652123, 16265.047127924106, 16540.38010175575, 16773.77338134301, 16965.93120286862, 17123.436641696575, 17243.243981910688, 17353.729781564743, 17431.569064328967, 17493.14902033655]}, "1": {"freq": [20.0, 68.00000004249999, 116.00000061625, 164.00000102500002, 212.0000017225, 260.00000121875, 308.00000413875006, 356.00000178, 404.00000404, 452.00000113000004, 500.0, 548.0000054800001, 596.0000018625001, 644.0000128800003, 692.0000309237514, 740.0000127187502, 788.0000398925021, 836.0000428450022, 884.0000005525001, 932.0000393187518, 980.0000367500014, 1028.000071638755], "ampl": [937.0899674735778, 4544.842171851012, 8385.275389398816, 11682.08187305565, 14348.245592292416, 16437.843898902895, 18056.02071586521, 19303.684930843567, 20263.051350958285, 21012.504354239845, 21595.12608572549, 22052.318492118917, 22404.581999344075, 22702.723473898823, 22910.117702996242, 23082.079914189417, 23213.741119177135, 23318.49507767325, 23387.817393981128, 23444.64516662711, 23476.135291397786, 23495.014889652364]}, "2": {"freq": [20.0, 68.00000004249999, 116.00000061625, 164.00000102500002, 212.0000017225, 260.00000121875, 308.00000413875006, 356.00000178, 404.00000404, 452.00000113000004, 500.0, 548.0000054800001, 596.0000018625001, 644.0000128800003, 692.0000309237514, 740.0000127187502, 788.0000398925021, 836.0000428450022, 884.0000005525001, 932.0000393187518, 980.0000367500014, 1028.000071638755], "ampl": [960.7737594092969, 4660.524976889375, 8599.901240169505, 11978.190988989358, 14707.259462969047, 16844.599681099782, 18493.36519017462, 19760.54220832636, 20733.84381824632, 21493.082368287, 22079.81319451171, 22539.709107951334, 22895.03341904994, 23193.85468428166, 23401.359714440245, 23569.604814311, 23703.664814973632, 23803.08963382166, 23875.602307599787, 23928.94465492962, 23957.98911991992, 23973.917754529604]}, "3": {"freq": [20.0, 68.00000004249999, 116.00000061625, 164.00000102500002, 212.0000017225, 260.00000121875, 308.00000413875006, 356.00000178, 404.00000404, 452.00000113000004, 500.0, 548.0000054800001, 596.0000018625001, 644.0000128800003, 692.0000309237514, 740.0000127187502, 788.0000398925021, 836.0000428450022, 884.0000005525001, 932.0000393187518, 980.0000367500014, 1028.000071638755], "ampl": [967.2523547533787, 4692.877714264172, 8644.098592211174, 12020.595165157809, 14741.795834309754, 16859.462451142677, 18493.007287720375, 19748.130459623757, 20710.102533587356, 21458.35004916904, 22037.124261907902, 22489.90322899754, 22839.671767734442, 23132.43520622292, 23336.315883602423, 23501.653945942613, 23632.649164615348, 23731.680599120573, 23800.746706032874, 23852.68360073283, 23879.831370440876, 23895.803181397638]}, "4": {"freq": [20.0, 68.00000004249999, 116.00000061625, 164.00000102500002, 212.0000017225, 260.00000121875, 308.00000413875006, 356.00000178, 404.00000404, 452.00000113000004, 500.0, 548.0000054800001, 596.0000018625001, 644.0000128800003, 692.0000309237514, 740.0000127187502, 788.0000398925021, 836.0000428450022, 884.0000005525001, 932.0000393187518, 980.0000367500014, 1028.000071638755], "ampl": [517.3855756751668, 2405.8514978069893, 4594.533614057988, 6670.6065044386905, 8530.994363907692, 10142.489201581293, 11512.81290987632, 12656.45992723745, 13602.023607429659, 14387.077219023713, 15029.213551572308, 15561.63921537941, 15995.506047890618, 16365.234523176208, 16654.98830739065, 16898.488536995592, 17099.45016992532, 17266.790493462457, 17395.148817497546, 17508.147383737363, 17592.895832207087, 17661.088156555757]}, "5": {"freq": [20.0, 68.00000004249999, 116.00000061625, 164.00000102500002, 212.0000017225, 260.00000121875, 308.00000413875006, 356.00000178, 404.00000404, 452.00000113000004, 500.0, 548.0000054800001, 596.0000018625001, 644.0000128800003, 692.0000309237514, 740.0000127187502, 788.0000398925021, 836.0000428450022, 884.0000005525001, 932.0000393187518, 980.0000367500014, 1028.000071638755], "ampl": [954.796607416873, 4637.330695301514, 8546.031079230921, 11882.444704128518, 14570.403441329174, 16661.945915907076, 18274.77054626206, 19512.642430916047, 20465.395432589314, 21205.789721127476, 21778.711837951825, 22229.702329024265, 22575.713192992585, 22868.01937296423, 23073.117192734702, 23237.24232672083, 23368.029629058234, 23466.16265744539, 23534.102363814298, 23590.158234509545, 23616.842828379085, 23635.04574657876]}, "6": {"freq": [20.0, 68.00000004249999, 116.00000061625, 164.00000102500002, 212.0000017225, 260.00000121875, 308.00000413875006, 356.00000178, 404.00000404, 452.00000113000004, 500.0, 548.0000054800001, 596.0000018625001, 644.0000128800003, 692.0000309237514, 740.0000127187502, 788.0000398925021, 836.0000428450022, 884.0000005525001, 932.0000393187518, 980.0000367500014, 1028.000071638755], "ampl": [972.2111587397397, 4669.134617924082, 8585.808041068914, 11925.413512440333, 14611.439445764976, 16699.404073262373, 18304.07779432688, 19532.919166561005, 20474.232948274053, 21205.846958601673, 21771.11487544221, 22212.95571128176, 22551.230659302626, 22837.608464610596, 23035.35246321769, 23195.920700843104, 23322.326700242338, 23416.63988034883, 23479.151909017215, 23532.406569750445, 23558.185656035195, 23571.87845400192]}, "7": {"freq": [20.0, 68.00000004249999, 116.00000061625, 164.00000102500002, 212.0000017225, 260.00000121875, 308.00000413875006, 356.00000178, 404.00000404, 452.00000113000004, 500.0, 548.0000054800001, 596.0000018625001, 644.0000128800003, 692.0000309237514, 740.0000127187502, 788.0000398925021, 836.0000428450022, 884.0000005525001, 932.0000393187518, 980.0000367500014, 1028.000071638755], "ampl": [969.6050094299179, 4690.18479834553, 8620.51637779249, 11961.944206531538, 14642.690436469606, 16718.996043925858, 18314.67201996013, 19533.70629508455, 20467.058601578527, 21192.200213422257, 21751.465132378144, 22187.30230296677, 22522.456171131274, 22804.11886598932, 23000.528195811326, 23159.652547284888, 23283.887321133512, 23374.359733605517, 23433.790576717987, 23489.99848984534, 23515.321074965257, 23527.546113032873]}, "wireSegments": null, "apaChannels": null, "measuredBy": null, "stage": null, "apaUuid": null, "layer": null, "headboardNum": null, "side": null}