{"0": {"freq": [20.0, 68.00000004249999, 116.00000061625, 164.00000102500002, 212.0000017225, 260.00000121875, 308.00000413875006, 356.00000178, 404.00000404, 452.00000113000004, 500.0, 548.0000054800001, 596.0000018625001, 644.0000128800003, 692.0000309237514, 740.0000127187502, 788.0000398925021, 836.0000428450022, 884.0000005525001, 932.0000393187518, 980.0000367500014, 1028.000071638755], "ampl": [956.5931589327673, 4635.635859258703, 8552.114908913261, 11919.464710202796, 14651.281630582547, 16803.208789164677, 18469.993792457342, 19756.096194682428, 20748.498862101773, 21518.272394277938, 22120.53799796775, 22593.764268532846, 22961.231675441355, 23249.68589517189, 23484.078508682524, 23657.60360384452, 23796.288688176304, 23897.0929544205, 24005.102412017313, 24052.80578831257, 24067.187089481056, 24081.303373829243]}, "1": {"freq": [20.0, 68.00000004249999, 116.00000061625, 164.00000102500002, 212.0000017225, 260.00000121875, 308.00000413875006, 356.00000178, 404.00000404, 452.00000113000004, 500.0, 548.0000054800001, 596.0000018625001, 644.0000128800003, 692.0000309237514, 740.0000127187502, 788.0000398925021, 836.0000428450022, 884.0000005525001, 932.0000393187518, 980.0000367500014, 1028.000071638755], "ampl": [949.6454690742463, 4597.543513780624, 8487.791126847163, 11832.286990491613, 14541.5003342959, 16677.974707145724, 18332.79408408563, 19607.66918696212, 20594.5550472787, 21358.642379084096, 21956.42969981743, 22425.891709618732, 22792.105673643357, 23082.29052749075, 23313.31339878848, 23487.79923757801, 23625.957261586456, 23725.209885038126, 23834.943996300874, 23876.00722269042, 23895.57500355918, 23909.85180020197]}, "2": {"freq": [20.0, 68.00000004249999, 116.00000061625, 164.00000102500002, 212.0000017225, 260.00000121875, 308.00000413875006, 356.00000178, 404.00000404, 452.00000113000004, 500.0, 548.0000054800001, 596.0000018625001, 644.0000128800003, 692.0000309237514, 740.0000127187502, 788.0000398925021, 836.0000428450022, 884.0000005525001, 932.0000393187518, 980.0000367500014, 1028.000071638755], "ampl": [976.4047074982826, 4731.285670045189, 8715.283982782965, 12123.946058334659, 14868.837834498436, 17023.080690151128, 18682.257899162836, 19956.658802436858, 20944.057010968743, 21704.00428135151, 22298.171653315512, 22762.272358144328, 23124.53701762791, 23409.563247992588, 23637.962211042934, 23810.08301070293, 23943.64756749621, 24041.552297000824, 24147.58739676557, 24189.186040384844, 24205.022327608072, 24218.661886941503]}, "3": {"freq": [20.0, 68.00000004249999, 116.00000061625, 164.00000102500002, 212.0000017225, 260.00000121875, 308.00000413875006, 356.00000178, 404.00000404, 452.00000113000004, 500.0, 548.0000054800001, 596.0000018625001, 644.0000128800003, 692.0000309237514, 740.0000127187502, 788.0000398925021, 836.0000428450022, 884.0000005525001, 932.0000393187518, 980.0000367500014, 1028.000071638755], "ampl": [508.40110781294175, 2382.58242969237, 4561.200233067109, 6626.809352242912, 8486.97933440658, 10109.757686358149, 11493.016825416482, 12654.622288710321, 13622.609228798776, 14423.588334219825, 15087.812620481614, 15638.33363807869, 16090.44919652387, 16468.072679600264, 16781.71266218069, 17035.306202494907, 17248.0981519306, 17422.917150870384, 17586.202172656118, 17703.004114114246, 17774.983086683005, 17845.64745243033]}, "4": {"freq": [20.0, 68.00000004249999, 116.00000061625, 164.00000102500002, 212.0000017225, 260.00000121875, 308.00000413875006, 356.00000178, 404.00000404, 452.00000113000004, 500.0, 548.0000054800001, 596.0000018625001, 644.0000128800003, 692.0000309237514, 740.0000127187502, 788.0000398925021, 836.0000428450022, 884.0000005525001, 932.0000393187518, 980.0000367500014, 1028.000071638755], "ampl": [976.542988869194, 4729.144348083704, 8697.89745113535, 12079.67671296729, 14792.281131639054, 16909.780747005465, 18539.82639673837, 19785.31467070183, 20744.99981907226, 21482.91411071561, 22060.217385173313, 22510.500446723003, 22859.661454347228, 23134.178701762434, 23352.035847486837, 23514.73080094013, 23644.135919553184, 23737.36480078082, 23839.478425788428, 23883.718028572497, 23889.69986569053, 23901.14457403737]}, "5": {"freq": [20.0, 68.00000004249999, 116.00000061625, 164.00000102500002, 212.0000017225, 260.00000121875, 308.00000413875006, 356.00000178, 404.00000404, 452.00000113000004, 500.0, 548.0000054800001, 596.0000018625001, 644.0000128800003, 692.0000309237514, 740.0000127187502, 788.0000398925021, 836.0000428450022, 884.0000005525001, 932.0000393187518, 980.0000367500014, 1028.000071638755], "ampl": [968.5305875784597, 4692.771951508261, 8648.995686418131, 12031.903448596058, 14753.134523246426, 16886.536097328102, 18526.47268095114, 19785.500522919978, 20754.249351184226, 21503.562591843696, 22087.329830807696, 22543.136204002425, 22900.05660721814, 23177.837570927255, 23402.21005946512, 23568.006197856015, 23699.73978074132, 23796.486671251565, 23898.98094953188, 23941.861404485553, 23953.712862675886, 23965.385668293744]}, "6": {"freq": [20.0, 68.00000004249999, 116.00000061625, 164.00000102500002, 212.0000017225, 260.00000121875, 308.00000413875006, 356.00000178, 404.00000404, 452.00000113000004, 500.0, 548.0000054800001, 596.0000018625001, 644.0000128800003, 692.0000309237514, 740.0000127187502, 788.0000398925021, 836.0000428450022, 884.0000005525001, 932.0000393187518, 980.0000367500014, 1028.000071638755], "ampl": [969.3798020485036, 4696.154872799949, 8627.054680073852, 11963.440131398236, 14626.38041302406, 16700.960955630766, 18288.0442805748, 19499.120829797343, 20429.714282632867, 21144.40948036738, 21701.47227628585, 22136.494367416904, 22472.770641869058, 22736.139886851986, 22947.451956409062, 23103.603675669463, 23226.883962829386, 23317.178683072136, 23411.29518346523, 23452.703516738187, 23459.22488782184, 23466.66156026789]}, "7": {"freq": [20.0, 68.00000004249999, 116.00000061625, 164.00000102500002, 212.0000017225, 260.00000121875, 308.00000413875006, 356.00000178, 404.00000404, 452.00000113000004, 500.0, 548.0000054800001, 596.0000018625001, 644.0000128800003, 692.0000309237514, 740.0000127187502, 788.0000398925021, 836.0000428450022, 884.0000005525001, 932.0000393187518, 980.0000367500014, 1028.000071638755], "ampl": [511.37214462896134, 2379.834261190714, 4525.888348597526, 6536.1483096658385, 8319.48808721104, 9854.823741564504, 11145.743113551265, 12214.690889500647, 13097.08726111406, 13816.541072493132, 14413.658535066948, 14898.200494738594, 15294.637047907992, 15622.321131623587, 15893.67333102247, 16110.177846701206, 16290.754892316048, 16436.28714408984, 16580.24139313494, 16669.42978080884, 16725.349355987215, 16781.274065540925]}, "wireSegments": null, "apaChannels": null, "measuredBy": null, "stage": null, "apaUuid": null, "layer": null, "headboardNum": null, "side": null}