{"0": {"freq": [20.0, 68.00000004249999, 116.00000061625, 164.00000102500002, 212.0000017225, 260.00000121875, 308.00000413875006, 356.00000178, 404.00000404, 452.00000113000004, 500.0, 548.0000054800001, 596.0000018625001, 644.0000128800003, 692.0000309237514, 740.0000127187502, 788.0000398925021, 836.0000428450022, 884.0000005525001, 932.0000393187518, 980.0000367500014, 1028.000071638755], "ampl": [2.9084651997227837, 12.450958278836366, 22.11945016739451, 30.240644926926386, 40.017656132489144, 47.930718315620844, 55.854977899828526, 64.21741074422506, 72.44981266602547, 79.12546755776643, 87.89630175737275, 95.88758820355558, 104.16712331945418, 111.05143843395842, 118.66174030013924, 126.19892962750026, 133.27600334471597, 139.89922714489865, 146.92514078463898, 154.24322691213166, 160.64167774619057, 167.36360151722525]}, "1": {"freq": [20.0, 68.00000004249999, 116.00000061625, 164.00000102500002, 212.0000017225, 260.00000121875, 308.00000413875006, 356.00000178, 404.00000404, 452.00000113000004, 500.0, 548.0000054800001, 596.0000018625001, 644.0000128800003, 692.0000309237514, 740.0000127187502, 788.0000398925021, 836.0000428450022, 884.0000005525001, 932.0000393187518, 980.0000367500014, 1028.000071638755], "ampl": [2.4469078345785795, 17.959370439783154, 34.28234505283057, 49.909554079284256, 65.98202107855305, 80.71929269223574, 95.90495625659652, 110.58272934659949, 123.75543163125718, 139.38066837875687, 152.55615135086504, 166.36949454496263, 180.7797320668441, 193.95917367637531, 206.60246896090024, 220.4548312178734, 233.49783027113278, 245.3649404732752, 258.15425227508644, 271.09891893464237, 280.87434606151317, 294.675716970317]}, "2": {"freq": [20.0, 68.00000004249999, 116.00000061625, 164.00000102500002, 212.0000017225, 260.00000121875, 308.00000413875006, 356.00000178, 404.00000404, 452.00000113000004, 500.0, 548.0000054800001, 596.0000018625001, 644.0000128800003, 692.0000309237514, 740.0000127187502, 788.0000398925021, 836.0000428450022, 884.0000005525001, 932.0000393187518, 980.0000367500014, 1028.000071638755], "ampl": [2.0288959185387063, 17.384907229513416, 34.093187461934654, 50.0044607577724, 65.56401523257382, 81.18131195170474, 96.07917966860695, 110.41349282849379, 126.16558352565896, 140.87754392306059, 155.2331622296358, 169.15602327083803, 182.58875974950075, 196.77019976864244, 210.02176250285927, 223.95414510325247, 236.9648681490371, 250.84388170300053, 262.90059424468336, 275.73112527465196, 287.5607448513921, 300.4261178189889]}, "3": {"freq": [20.0, 68.00000004249999, 116.00000061625, 164.00000102500002, 212.0000017225, 260.00000121875, 308.00000413875006, 356.00000178, 404.00000404, 452.00000113000004, 500.0, 548.0000054800001, 596.0000018625001, 644.0000128800003, 692.0000309237514, 740.0000127187502, 788.0000398925021, 836.0000428450022, 884.0000005525001, 932.0000393187518, 980.0000367500014, 1028.000071638755], "ampl": [2.546630637185447, 17.005684513494828, 32.671989129052776, 48.71417892597669, 65.23755844874546, 83.634251559586, 100.01194859611451, 115.64959831641204, 132.58159367743443, 147.75372302940005, 164.0811586155526, 179.76410518209656, 195.3751418059849, 210.59459327140604, 225.8657824412597, 241.90067186542223, 257.42629100340986, 270.07284820479646, 285.1580076358708, 298.9249771141768, 312.0635234281668, 326.31605867689126]}, "4": {"freq": [20.0, 68.00000004249999, 116.00000061625, 164.00000102500002, 212.0000017225, 260.00000121875, 308.00000413875006, 356.00000178, 404.00000404, 452.00000113000004, 500.0, 548.0000054800001, 596.0000018625001, 644.0000128800003, 692.0000309237514, 740.0000127187502, 788.0000398925021, 836.0000428450022, 884.0000005525001, 932.0000393187518, 980.0000367500014, 1028.000071638755], "ampl": [532.2932759318385, 2462.0090716799673, 4695.809137483324, 6791.111508677375, 8645.960729608252, 10235.787698936245, 11571.034817918151, 12672.468482637538, 13581.692838385794, 14325.72349605053, 14933.665773366676, 15429.311956387444, 15838.243439025564, 16172.23118946025, 16444.944445246078, 16668.91721571615, 16854.98231999717, 17005.279262626947, 17127.249654763902, 17225.76063395767, 17301.17355517281, 17358.668761144716]}, "5": {"freq": [20.0, 68.00000004249999, 116.00000061625, 164.00000102500002, 212.0000017225, 260.00000121875, 308.00000413875006, 356.00000178, 404.00000404, 452.00000113000004, 500.0, 548.0000054800001, 596.0000018625001, 644.0000128800003, 692.0000309237514, 740.0000127187502, 788.0000398925021, 836.0000428450022, 884.0000005525001, 932.0000393187518, 980.0000367500014, 1028.000071638755], "ampl": [961.6384668309931, 4721.483762957701, 8745.180511029743, 12171.187527359994, 14909.830352897272, 17032.62419035917, 18659.55942016858, 19904.229298123588, 20856.94215513315, 21590.82919223999, 22159.572819465116, 22602.97812340366, 22953.82182045177, 23222.939125342276, 23435.31111946926, 23596.477714614604, 23724.150432267837, 23824.481305290472, 23891.080705631117, 23942.960218245393, 23969.12897787052, 23981.425450767616]}, "6": {"freq": [20.0, 68.00000004249999, 116.00000061625, 164.00000102500002, 212.0000017225, 260.00000121875, 308.00000413875006, 356.00000178, 404.00000404, 452.00000113000004, 500.0, 548.0000054800001, 596.0000018625001, 644.0000128800003, 692.0000309237514, 740.0000127187502, 788.0000398925021, 836.0000428450022, 884.0000005525001, 932.0000393187518, 980.0000367500014, 1028.000071638755], "ampl": [962.3658184948742, 4674.2059575681515, 8657.031400501344, 12064.027638887099, 14799.213772389574, 16929.8498591557, 18564.797075882285, 19814.578443847953, 20775.43312825242, 21515.87763003399, 22087.315688419658, 22534.2703851278, 22886.960226607105, 23156.118980273135, 23371.12049658662, 23534.857242777274, 23661.41356980269, 23762.83980506764, 23830.23970213355, 23882.251878544077, 23909.668269978953, 23921.155055175688]}, "7": {"freq": [20.0, 68.00000004249999, 116.00000061625, 164.00000102500002, 212.0000017225, 260.00000121875, 308.00000413875006, 356.00000178, 404.00000404, 452.00000113000004, 500.0, 548.0000054800001, 596.0000018625001, 644.0000128800003, 692.0000309237514, 740.0000127187502, 788.0000398925021, 836.0000428450022, 884.0000005525001, 932.0000393187518, 980.0000367500014, 1028.000071638755], "ampl": [972.8185169223774, 4760.788568955684, 8805.966711117124, 12244.15211245061, 14988.31095346228, 17109.832217810526, 18732.304858954325, 19966.542416830995, 20909.97039985241, 21638.536885571026, 22197.638799925317, 22636.5892059631, 22979.589865503593, 23241.018809948844, 23449.31566998185, 23606.86784271885, 23728.854722939715, 23825.65648684373, 23889.118388908242, 23937.70869477438, 23961.711312346757, 23969.06430652625]}, "wireSegments": null, "apaChannels": null, "measuredBy": null, "stage": null, "apaUuid": null, "layer": null, "headboardNum": null, "side": null}