{"0": {"freq": [20.0, 68.00000004249999, 116.00000061625, 164.00000102500002, 212.0000017225, 260.00000121875, 308.00000413875006, 356.00000178, 404.00000404, 452.00000113000004, 500.0, 548.0000054800001, 596.0000018625001, 644.0000128800003, 692.0000309237514, 740.0000127187502, 788.0000398925021, 836.0000428450022, 884.0000005525001, 932.0000393187518, 980.0000367500014, 1028.000071638755], "ampl": [1.4209668624325862, 13.10727923039148, 23.783792101638078, 33.70175590092542, 43.47005694743528, 52.938931161987384, 61.734358037347, 71.2724741820787, 80.54446344985845, 89.50964721631341, 98.34524044921199, 107.78559629121196, 117.43052868131575, 124.86041830833925, 133.5255714734288, 141.84994222466455, 149.20769794136075, 157.97315228854148, 165.33315290369677, 172.99475058715396, 180.62006892165587, 188.06199299528737]}, "1": {"freq": [20.0, 68.00000004249999, 116.00000061625, 164.00000102500002, 212.0000017225, 260.00000121875, 308.00000413875006, 356.00000178, 404.00000404, 452.00000113000004, 500.0, 548.0000054800001, 596.0000018625001, 644.0000128800003, 692.0000309237514, 740.0000127187502, 788.0000398925021, 836.0000428450022, 884.0000005525001, 932.0000393187518, 980.0000367500014, 1028.000071638755], "ampl": [1.7223385888740876, 17.996130969450206, 33.483042231313604, 49.4857446963975, 66.1656808958899, 80.3194051519869, 95.09335697218432, 109.85221615286854, 124.25440302382032, 138.8389278787105, 152.19018370579667, 166.8409073499188, 181.71633855178513, 193.82785784798037, 208.7151733090904, 221.0412820997686, 234.39498890241094, 246.03013713077732, 257.7700492349961, 271.15256069866695, 282.9073463325903, 293.4783754261679]}, "2": {"freq": [20.0, 68.00000004249999, 116.00000061625, 164.00000102500002, 212.0000017225, 260.00000121875, 308.00000413875006, 356.00000178, 404.00000404, 452.00000113000004, 500.0, 548.0000054800001, 596.0000018625001, 644.0000128800003, 692.0000309237514, 740.0000127187502, 788.0000398925021, 836.0000428450022, 884.0000005525001, 932.0000393187518, 980.0000367500014, 1028.000071638755], "ampl": [2.450739426000429, 18.00449006089065, 33.469162053615044, 49.62117185171383, 65.92825315365819, 79.29153212738596, 95.88152648501709, 111.27088576743726, 126.15172253882315, 141.9986920806229, 154.88250627227563, 169.07037504031427, 184.15323174041052, 198.50273379237706, 211.16707139155508, 224.65077742286257, 238.72082567965404, 251.2610779828645, 265.5004418724937, 276.4794748176558, 289.5076317381694, 300.97555154099166]}, "3": {"freq": [20.0, 68.00000004249999, 116.00000061625, 164.00000102500002, 212.0000017225, 260.00000121875, 308.00000413875006, 356.00000178, 404.00000404, 452.00000113000004, 500.0, 548.0000054800001, 596.0000018625001, 644.0000128800003, 692.0000309237514, 740.0000127187502, 788.0000398925021, 836.0000428450022, 884.0000005525001, 932.0000393187518, 980.0000367500014, 1028.000071638755], "ampl": [1.5170719358988611, 16.917362764590568, 34.29325398961713, 51.14639119498702, 69.16340279050779, 85.67985477183008, 102.61247235126025, 120.46435946843091, 138.1301033468085, 155.06649409323202, 171.05856740058428, 187.7177451599333, 203.26717767390625, 219.24919534419357, 235.4841676163418, 250.03595430838806, 266.66074450358883, 280.38508606722417, 296.5098937578354, 310.7271676311369, 324.2438502728824, 337.83596616298036]}, "4": {"freq": [20.0, 68.00000004249999, 116.00000061625, 164.00000102500002, 212.0000017225, 260.00000121875, 308.00000413875006, 356.00000178, 404.00000404, 452.00000113000004, 500.0, 548.0000054800001, 596.0000018625001, 644.0000128800003, 692.0000309237514, 740.0000127187502, 788.0000398925021, 836.0000428450022, 884.0000005525001, 932.0000393187518, 980.0000367500014, 1028.000071638755], "ampl": [968.3218824884879, 4720.864109223449, 8734.211010477838, 12172.93545097417, 14938.084551593967, 17102.488524619603, 18768.77763106804, 20044.523538596837, 21028.69294690679, 21787.57439827251, 22379.176530948072, 22837.05350471436, 23224.235692237657, 23478.83240539471, 23700.35049700642, 23874.71992937281, 24004.34900847933, 24117.086003237087, 24182.181756399525, 24224.033266785827, 24292.140030275397, 24273.97942720799]}, "5": {"freq": [20.0, 68.00000004249999, 116.00000061625, 164.00000102500002, 212.0000017225, 260.00000121875, 308.00000413875006, 356.00000178, 404.00000404, 452.00000113000004, 500.0, 548.0000054800001, 596.0000018625001, 644.0000128800003, 692.0000309237514, 740.0000127187502, 788.0000398925021, 836.0000428450022, 884.0000005525001, 932.0000393187518, 980.0000367500014, 1028.000071638755], "ampl": [974.184903180775, 4752.705462172601, 8813.773928303319, 12292.804898324253, 15083.716699667353, 17260.809782164117, 18933.72159472503, 20210.44978704008, 21196.075589489275, 21950.682820217935, 22542.2147993568, 22995.445260503762, 23377.531744680873, 23632.683393919262, 23848.398687161465, 24022.883594871655, 24150.393444697627, 24263.309617877912, 24323.554752149732, 24369.631659816547, 24430.50621641606, 24414.009658422186]}, "6": {"freq": [20.0, 68.00000004249999, 116.00000061625, 164.00000102500002, 212.0000017225, 260.00000121875, 308.00000413875006, 356.00000178, 404.00000404, 452.00000113000004, 500.0, 548.0000054800001, 596.0000018625001, 644.0000128800003, 692.0000309237514, 740.0000127187502, 788.0000398925021, 836.0000428450022, 884.0000005525001, 932.0000393187518, 980.0000367500014, 1028.000071638755], "ampl": [964.3978096430807, 4704.817702155412, 8711.344821905524, 12128.41163250223, 14863.176599005712, 16985.186525204233, 18613.37582442633, 19854.021883958223, 20809.074301695386, 21541.113998885572, 22113.480283783047, 22553.978298923706, 22922.786624120086, 23167.002252933824, 23377.715936063076, 23541.23830597602, 23664.7759108214, 23771.35292360732, 23830.42788830808, 23872.131837804696, 23930.620076943553, 23916.403261289324]}, "7": {"freq": [20.0, 68.00000004249999, 116.00000061625, 164.00000102500002, 212.0000017225, 260.00000121875, 308.00000413875006, 356.00000178, 404.00000404, 452.00000113000004, 500.0, 548.0000054800001, 596.0000018625001, 644.0000128800003, 692.0000309237514, 740.0000127187502, 788.0000398925021, 836.0000428450022, 884.0000005525001, 932.0000393187518, 980.0000367500014, 1028.000071638755], "ampl": [529.8387426333645, 2455.089177284045, 4704.225299026363, 6826.216774335243, 8710.760130894318, 10335.291444877803, 11700.935179607071, 12833.442009630851, 13769.367279497033, 14533.50039734274, 15165.15348500633, 15676.9432584297, 16122.953009164232, 16445.05025882457, 16734.231707867628, 16968.130598030803, 17159.717451990025, 17325.512541190386, 17448.882644467147, 17547.787995984712, 17653.641540211942, 17691.503909633968]}, "wireSegments": null, "apaChannels": null, "measuredBy": null, "stage": null, "apaUuid": null, "layer": null, "headboardNum": null, "side": null}