{"0": {"freq": [20.0, 68.00000004249999, 116.00000061625, 164.00000102500002, 212.0000017225, 260.00000121875, 308.00000413875006, 356.00000178, 404.00000404, 452.00000113000004, 500.0, 548.0000054800001, 596.0000018625001, 644.0000128800003, 692.0000309237514, 740.0000127187502, 788.0000398925021, 836.0000428450022, 884.0000005525001, 932.0000393187518, 980.0000367500014, 1028.000071638755], "ampl": [519.1640149302327, 2423.313702407039, 4642.826620208625, 6750.859579192891, 8638.9663234857, 10279.062351050185, 11666.393566435088, 12830.883320215575, 13795.479190139746, 14587.53952022693, 15241.078189618464, 15780.270651824967, 16212.00937036308, 16593.326424306048, 16893.06116142174, 17154.672937153773, 17350.73472605169, 17514.813062092875, 17653.72394674611, 17764.221272982988, 17847.532086650135, 17917.71417556351]}, "1": {"freq": [20.0, 68.00000004249999, 116.00000061625, 164.00000102500002, 212.0000017225, 260.00000121875, 308.00000413875006, 356.00000178, 404.00000404, 452.00000113000004, 500.0, 548.0000054800001, 596.0000018625001, 644.0000128800003, 692.0000309237514, 740.0000127187502, 788.0000398925021, 836.0000428450022, 884.0000005525001, 932.0000393187518, 980.0000367500014, 1028.000071638755], "ampl": [938.5804707767323, 4554.793856163839, 8403.271745931403, 11703.258815451562, 14374.496740537217, 16473.52260435385, 18093.586787548506, 19347.570874389457, 20319.86356471751, 21070.680892684813, 21656.585990568707, 22118.01318731639, 22463.4509268421, 22764.585107643514, 22983.605957722608, 23175.361257674558, 23298.286614791516, 23398.975958073923, 23476.52911639331, 23528.301041452374, 23559.20674096617, 23576.245688785795]}, "2": {"freq": [20.0, 68.00000004249999, 116.00000061625, 164.00000102500002, 212.0000017225, 260.00000121875, 308.00000413875006, 356.00000178, 404.00000404, 452.00000113000004, 500.0, 548.0000054800001, 596.0000018625001, 644.0000128800003, 692.0000309237514, 740.0000127187502, 788.0000398925021, 836.0000428450022, 884.0000005525001, 932.0000393187518, 980.0000367500014, 1028.000071638755], "ampl": [965.8628884750877, 4668.199669838168, 8603.132274302729, 11977.113376304991, 14702.223957008757, 16836.750540436664, 18481.94535061626, 19752.737620887423, 20732.780470451977, 21487.989971030584, 22078.243553045435, 22539.472297136123, 22885.355287898656, 23181.87422956237, 23401.242917957436, 23592.872851503864, 23714.04879871714, 23810.36031053778, 23887.870859083654, 23935.705742276878, 23965.487449459026, 23982.031742895735]}, "3": {"freq": [20.0, 68.00000004249999, 116.00000061625, 164.00000102500002, 212.0000017225, 260.00000121875, 308.00000413875006, 356.00000178, 404.00000404, 452.00000113000004, 500.0, 548.0000054800001, 596.0000018625001, 644.0000128800003, 692.0000309237514, 740.0000127187502, 788.0000398925021, 836.0000428450022, 884.0000005525001, 932.0000393187518, 980.0000367500014, 1028.000071638755], "ampl": [967.0725063136381, 4683.056728705094, 8624.351724046315, 11991.205742004857, 14700.364796766911, 16819.830467947842, 18449.27095217816, 19702.800552698587, 20671.7274195054, 21416.18044962805, 21997.516696919287, 22452.596359572708, 22791.50088153663, 23087.298478251076, 23299.71185901116, 23487.777135373562, 23605.063812819728, 23703.710506649622, 23776.096293393544, 23825.3507976028, 23853.37328211482, 23866.568925215444]}, "4": {"freq": [20.0, 68.00000004249999, 116.00000061625, 164.00000102500002, 212.0000017225, 260.00000121875, 308.00000413875006, 356.00000178, 404.00000404, 452.00000113000004, 500.0, 548.0000054800001, 596.0000018625001, 644.0000128800003, 692.0000309237514, 740.0000127187502, 788.0000398925021, 836.0000428450022, 884.0000005525001, 932.0000393187518, 980.0000367500014, 1028.000071638755], "ampl": [534.1351176509261, 2488.4853703591625, 4751.967035949959, 6883.1863847426785, 8779.836522540472, 10412.615167097574, 11784.863960617353, 12929.559045637157, 13871.616520582898, 14638.851976935488, 15271.55904662216, 15792.030118007913, 16206.29187452179, 16568.344963027987, 16853.787140938046, 17103.854179193786, 17286.377302200708, 17444.138438366306, 17572.407482292874, 17674.822261587553, 17751.163837868804, 17813.99279506555]}, "5": {"freq": [20.0, 68.00000004249999, 116.00000061625, 164.00000102500002, 212.0000017225, 260.00000121875, 308.00000413875006, 356.00000178, 404.00000404, 452.00000113000004, 500.0, 548.0000054800001, 596.0000018625001, 644.0000128800003, 692.0000309237514, 740.0000127187502, 788.0000398925021, 836.0000428450022, 884.0000005525001, 932.0000393187518, 980.0000367500014, 1028.000071638755], "ampl": [953.9652309376542, 4613.137927649427, 8487.501445556634, 11789.226373706222, 14439.519805734419, 16505.73078517577, 18092.190041689108, 19311.536143169815, 20255.454737561075, 20979.20335281604, 21546.577605051847, 21990.39530062965, 22319.902730017013, 22609.612309346747, 22818.377538311437, 23000.83900906893, 23116.230168134127, 23212.229458791262, 23283.432341974767, 23331.449031774035, 23356.290318487332, 23371.625879150342]}, "6": {"freq": [20.0, 68.00000004249999, 116.00000061625, 164.00000102500002, 212.0000017225, 260.00000121875, 308.00000413875006, 356.00000178, 404.00000404, 452.00000113000004, 500.0, 548.0000054800001, 596.0000018625001, 644.0000128800003, 692.0000309237514, 740.0000127187502, 788.0000398925021, 836.0000428450022, 884.0000005525001, 932.0000393187518, 980.0000367500014, 1028.000071638755], "ampl": [985.080156723012, 4730.346970655217, 8689.382337547348, 12045.897875533628, 14724.920248790831, 16807.04275809148, 18393.83253034086, 19608.026125564793, 20540.957703148604, 21250.90985937705, 21806.228548090094, 22236.1252448132, 22556.06239071628, 22836.356791600934, 23037.768271327295, 23212.783088789605, 23319.659882770142, 23409.650077164293, 23474.30561595366, 23517.04015502061, 23540.62834842453, 23551.85465419081]}, "7": {"freq": [20.0, 68.00000004249999, 116.00000061625, 164.00000102500002, 212.0000017225, 260.00000121875, 308.00000413875006, 356.00000178, 404.00000404, 452.00000113000004, 500.0, 548.0000054800001, 596.0000018625001, 644.0000128800003, 692.0000309237514, 740.0000127187502, 788.0000398925021, 836.0000428450022, 884.0000005525001, 932.0000393187518, 980.0000367500014, 1028.000071638755], "ampl": [964.8722430310877, 4666.227861896377, 8574.704731735826, 11896.115649841066, 14552.48791908744, 16615.82189858306, 18191.473021321002, 19401.162081149654, 20329.52786436429, 21038.621263847723, 21591.874607568712, 22021.90789892627, 22339.942419513623, 22623.645196741123, 22824.05209670213, 22997.75265611442, 23108.088074761155, 23198.389956939485, 23263.87673548655, 23307.197325899906, 23330.533189208996, 23340.697036807618]}, "wireSegments": null, "apaChannels": null, "measuredBy": null, "stage": null, "apaUuid": null, "layer": null, "headboardNum": null, "side": null}