{"0": {"freq": [20.0, 68.00000004249999, 116.00000061625, 164.00000102500002, 212.0000017225, 260.00000121875, 308.00000413875006, 356.00000178, 404.00000404, 452.00000113000004, 500.0, 548.0000054800001, 596.0000018625001, 644.0000128800003, 692.0000309237514, 740.0000127187502, 788.0000398925021, 836.0000428450022, 884.0000005525001, 932.0000393187518, 980.0000367500014, 1028.000071638755], "ampl": [978.0756835541932, 4777.475296983104, 8860.106641282975, 12340.751346065985, 15131.619093711106, 17309.19948771599, 18968.585947656207, 20246.555998211865, 21224.63420203854, 21975.51923966583, 22556.750281800523, 23032.504971729697, 23360.91598846604, 23644.758652013104, 23858.652232843626, 24031.499282403198, 24148.782360464415, 24248.93108398861, 24315.52311074345, 24362.786983180136, 24391.162359651298, 24404.83929576296]}, "1": {"freq": [20.0, 68.00000004249999, 116.00000061625, 164.00000102500002, 212.0000017225, 260.00000121875, 308.00000413875006, 356.00000178, 404.00000404, 452.00000113000004, 500.0, 548.0000054800001, 596.0000018625001, 644.0000128800003, 692.0000309237514, 740.0000127187502, 788.0000398925021, 836.0000428450022, 884.0000005525001, 932.0000393187518, 980.0000367500014, 1028.000071638755], "ampl": [962.6948134076649, 4695.419704178968, 8716.34276977177, 12153.419576389579, 14920.890706224927, 17084.335684502355, 18741.915616071805, 20018.88653173255, 21000.513741746377, 21755.18390590262, 22342.3189215743, 22823.358306902872, 23158.23445588429, 23443.863047711427, 23661.093556677264, 23837.97401239531, 23960.724891812657, 24060.53960746668, 24131.94694592549, 24180.311129581954, 24210.48718071379, 24227.801108877116]}, "2": {"freq": [20.0, 68.00000004249999, 116.00000061625, 164.00000102500002, 212.0000017225, 260.00000121875, 308.00000413875006, 356.00000178, 404.00000404, 452.00000113000004, 500.0, 548.0000054800001, 596.0000018625001, 644.0000128800003, 692.0000309237514, 740.0000127187502, 788.0000398925021, 836.0000428450022, 884.0000005525001, 932.0000393187518, 980.0000367500014, 1028.000071638755], "ampl": [979.8359802219189, 4798.436428930494, 8897.52287473339, 12394.208839226107, 15194.238162909018, 17379.016041128674, 19046.286540727946, 20328.963054993263, 21311.79903830469, 22067.42833336324, 22653.53783246719, 23132.849026159136, 23465.627653386997, 23751.74311964193, 23967.93555225616, 24146.717317737617, 24262.991624381983, 24361.83833365506, 24430.33471738138, 24480.64498087182, 24507.374685786028, 24524.469897560535]}, "3": {"freq": [20.0, 68.00000004249999, 116.00000061625, 164.00000102500002, 212.0000017225, 260.00000121875, 308.00000413875006, 356.00000178, 404.00000404, 452.00000113000004, 500.0, 548.0000054800001, 596.0000018625001, 644.0000128800003, 692.0000309237514, 740.0000127187502, 788.0000398925021, 836.0000428450022, 884.0000005525001, 932.0000393187518, 980.0000367500014, 1028.000071638755], "ampl": [525.5090006407738, 2477.4035843569595, 4766.789267211581, 6920.060410296197, 8834.38311768096, 10486.864844436153, 11874.740272039375, 13032.2947847873, 13982.45840691639, 14765.513183574863, 15409.223534005087, 15949.98333627694, 16367.619631135158, 16729.291737778694, 17021.345780603715, 17269.099999327293, 17460.269843342958, 17622.83285846326, 17754.501885973084, 17859.608143322104, 17941.36775740511, 18009.09907352982]}, "4": {"freq": [20.0, 68.00000004249999, 116.00000061625, 164.00000102500002, 212.0000017225, 260.00000121875, 308.00000413875006, 356.00000178, 404.00000404, 452.00000113000004, 500.0, 548.0000054800001, 596.0000018625001, 644.0000128800003, 692.0000309237514, 740.0000127187502, 788.0000398925021, 836.0000428450022, 884.0000005525001, 932.0000393187518, 980.0000367500014, 1028.000071638755], "ampl": [2.3174124426716864, 17.61045769059349, 33.950002119598025, 49.90134376964155, 68.00080569951156, 83.93187459905057, 100.77695142836751, 116.58911651070179, 134.39513329068265, 150.80275065736197, 166.80985286995684, 183.37923001782278, 199.26504251182445, 214.53790350054263, 229.98102314140854, 245.02535064431007, 260.6470481969163, 274.4225614745809, 289.32032689618865, 303.2537975005811, 318.0059545275288, 331.6553463440726]}, "5": {"freq": [20.0, 68.00000004249999, 116.00000061625, 164.00000102500002, 212.0000017225, 260.00000121875, 308.00000413875006, 356.00000178, 404.00000404, 452.00000113000004, 500.0, 548.0000054800001, 596.0000018625001, 644.0000128800003, 692.0000309237514, 740.0000127187502, 788.0000398925021, 836.0000428450022, 884.0000005525001, 932.0000393187518, 980.0000367500014, 1028.000071638755], "ampl": [2.8004771474841674, 18.381223195715737, 35.923130050426884, 51.29259558097206, 66.95811020072317, 82.3914149213732, 98.46082868736488, 115.08126305523596, 130.16564410296888, 143.80524694833764, 158.69992023291778, 172.82907502358967, 186.33020965373262, 200.45211244570757, 214.80490223320808, 227.68660817593036, 242.12131222151592, 253.5721732294627, 266.0602443588054, 278.8957627072598, 292.9463739004725, 304.5061266057881]}, "6": {"freq": [20.0, 68.00000004249999, 116.00000061625, 164.00000102500002, 212.0000017225, 260.00000121875, 308.00000413875006, 356.00000178, 404.00000404, 452.00000113000004, 500.0, 548.0000054800001, 596.0000018625001, 644.0000128800003, 692.0000309237514, 740.0000127187502, 788.0000398925021, 836.0000428450022, 884.0000005525001, 932.0000393187518, 980.0000367500014, 1028.000071638755], "ampl": [2.5043840070171415, 18.365926655581024, 36.644680979611174, 52.151587330350374, 68.35189717429458, 83.45219985861429, 99.42875760509651, 114.42746311205043, 130.2703332753829, 145.2597110477152, 159.74528395662398, 174.71785056379844, 189.27379443279702, 203.07918076399073, 217.11972253628, 229.9493443573114, 243.44593347708212, 257.7165497688672, 270.1281803367753, 283.21638190649605, 294.2730528656269, 307.04494092107535]}, "7": {"freq": [20.0, 68.00000004249999, 116.00000061625, 164.00000102500002, 212.0000017225, 260.00000121875, 308.00000413875006, 356.00000178, 404.00000404, 452.00000113000004, 500.0, 548.0000054800001, 596.0000018625001, 644.0000128800003, 692.0000309237514, 740.0000127187502, 788.0000398925021, 836.0000428450022, 884.0000005525001, 932.0000393187518, 980.0000367500014, 1028.000071638755], "ampl": [3.215990257669731, 22.99765578295065, 42.01947924909217, 62.19266864597344, 82.48912478725487, 101.73641966069431, 119.89855603671263, 138.32121147904107, 157.49612424895906, 175.98403234802336, 194.46377639274687, 211.9851305578083, 229.34033495956726, 247.03931050618746, 263.4080608418288, 281.08515262167134, 296.50915907401304, 312.22014661753224, 329.26649694988924, 343.1501301646559, 359.19797020866423, 373.9200362723204]}, "wireSegments": null, "apaChannels": null, "measuredBy": null, "stage": null, "apaUuid": null, "layer": null, "headboardNum": null, "side": null}