{"0": {"freq": [20.0, 68.00000004249999, 116.00000061625, 164.00000102500002, 212.0000017225, 260.00000121875, 308.00000413875006, 356.00000178, 404.00000404, 452.00000113000004, 500.0, 548.0000054800001, 596.0000018625001, 644.0000128800003, 692.0000309237514, 740.0000127187502, 788.0000398925021, 836.0000428450022, 884.0000005525001, 932.0000393187518, 980.0000367500014, 1028.000071638755], "ampl": [533.9161584453407, 2475.5753304023365, 4731.566925695374, 6870.07100605339, 8760.603817375144, 10403.146169101363, 11786.57785314847, 12944.62129171875, 13889.141705397393, 14681.179162227158, 15305.041538114896, 15832.43812293962, 16259.66770016592, 16615.096446669402, 16907.64538721284, 17148.962803867427, 17343.892182668467, 17501.440774183797, 17632.705743708208, 17750.663583148893, 17825.490202173267, 17878.361605735707]}, "1": {"freq": [20.0, 68.00000004249999, 116.00000061625, 164.00000102500002, 212.0000017225, 260.00000121875, 308.00000413875006, 356.00000178, 404.00000404, 452.00000113000004, 500.0, 548.0000054800001, 596.0000018625001, 644.0000128800003, 692.0000309237514, 740.0000127187502, 788.0000398925021, 836.0000428450022, 884.0000005525001, 932.0000393187518, 980.0000367500014, 1028.000071638755], "ampl": [933.7381212944574, 4525.797380713535, 8347.745584902788, 11632.581183668017, 14262.584355192019, 16332.332155288572, 17931.969902472552, 19175.489230306128, 20115.778051801244, 20874.60993504667, 21429.028082617853, 21880.931445926704, 22235.64426542069, 22511.741284576507, 22732.888887326615, 22906.742726936413, 23037.349750075173, 23134.21670186087, 23209.62848478962, 23283.20207989446, 23306.928233899594, 23309.423355301078]}, "2": {"freq": [20.0, 68.00000004249999, 116.00000061625, 164.00000102500002, 212.0000017225, 260.00000121875, 308.00000413875006, 356.00000178, 404.00000404, 452.00000113000004, 500.0, 548.0000054800001, 596.0000018625001, 644.0000128800003, 692.0000309237514, 740.0000127187502, 788.0000398925021, 836.0000428450022, 884.0000005525001, 932.0000393187518, 980.0000367500014, 1028.000071638755], "ampl": [976.9466849164398, 4717.403838531101, 8685.82450918324, 12085.299838291174, 14799.093674504249, 16926.59420249585, 18565.213573523884, 19834.072940129066, 20788.01588402873, 21554.88213728031, 22114.22602146391, 22569.12211922598, 22921.60927578503, 23199.470170787557, 23418.545525476606, 23590.909565396614, 23721.37886110362, 23813.672484299244, 23886.00555706948, 23956.361665259978, 23979.390072859653, 23977.880157445386]}, "3": {"freq": [20.0, 68.00000004249999, 116.00000061625, 164.00000102500002, 212.0000017225, 260.00000121875, 308.00000413875006, 356.00000178, 404.00000404, 452.00000113000004, 500.0, 548.0000054800001, 596.0000018625001, 644.0000128800003, 692.0000309237514, 740.0000127187502, 788.0000398925021, 836.0000428450022, 884.0000005525001, 932.0000393187518, 980.0000367500014, 1028.000071638755], "ampl": [957.2440639441118, 4648.895492757769, 8562.61290776748, 11919.417782246683, 14599.684002623928, 16702.517863235727, 18325.267598825707, 19580.275819696457, 20526.34277616056, 21287.81278675858, 21842.311972347932, 22292.877025258567, 22644.96074642374, 22919.52658072177, 23139.11864333007, 23309.512415293106, 23437.142654606952, 23529.755061980442, 23602.21641566039, 23673.393879978186, 23696.156559691426, 23696.403394327164]}, "4": {"freq": [20.0, 68.00000004249999, 116.00000061625, 164.00000102500002, 212.0000017225, 260.00000121875, 308.00000413875006, 356.00000178, 404.00000404, 452.00000113000004, 500.0, 548.0000054800001, 596.0000018625001, 644.0000128800003, 692.0000309237514, 740.0000127187502, 788.0000398925021, 836.0000428450022, 884.0000005525001, 932.0000393187518, 980.0000367500014, 1028.000071638755], "ampl": [534.7606884412153, 2446.6165938456547, 4658.375920732472, 6759.5901452338185, 8623.538564463783, 10248.155382569194, 11625.853475543774, 12783.845518956232, 13728.79146678076, 14525.60690547503, 15159.615120245526, 15694.862834347272, 16129.686929146106, 16492.303740953426, 16791.605083660783, 17040.03059290285, 17241.51276633244, 17405.494607445096, 17539.04908341446, 17663.315604922467, 17742.85704537409, 17798.986740300465]}, "5": {"freq": [20.0, 68.00000004249999, 116.00000061625, 164.00000102500002, 212.0000017225, 260.00000121875, 308.00000413875006, 356.00000178, 404.00000404, 452.00000113000004, 500.0, 548.0000054800001, 596.0000018625001, 644.0000128800003, 692.0000309237514, 740.0000127187502, 788.0000398925021, 836.0000428450022, 884.0000005525001, 932.0000393187518, 980.0000367500014, 1028.000071638755], "ampl": [955.1577558658043, 4640.314196150941, 8557.431234118372, 11916.174248149022, 14601.095690599423, 16709.318929088127, 18336.309547971945, 19597.481266989438, 20548.459298051574, 21313.89623737651, 21873.637144948414, 22328.735707587493, 22683.865025530245, 22962.480099284738, 23182.72342012975, 23355.779527357427, 23487.356301509997, 23581.4202486722, 23655.54630716476, 23729.900039281685, 23752.140541785324, 23751.035008543768]}, "6": {"freq": [20.0, 68.00000004249999, 116.00000061625, 164.00000102500002, 212.0000017225, 260.00000121875, 308.00000413875006, 356.00000178, 404.00000404, 452.00000113000004, 500.0, 548.0000054800001, 596.0000018625001, 644.0000128800003, 692.0000309237514, 740.0000127187502, 788.0000398925021, 836.0000428450022, 884.0000005525001, 932.0000393187518, 980.0000367500014, 1028.000071638755], "ampl": [967.3771635609535, 4662.520305334446, 8581.32106943817, 11933.337185463206, 14600.776203577105, 16690.346475933027, 18295.9869205714, 19536.4502895788, 20471.885383938425, 21216.396224064323, 21763.51155204601, 22205.857395296123, 22547.111711081605, 22818.464831190973, 23032.07453860023, 23197.97084672466, 23322.187699189362, 23411.62181438254, 23481.985550136807, 23548.835092673908, 23568.787126866562, 23570.328460732308]}, "7": {"freq": [20.0, 68.00000004249999, 116.00000061625, 164.00000102500002, 212.0000017225, 260.00000121875, 308.00000413875006, 356.00000178, 404.00000404, 452.00000113000004, 500.0, 548.0000054800001, 596.0000018625001, 644.0000128800003, 692.0000309237514, 740.0000127187502, 788.0000398925021, 836.0000428450022, 884.0000005525001, 932.0000393187518, 980.0000367500014, 1028.000071638755], "ampl": [978.9759828669088, 4724.2562513215335, 8683.205524135255, 12064.973170080237, 14750.166321314333, 16848.171473225848, 18459.20643886589, 19698.05340453901, 20634.96637370722, 21383.636243829464, 21926.850812388893, 22367.74848554962, 22710.145196686804, 22977.485482078668, 23190.96067206867, 23355.480164213233, 23479.235011637178, 23567.6134797117, 23634.419964017852, 23704.057493681394, 23719.254961891198, 23720.54687634276]}, "wireSegments": null, "apaChannels": null, "measuredBy": null, "stage": null, "apaUuid": null, "layer": null, "headboardNum": null, "side": null}