{"0": {"freq": [20.0, 68.00000004249999, 116.00000061625, 164.00000102500002, 212.0000017225, 260.00000121875, 308.00000413875006, 356.00000178, 404.00000404, 452.00000113000004, 500.0, 548.0000054800001, 596.0000018625001, 644.0000128800003, 692.0000309237514, 740.0000127187502, 788.0000398925021, 836.0000428450022, 884.0000005525001, 932.0000393187518, 980.0000367500014, 1028.000071638755], "ampl": [539.3247660052186, 2508.162408690209, 4786.785021265008, 6916.493837820169, 8790.429489802482, 10384.41788670325, 11713.069686804754, 12804.599796571787, 13694.346349215686, 14420.045012795745, 15008.638834345804, 15492.430286391955, 15884.143998376006, 16202.158608832538, 16464.407332097613, 16678.023755312595, 16851.819459521543, 16997.44817257781, 17108.426565791608, 17215.991077214396, 17261.650671572403, 17317.201220446208]}, "1": {"freq": [20.0, 68.00000004249999, 116.00000061625, 164.00000102500002, 212.0000017225, 260.00000121875, 308.00000413875006, 356.00000178, 404.00000404, 452.00000113000004, 500.0, 548.0000054800001, 596.0000018625001, 644.0000128800003, 692.0000309237514, 740.0000127187502, 788.0000398925021, 836.0000428450022, 884.0000005525001, 932.0000393187518, 980.0000367500014, 1028.000071638755], "ampl": [948.1149844952031, 4640.873852949847, 8601.68271990463, 11988.527088134724, 14705.935735992949, 16821.81148038161, 18445.96157450441, 19690.40144523092, 20642.97457600203, 21384.312727896355, 21953.463162945696, 22402.523954533677, 22748.498134844605, 23021.422725796772, 23239.35767485563, 23404.796725624645, 23532.68074984621, 23634.277051031237, 23702.264567470553, 23773.880694043473, 23776.714384447914, 23793.120761576385]}, "2": {"freq": [20.0, 68.00000004249999, 116.00000061625, 164.00000102500002, 212.0000017225, 260.00000121875, 308.00000413875006, 356.00000178, 404.00000404, 452.00000113000004, 500.0, 548.0000054800001, 596.0000018625001, 644.0000128800003, 692.0000309237514, 740.0000127187502, 788.0000398925021, 836.0000428450022, 884.0000005525001, 932.0000393187518, 980.0000367500014, 1028.000071638755], "ampl": [981.138539139235, 4800.829679510599, 8894.486039756948, 12392.15917700391, 15195.295537144624, 17370.298578628983, 19040.142231046677, 20313.321950620506, 21290.67516432409, 22045.211271914104, 22623.192025612097, 23079.37507352632, 23433.23674368786, 23709.19732630584, 23928.386628965043, 24097.43178004591, 24223.9113880666, 24328.085298419202, 24396.94550824866, 24465.19846855943, 24467.752687861463, 24482.191342377733]}, "3": {"freq": [20.0, 68.00000004249999, 116.00000061625, 164.00000102500002, 212.0000017225, 260.00000121875, 308.00000413875006, 356.00000178, 404.00000404, 452.00000113000004, 500.0, 548.0000054800001, 596.0000018625001, 644.0000128800003, 692.0000309237514, 740.0000127187502, 788.0000398925021, 836.0000428450022, 884.0000005525001, 932.0000393187518, 980.0000367500014, 1028.000071638755], "ampl": [976.1447433617601, 4776.744829220054, 8839.073922076794, 12300.443718783352, 15066.259255149358, 17211.588503199455, 18852.50783904925, 20105.854089583212, 21062.06090910012, 21804.532731716758, 22370.09499472093, 22817.879639349518, 23163.950043259698, 23432.74942807817, 23647.890834276128, 23811.091807281, 23935.04741132275, 24035.90854549895, 24100.866368888575, 24171.547358439802, 24168.640121288077, 24184.908143961035]}, "4": {"freq": [20.0, 68.00000004249999, 116.00000061625, 164.00000102500002, 212.0000017225, 260.00000121875, 308.00000413875006, 356.00000178, 404.00000404, 452.00000113000004, 500.0, 548.0000054800001, 596.0000018625001, 644.0000128800003, 692.0000309237514, 740.0000127187502, 788.0000398925021, 836.0000428450022, 884.0000005525001, 932.0000393187518, 980.0000367500014, 1028.000071638755], "ampl": [1.5192035234306054, 15.786847756463295, 30.165613507730306, 48.32021787573992, 63.582011760500855, 81.60889821709758, 98.63733201596955, 114.40287279637167, 131.00167748613808, 146.83244115779542, 162.39694541636783, 177.80292013534967, 194.726822144966, 209.0623736285456, 224.010074967371, 238.10780661680437, 252.84182143423064, 267.8625991320149, 281.8482205221643, 294.8781069676883, 308.81245548464966, 321.1659866593171]}, "5": {"freq": [20.0, 68.00000004249999, 116.00000061625, 164.00000102500002, 212.0000017225, 260.00000121875, 308.00000413875006, 356.00000178, 404.00000404, 452.00000113000004, 500.0, 548.0000054800001, 596.0000018625001, 644.0000128800003, 692.0000309237514, 740.0000127187502, 788.0000398925021, 836.0000428450022, 884.0000005525001, 932.0000393187518, 980.0000367500014, 1028.000071638755], "ampl": [2.2576963719634815, 19.006912552835036, 34.61575112429285, 50.590954138988025, 66.98841796896512, 82.9082389270446, 99.56632508279887, 113.38371947768407, 129.02195251545552, 143.07894187645388, 157.80743945790886, 173.20120489532164, 192.8617607463564, 201.91911685269702, 214.2847771433821, 227.49302874689965, 242.0341048161507, 254.66872697477868, 267.17034717365567, 279.0799964812352, 291.7182490206347, 304.5948041433847]}, "6": {"freq": [20.0, 68.00000004249999, 116.00000061625, 164.00000102500002, 212.0000017225, 260.00000121875, 308.00000413875006, 356.00000178, 404.00000404, 452.00000113000004, 500.0, 548.0000054800001, 596.0000018625001, 644.0000128800003, 692.0000309237514, 740.0000127187502, 788.0000398925021, 836.0000428450022, 884.0000005525001, 932.0000393187518, 980.0000367500014, 1028.000071638755], "ampl": [3.113654729254545, 18.621043363861713, 34.73282501894363, 51.61203246025237, 67.26311353720578, 82.92592626394409, 100.00048179410409, 113.74356940070213, 130.6189020240107, 145.7948711258882, 159.82708337779036, 173.64164483161423, 189.79358745084863, 202.6500699445518, 215.8678426975161, 231.16130542445413, 244.6257699877582, 257.3648636557433, 270.20624911176753, 282.3443800929405, 294.5419049008307, 307.2446546489443]}, "7": {"freq": [20.0, 68.00000004249999, 116.00000061625, 164.00000102500002, 212.0000017225, 260.00000121875, 308.00000413875006, 356.00000178, 404.00000404, 452.00000113000004, 500.0, 548.0000054800001, 596.0000018625001, 644.0000128800003, 692.0000309237514, 740.0000127187502, 788.0000398925021, 836.0000428450022, 884.0000005525001, 932.0000393187518, 980.0000367500014, 1028.000071638755], "ampl": [3.900158055106282, 22.648439408457676, 41.405523095742865, 62.024936624630655, 80.68573081935263, 100.5720885783989, 119.58113489205974, 138.05044093524359, 157.1436247966508, 176.27951099962692, 194.5300629448758, 212.05351907499553, 230.18965203908385, 246.51008784725235, 263.90152252953465, 280.1797063851426, 296.99068405454983, 312.04144181742225, 328.4638558003407, 343.20027185396157, 358.5373934526133, 372.79684777405697]}, "wireSegments": null, "apaChannels": null, "measuredBy": null, "stage": null, "apaUuid": null, "layer": null, "headboardNum": null, "side": null}