{"0": {"freq": [20.0, 68.00000004249999, 116.00000061625, 164.00000102500002, 212.0000017225, 260.00000121875, 308.00000413875006, 356.00000178, 404.00000404, 452.00000113000004, 500.0, 548.0000054800001, 596.0000018625001, 644.0000128800003, 692.0000309237514, 740.0000127187502, 788.0000398925021, 836.0000428450022, 884.0000005525001, 932.0000393187518, 980.0000367500014, 1028.000071638755], "ampl": [957.0485971591343, 4649.177232527775, 8579.011233034498, 11947.790193242667, 14673.703260529875, 16806.68964118885, 18458.394558736276, 19730.25367148397, 20710.85912311068, 21466.68207465623, 22062.751520672267, 22522.362331083605, 22878.759000734193, 23166.970882470596, 23387.563681866824, 23558.754242776573, 23691.937603931427, 23808.074252312806, 23868.81524736806, 23919.907014251636, 23960.802857119055, 23968.02267900775]}, "1": {"freq": [20.0, 68.00000004249999, 116.00000061625, 164.00000102500002, 212.0000017225, 260.00000121875, 308.00000413875006, 356.00000178, 404.00000404, 452.00000113000004, 500.0, 548.0000054800001, 596.0000018625001, 644.0000128800003, 692.0000309237514, 740.0000127187502, 788.0000398925021, 836.0000428450022, 884.0000005525001, 932.0000393187518, 980.0000367500014, 1028.000071638755], "ampl": [969.6363163223085, 4652.249625066058, 8569.605570367232, 11925.6321301249, 14640.491114233313, 16761.664852130893, 18402.05635522182, 19666.32709487276, 20640.912811679234, 21392.067085220733, 21982.76279403757, 22441.21986651564, 22795.980641630977, 23083.972444718773, 23302.74391488793, 23475.258574492575, 23607.01547549141, 23723.643383578074, 23782.119420408355, 23830.871854141922, 23874.234381960032, 23877.62609295575]}, "2": {"freq": [20.0, 68.00000004249999, 116.00000061625, 164.00000102500002, 212.0000017225, 260.00000121875, 308.00000413875006, 356.00000178, 404.00000404, 452.00000113000004, 500.0, 548.0000054800001, 596.0000018625001, 644.0000128800003, 692.0000309237514, 740.0000127187502, 788.0000398925021, 836.0000428450022, 884.0000005525001, 932.0000393187518, 980.0000367500014, 1028.000071638755], "ampl": [965.373606040822, 4693.754702655336, 8655.126782449006, 12040.208052536585, 14774.897054868976, 16907.74006905812, 18558.67445848719, 19827.962302804288, 20805.081558740938, 21561.633705970435, 22154.21290656909, 22613.477947702064, 22971.514852270826, 23257.882542682575, 23477.060314084414, 23650.26434617128, 23782.999703975194, 23900.885430058664, 23958.95788253498, 24009.587548081785, 24050.272508114464, 24055.71867290743]}, "3": {"freq": [20.0, 68.00000004249999, 116.00000061625, 164.00000102500002, 212.0000017225, 260.00000121875, 308.00000413875006, 356.00000178, 404.00000404, 452.00000113000004, 500.0, 548.0000054800001, 596.0000018625001, 644.0000128800003, 692.0000309237514, 740.0000127187502, 788.0000398925021, 836.0000428450022, 884.0000005525001, 932.0000393187518, 980.0000367500014, 1028.000071638755], "ampl": [507.489886854139, 2383.3465489573114, 4550.24141637252, 6595.95830883618, 8428.53462996248, 10016.242589481304, 11364.55559102296, 12492.603079399767, 13429.950447269013, 14202.22594270699, 14839.67699390396, 15363.411678553923, 15795.529618111252, 16155.126074568007, 16446.535202547795, 16690.24434473021, 16889.654616827702, 17064.710276521706, 17186.781478534485, 17293.471049930933, 17385.208457563298, 17443.964856385206]}, "4": {"freq": [20.0, 68.00000004249999, 116.00000061625, 164.00000102500002, 212.0000017225, 260.00000121875, 308.00000413875006, 356.00000178, 404.00000404, 452.00000113000004, 500.0, 548.0000054800001, 596.0000018625001, 644.0000128800003, 692.0000309237514, 740.0000127187502, 788.0000398925021, 836.0000428450022, 884.0000005525001, 932.0000393187518, 980.0000367500014, 1028.000071638755], "ampl": [964.0365796431546, 4629.323917714082, 8514.74763535257, 11851.50240690087, 14563.617044025461, 16695.127282000703, 18350.149859734287, 19630.08658091198, 20619.882812867378, 21385.818847080365, 21989.71917418672, 22457.255531097246, 22825.19230219373, 23118.0802247077, 23344.117222290857, 23522.191648721422, 23657.224381136075, 23779.284050241124, 23843.124113787035, 23895.126734057703, 23940.658877340695, 23946.840513622206]}, "5": {"freq": [20.0, 68.00000004249999, 116.00000061625, 164.00000102500002, 212.0000017225, 260.00000121875, 308.00000413875006, 356.00000178, 404.00000404, 452.00000113000004, 500.0, 548.0000054800001, 596.0000018625001, 644.0000128800003, 692.0000309237514, 740.0000127187502, 788.0000398925021, 836.0000428450022, 884.0000005525001, 932.0000393187518, 980.0000367500014, 1028.000071638755], "ampl": [966.4868333677088, 4667.630013508055, 8609.628407241886, 11990.618270848572, 14727.82864921218, 16869.58208014994, 18528.355440244482, 19808.759596216383, 20792.34415748896, 21554.94486681974, 22152.933368645176, 22617.24820508012, 22978.086943657127, 23270.16626878933, 23493.56249523993, 23668.05389057547, 23801.82142720237, 23921.99869614268, 23981.498329129736, 24032.52682081583, 24076.25682823801, 24080.078843401767]}, "6": {"freq": [20.0, 68.00000004249999, 116.00000061625, 164.00000102500002, 212.0000017225, 260.00000121875, 308.00000413875006, 356.00000178, 404.00000404, 452.00000113000004, 500.0, 548.0000054800001, 596.0000018625001, 644.0000128800003, 692.0000309237514, 740.0000127187502, 788.0000398925021, 836.0000428450022, 884.0000005525001, 932.0000393187518, 980.0000367500014, 1028.000071638755], "ampl": [970.6154912697604, 4701.720290797838, 8652.086676661605, 12012.329742731054, 14706.371136782866, 16799.31624641975, 18407.28716098422, 19642.604753389805, 20589.0904367389, 21318.125115347448, 21888.13621476824, 22330.597623898782, 22671.43885299235, 22946.22249058428, 23157.024044053574, 23320.217384777097, 23444.79959710902, 23555.651881879243, 23610.26805034424, 23656.304877209135, 23692.88406175684, 23696.378041695578]}, "7": {"freq": [20.0, 68.00000004249999, 116.00000061625, 164.00000102500002, 212.0000017225, 260.00000121875, 308.00000413875006, 356.00000178, 404.00000404, 452.00000113000004, 500.0, 548.0000054800001, 596.0000018625001, 644.0000128800003, 692.0000309237514, 740.0000127187502, 788.0000398925021, 836.0000428450022, 884.0000005525001, 932.0000393187518, 980.0000367500014, 1028.000071638755], "ampl": [523.9794437167257, 2426.1756642475343, 4626.214592898323, 6703.273681136475, 8564.22071705737, 10177.493189390545, 11543.466145574117, 12688.86309215401, 13635.071036013065, 14416.337018547078, 15060.696538079128, 15591.633742461192, 16028.576930096782, 16388.742121689833, 16685.03927956997, 16931.35805767755, 17132.606427056286, 17307.512965344235, 17433.900849269572, 17540.481679340734, 17631.549544210084, 17692.65523219941]}, "wireSegments": null, "apaChannels": null, "measuredBy": null, "stage": null, "apaUuid": null, "layer": null, "headboardNum": null, "side": null}