{"scanEndMode": 0, "0": {"freq": [100.0, 150.0000005859375, 200.0, 250.0, 300.0000046875001, 350.0000054687501, 400.0, 450.0000070312501, 500.0, 550.0000064453126, 600.0000093750002, 650.0000228515634, 700.0000109375002, 750.0000292968762, 800.0, 850.0000298828136, 900.0000140625002, 950.0000148437501, 1000.0], "ampl": [2043.9019139328316, 3069.7396652757293, 4034.6760781238067, 4930.790726038733, 5755.533202981824, 6502.500622662902, 7177.296689202195, 7781.026179973096, 8317.219453246315, 8793.16540021938, 9215.992696543019, 9584.003819163072, 9908.598758753462, 10194.672875184606, 10441.558608560812, 10659.79711508687, 10857.058562838552, 11014.870767130496, 11157.511219967715]}, "1": {"freq": [100.0, 150.0000005859375, 200.0, 250.0, 300.0000046875001, 350.0000054687501, 400.0, 450.0000070312501, 500.0, 550.0000064453126, 600.0000093750002, 650.0000228515634, 700.0000109375002, 750.0000292968762, 800.0, 850.0000298828136, 900.0000140625002, 950.0000148437501, 1000.0], "ampl": [1745.9160331684052, 2631.0679717241833, 3474.8298304483296, 4266.561505069597, 5005.791234417187, 5684.380012181791, 6307.534064106265, 6869.639838531999, 7375.033914006307, 7829.583961190335, 8234.983074477888, 8594.101029005958, 8910.832285569104, 9191.967174526406, 9437.448806439048, 9654.398856916343, 9854.193478964271, 10014.71534409165, 10159.18281062248]}, "2": {"freq": [100.0, 150.0000005859375, 200.0, 250.0, 300.0000046875001, 350.0000054687501, 400.0, 450.0000070312501, 500.0, 550.0000064453126, 600.0000093750002, 650.0000228515634, 700.0000109375002, 750.0000292968762, 800.0, 850.0000298828136, 900.0000140625002, 950.0000148437501, 1000.0], "ampl": [2036.6247289690343, 3056.7076308732244, 4018.7700186963198, 4914.366019932809, 5737.929332224901, 6488.62167634238, 7163.40516504679, 7768.156796296984, 8308.31362955213, 8787.545350320053, 9212.167515705694, 9584.664284201752, 9908.926768127305, 10197.94462539622, 10448.494803142446, 10667.649130545988, 10866.810843963378, 11026.757546083743, 11169.982131421217]}, "3": {"freq": [100.0, 150.0000005859375, 200.0, 250.0, 300.0000046875001, 350.0000054687501, 400.0, 450.0000070312501, 500.0, 550.0000064453126, 600.0000093750002, 650.0000228515634, 700.0000109375002, 750.0000292968762, 800.0, 850.0000298828136, 900.0000140625002, 950.0000148437501, 1000.0], "ampl": [1802.6878360291944, 2718.2177893051976, 3590.436489706697, 4407.694671282268, 5167.515736264412, 5865.611084218371, 6502.789225477398, 7078.922764094117, 7595.01350280679, 8059.5667929916435, 8471.740210718275, 8837.66803013024, 9155.984414751145, 9444.780445747183, 9694.907232577863, 9914.934650100353, 10116.925087472118, 10278.030032376166, 10424.730241747227]}, "4": {"freq": [100.0, 150.0000005859375, 200.0, 250.0, 300.0000046875001, 350.0000054687501, 400.0, 450.0000070312501, 500.0, 550.0000064453126, 600.0000093750002, 650.0000228515634, 700.0000109375002, 750.0000292968762, 800.0, 850.0000298828136, 900.0000140625002, 950.0000148437501, 1000.0], "ampl": [2029.1705438389474, 3045.0891744568676, 4001.871430445528, 4889.215935392766, 5703.81105105332, 6441.60599708295, 7107.730088302125, 7701.72573074478, 8229.472488125144, 8700.36346377782, 9114.101010897868, 9476.662011581011, 9795.06377077895, 10075.323152259023, 10318.874507269624, 10529.322998020105, 10724.304098992496, 10876.80128953698, 11016.15639317529]}, "5": {"freq": [100.0, 150.0000005859375, 200.0, 250.0, 300.0000046875001, 350.0000054687501, 400.0, 450.0000070312501, 500.0, 550.0000064453126, 600.0000093750002, 650.0000228515634, 700.0000109375002, 750.0000292968762, 800.0, 850.0000298828136, 900.0000140625002, 950.0000148437501, 1000.0], "ampl": [1758.1528748735498, 2650.0016922094064, 3499.0413283411244, 4293.425732827536, 5034.6592212351115, 5712.227348263866, 6331.7870417447, 6891.2321948447025, 7392.454611137483, 7842.751910476517, 8242.604699711239, 8596.741719621852, 8907.601026827766, 9181.809832495146, 9425.29004280275, 9636.851912940336, 9830.04945782226, 9986.395712439513, 10127.008595381083]}, "6": {"freq": [100.0, 150.0000005859375, 200.0, 250.0, 300.0000046875001, 350.0000054687501, 400.0, 450.0000070312501, 500.0, 550.0000064453126, 600.0000093750002, 650.0000228515634, 700.0000109375002, 750.0000292968762, 800.0, 850.0000298828136, 900.0000140625002, 950.0000148437501, 1000.0], "ampl": [2034.9324626334926, 3051.647603642548, 4006.7709047777525, 4893.386217935508, 5703.355962412891, 6435.076141894538, 7093.330871786571, 7678.187959045328, 8197.597777460194, 8657.695945372261, 9061.691735370896, 9413.837875923855, 9721.575699836296, 9991.554605166195, 10225.834256054175, 10429.738983288991, 10615.688793836927, 10763.581950086174, 10893.949046340253]}, "7": {"freq": [100.0, 150.0000005859375, 200.0, 250.0, 300.0000046875001, 350.0000054687501, 400.0, 450.0000070312501, 500.0, 550.0000064453126, 600.0000093750002, 650.0000228515634, 700.0000109375002, 750.0000292968762, 800.0, 850.0000298828136, 900.0000140625002, 950.0000148437501, 1000.0], "ampl": [1808.1514997749018, 2722.7095114312274, 3586.3423316199724, 4394.258432817024, 5138.856809541213, 5817.338155865296, 6432.680430934203, 6984.678382840661, 7475.044006695273, 7914.937486587253, 8299.90921308792, 8640.207250970183, 8935.861067896505, 9200.81823790061, 9428.993022454255, 9628.452596113071, 9809.913925542036, 9956.265363727915, 10085.679600707168]}, "wireSegments": [2, 4, 6, 8, 10, 12, 14, 16, 402, 404, 406, 408, 410, 412, 414, 416, 802, 804, 806, 808, 810, 812, 814, 816], "apaChannels": [16, 14, 12, 10, 8, 6, 4, 2], "measuredBy": "", "stage": "DWA Development", "apaUuid": "continuity47-12", "layer": "V", "headboardNum": "1", "side": "A"}