{"scanEndMode": 0, "0": {"freq": [20.0, 68.00000004249999, 116.00000061625, 164.00000102500002, 212.0000017225, 260.00000121875, 308.00000413875006, 356.00000178, 404.00000404, 452.00000113000004, 500.0, 548.0000054800001, 596.0000018625001, 644.0000128800003, 692.0000309237514, 740.0000127187502, 788.0000398925021, 836.0000428450022, 884.0000005525001, 932.0000393187518, 980.0000367500014, 1028.000071638755], "ampl": [82.79327620802661, 464.1892371505455, 897.4355590184011, 1324.2426951323157, 1737.0359348857282, 2128.195868439084, 2491.360988620498, 2829.5763305092405, 3141.4929612859046, 3426.827538545753, 3683.5586859156992, 3918.1686241542275, 4128.521773077011, 4318.545854889705, 4486.9349550703555, 4638.696520170627, 4773.814231271496, 4893.031290936489, 5001.04812334545, 5094.419370296285, 5176.410461431105, 5247.742575034819]}, "1": {"freq": [20.0, 68.00000004249999, 116.00000061625, 164.00000102500002, 212.0000017225, 260.00000121875, 308.00000413875006, 356.00000178, 404.00000404, 452.00000113000004, 500.0, 548.0000054800001, 596.0000018625001, 644.0000128800003, 692.0000309237514, 740.0000127187502, 788.0000398925021, 836.0000428450022, 884.0000005525001, 932.0000393187518, 980.0000367500014, 1028.000071638755], "ampl": [67.51795157304781, 375.87672542180536, 726.9344988354658, 1077.585381271947, 1416.4247306274433, 1740.083329194821, 2044.160485886944, 2328.8564385479676, 2591.163290200878, 2835.9572080752605, 3058.2768828233725, 3261.0104049823685, 3445.7795068555724, 3613.601712957818, 3764.942927129938, 3898.9369950312366, 4021.726274496162, 4131.886429175758, 4230.708942320255, 4317.746288640171, 4393.822180095214, 4463.020407622758]}, "2": {"freq": [20.0, 68.00000004249999, 116.00000061625, 164.00000102500002, 212.0000017225, 260.00000121875, 308.00000413875006, 356.00000178, 404.00000404, 452.00000113000004, 500.0, 548.0000054800001, 596.0000018625001, 644.0000128800003, 692.0000309237514, 740.0000127187502, 788.0000398925021, 836.0000428450022, 884.0000005525001, 932.0000393187518, 980.0000367500014, 1028.000071638755], "ampl": [83.48995183360826, 469.38649238166875, 910.561250515591, 1345.1973593907585, 1764.598740928198, 2162.7737643844057, 2531.3684882742823, 2873.7383687842744, 3189.019656463062, 3476.9692123975624, 3737.0724150582596, 3971.3110019310798, 4184.817279673369, 4375.373088209613, 4545.52084709625, 4698.082353826717, 4832.956858071499, 4951.6624285536545, 5060.333002572714, 5153.557518497233, 5236.84142513603, 5309.1213407631385]}, "3": {"freq": [20.0, 68.00000004249999, 116.00000061625, 164.00000102500002, 212.0000017225, 260.00000121875, 308.00000413875006, 356.00000178, 404.00000404, 452.00000113000004, 500.0, 548.0000054800001, 596.0000018625001, 644.0000128800003, 692.0000309237514, 740.0000127187502, 788.0000398925021, 836.0000428450022, 884.0000005525001, 932.0000393187518, 980.0000367500014, 1028.000071638755], "ampl": [67.39001057768856, 372.54839487622297, 721.1956916453883, 1070.3328294303021, 1408.7371641119153, 1733.894369464585, 2032.9750739757797, 2315.4852069459357, 2579.5607786085798, 2822.9824389947453, 3044.745241082367, 3246.604538811033, 3430.9645954382113, 3598.9308554855024, 3747.4988603983215, 3883.7432070631107, 4005.7907352226594, 4113.955981770989, 4213.1125393297225, 4298.878496712928, 4375.710030359374, 4443.5378100138705]}, "4": {"freq": [20.0, 68.00000004249999, 116.00000061625, 164.00000102500002, 212.0000017225, 260.00000121875, 308.00000413875006, 356.00000178, 404.00000404, 452.00000113000004, 500.0, 548.0000054800001, 596.0000018625001, 644.0000128800003, 692.0000309237514, 740.0000127187502, 788.0000398925021, 836.0000428450022, 884.0000005525001, 932.0000393187518, 980.0000367500014, 1028.000071638755], "ampl": [103.71611351799538, 573.1253826400589, 1105.964569428228, 1629.4562761269394, 2129.593054744039, 2694.5831752154113, 3030.9776381926445, 3428.4943151200505, 3788.492603479047, 4113.187867978105, 4404.824570291036, 4666.82606065369, 4898.102859204599, 5102.4555641090665, 5284.9555308240915, 5443.2990328334145, 5586.016902225522, 5708.476051452992, 5817.574343523879, 5910.801592820612, 5996.055971634668, 6066.960831687322]}, "5": {"freq": [20.0, 68.00000004249999, 116.00000061625, 164.00000102500002, 212.0000017225, 260.00000121875, 308.00000413875006, 356.00000178, 404.00000404, 452.00000113000004, 500.0, 548.0000054800001, 596.0000018625001, 644.0000128800003, 692.0000309237514, 740.0000127187502, 788.0000398925021, 836.0000428450022, 884.0000005525001, 932.0000393187518, 980.0000367500014, 1028.000071638755], "ampl": [69.64965985605971, 111.21228188526699, 214.53013850052153, 319.3111131984433, 420.69640496035225, 733.0057491986903, 621.6305772320098, 717.8576072906498, 811.3151715443189, 901.4247191444167, 988.9340437221863, 1074.032548679211, 1153.7216178508909, 1232.4061729458551, 1308.6999668421527, 1374.183960237, 1441.132366967521, 1503.5319082162403, 1561.963057118424, 1618.270507491781, 1670.2705644318594, 1718.9856504085187]}, "6": {"freq": [20.0, 68.00000004249999, 116.00000061625, 164.00000102500002, 212.0000017225, 260.00000121875, 308.00000413875006, 356.00000178, 404.00000404, 452.00000113000004, 500.0, 548.0000054800001, 596.0000018625001, 644.0000128800003, 692.0000309237514, 740.0000127187502, 788.0000398925021, 836.0000428450022, 884.0000005525001, 932.0000393187518, 980.0000367500014, 1028.000071638755], "ampl": [107.17701940927313, 586.3890145080446, 1132.6807570701226, 1668.2440618862545, 2178.430809522346, 2716.942104030251, 3094.9207362990705, 3493.1036031678345, 3852.977211110024, 4177.268248637272, 4465.550083739133, 4721.583262649625, 4947.116934735148, 5147.362579872592, 5323.537711711562, 5476.842125559074, 5613.769675161585, 5730.572047403265, 5834.452118372427, 5922.276179803541, 6001.164761227829, 6067.368718179184]}, "7": {"freq": [20.0, 68.00000004249999, 116.00000061625, 164.00000102500002, 212.0000017225, 260.00000121875, 308.00000413875006, 356.00000178, 404.00000404, 452.00000113000004, 500.0, 548.0000054800001, 596.0000018625001, 644.0000128800003, 692.0000309237514, 740.0000127187502, 788.0000398925021, 836.0000428450022, 884.0000005525001, 932.0000393187518, 980.0000367500014, 1028.000071638755], "ampl": [23.103181024430015, 63.01879142994631, 100.08096003794368, 136.57315408174375, 174.87492929492004, 212.45430601031916, 248.47217889952046, 282.674901525119, 316.8574284131984, 350.65477043118995, 383.1394641174331, 414.06682231178945, 441.59034424406263, 469.8442889119599, 497.9585394336287, 522.9365714610711, 546.8733668921311, 569.355624456675, 591.2734354034505, 611.092700451702, 629.31774754655, 645.6175298697582]}, "wireSegments": [322, 324, 326, 328, 330, 332, 334, 336], "apaChannels": [322, 324, 326, 328, 330, 332, 334, 336], "measuredBy": "Chris Stanford", "stage": "Installation (Top)", "apaUuid": "43cd3950-268d-11ec-b6f5-a70e70a44436", "layer": "X", "headboardNum": "7", "side": "A"}