{"0": {"freq": [20.0, 68.00000004249999, 116.00000061625, 164.00000102500002, 212.0000017225, 260.00000121875, 308.00000413875006, 356.00000178, 404.00000404, 452.00000113000004, 500.0, 548.0000054800001, 596.0000018625001, 644.0000128800003, 692.0000309237514, 740.0000127187502, 788.0000398925021, 836.0000428450022, 884.0000005525001, 932.0000393187518, 980.0000367500014, 1028.000071638755], "ampl": [661.2013911868335, 3335.6600489231623, 6316.811159264029, 9044.611809242677, 11415.191664576756, 13418.11500162729, 15072.599524937254, 16445.620966169852, 17522.547113227618, 18415.564461031623, 19136.249431152424, 19729.012289892005, 20203.549273537064, 20592.965668645986, 20910.089308116607, 21168.980313901513, 21379.403972007225, 21545.112446642248, 21681.580935355494, 21786.214760258415, 21864.37456299596, 21922.792367540285]}, "1": {"freq": [20.0, 68.00000004249999, 116.00000061625, 164.00000102500002, 212.0000017225, 260.00000121875, 308.00000413875006, 356.00000178, 404.00000404, 452.00000113000004, 500.0, 548.0000054800001, 596.0000018625001, 644.0000128800003, 692.0000309237514, 740.0000127187502, 788.0000398925021, 836.0000428450022, 884.0000005525001, 932.0000393187518, 980.0000367500014, 1028.000071638755], "ampl": [651.5002087179693, 3271.279220514181, 6200.245211825198, 8883.887272737014, 11223.675996152457, 13203.653363930474, 14846.112638734712, 16212.26621667123, 17285.542954455133, 18176.07423975344, 18897.991240720206, 19494.68768031725, 19968.794039959823, 20360.889698622126, 20680.148862741207, 20944.968031523378, 21158.06370152164, 21328.13274263865, 21465.50572213258, 21572.03750410808, 21653.445186358807, 21716.224546263536]}, "2": {"freq": [20.0, 68.00000004249999, 116.00000061625, 164.00000102500002, 212.0000017225, 260.00000121875, 308.00000413875006, 356.00000178, 404.00000404, 452.00000113000004, 500.0, 548.0000054800001, 596.0000018625001, 644.0000128800003, 692.0000309237514, 740.0000127187502, 788.0000398925021, 836.0000428450022, 884.0000005525001, 932.0000393187518, 980.0000367500014, 1028.000071638755], "ampl": [660.4840043153866, 3339.1509164503045, 6321.697477485582, 9049.155036064427, 11420.80316829768, 13423.82470777969, 15080.75692061266, 16457.242615806917, 17539.679144134676, 18435.27080703826, 19161.15700879146, 19762.06872441502, 20236.728652649283, 20630.18574358501, 20950.067376482708, 21214.77191743967, 21430.9333782302, 21601.23281829662, 21738.0278832605, 21845.643457404607, 21925.832500890247, 21986.994887509078]}, "3": {"freq": [20.0, 68.00000004249999, 116.00000061625, 164.00000102500002, 212.0000017225, 260.00000121875, 308.00000413875006, 356.00000178, 404.00000404, 452.00000113000004, 500.0, 548.0000054800001, 596.0000018625001, 644.0000128800003, 692.0000309237514, 740.0000127187502, 788.0000398925021, 836.0000428450022, 884.0000005525001, 932.0000393187518, 980.0000367500014, 1028.000071638755], "ampl": [353.77935402968296, 1714.6857615824742, 3320.872164585561, 4886.908770935547, 6346.710028197286, 7674.351986953268, 8857.919488606522, 9910.151628121908, 10801.779259647541, 11582.182545774474, 12252.235723324322, 12831.950882579295, 13318.034685309474, 13736.205416489938, 14093.598398054273, 14398.668230470004, 14659.92664244342, 14877.352723171443, 15062.215971600175, 15218.80363612448, 15350.058424683153, 15459.355141390919]}, "4": {"freq": [20.0, 68.00000004249999, 116.00000061625, 164.00000102500002, 212.0000017225, 260.00000121875, 308.00000413875006, 356.00000178, 404.00000404, 452.00000113000004, 500.0, 548.0000054800001, 596.0000018625001, 644.0000128800003, 692.0000309237514, 740.0000127187502, 788.0000398925021, 836.0000428450022, 884.0000005525001, 932.0000393187518, 980.0000367500014, 1028.000071638755], "ampl": [660.7360403627785, 3322.953916099949, 6283.638396656412, 8989.544192133633, 11342.151746284693, 13325.788350148743, 14967.183586036701, 16327.265817237963, 17397.398374276923, 18279.142549062002, 18997.32543043941, 19586.93625995726, 20055.688450784342, 20443.15426196407, 20760.080220277458, 21017.475478760447, 21226.897909276602, 21393.096912114437, 21529.141733413515, 21632.499800104833, 21711.259577065175, 21771.822451194403]}, "5": {"freq": [20.0, 68.00000004249999, 116.00000061625, 164.00000102500002, 212.0000017225, 260.00000121875, 308.00000413875006, 356.00000178, 404.00000404, 452.00000113000004, 500.0, 548.0000054800001, 596.0000018625001, 644.0000128800003, 692.0000309237514, 740.0000127187502, 788.0000398925021, 836.0000428450022, 884.0000005525001, 932.0000393187518, 980.0000367500014, 1028.000071638755], "ampl": [658.2101445915599, 3309.318272463787, 6270.495397306703, 8979.615012112707, 11334.679781601051, 13323.899126425185, 14969.049532238841, 16333.7893249837, 17405.736733630783, 18294.02534004782, 19012.420703355765, 19604.097795734375, 20076.928958462537, 20466.373124711423, 20780.677918094578, 21041.11757188918, 21253.39142082292, 21419.388433600176, 21555.675804560848, 21661.332761334634, 21741.56647945558, 21803.82162263029]}, "6": {"freq": [20.0, 68.00000004249999, 116.00000061625, 164.00000102500002, 212.0000017225, 260.00000121875, 308.00000413875006, 356.00000178, 404.00000404, 452.00000113000004, 500.0, 548.0000054800001, 596.0000018625001, 644.0000128800003, 692.0000309237514, 740.0000127187502, 788.0000398925021, 836.0000428450022, 884.0000005525001, 932.0000393187518, 980.0000367500014, 1028.000071638755], "ampl": [669.9967738819308, 3357.44205635132, 6341.153265826098, 9050.65634461412, 11385.624401067931, 13340.004507648731, 14945.336321113708, 16262.62994050287, 17296.029729044636, 18144.180645292505, 18828.15338576242, 19387.508319072225, 19831.29971424583, 20194.892220437006, 20492.779999627466, 20732.224970565032, 20929.305292808323, 21083.22804049295, 21206.252576609106, 21300.557277762528, 21372.547753033472, 21424.685074280827]}, "7": {"freq": [20.0, 68.00000004249999, 116.00000061625, 164.00000102500002, 212.0000017225, 260.00000121875, 308.00000413875006, 356.00000178, 404.00000404, 452.00000113000004, 500.0, 548.0000054800001, 596.0000018625001, 644.0000128800003, 692.0000309237514, 740.0000127187502, 788.0000398925021, 836.0000428450022, 884.0000005525001, 932.0000393187518, 980.0000367500014, 1028.000071638755], "ampl": [363.7072785362972, 1727.7232500236755, 3323.1487720603614, 4866.891798339651, 6290.832855221116, 7572.444613203278, 8703.076715665959, 9705.405437586576, 10538.907721773166, 11263.978772034032, 11881.552409499798, 12411.603798589787, 12855.754446001643, 13235.268245274106, 13552.670260799678, 13825.792790940264, 14056.895795550216, 14249.5184232275, 14412.627490405659, 14549.574556750053, 14663.544938940058, 14753.752863131493]}, "wireSegments": null, "apaChannels": null, "measuredBy": null, "stage": null, "apaUuid": null, "layer": null, "headboardNum": null, "side": null}