{"0": {"freq": [20.0, 68.00000004249999, 116.00000061625, 164.00000102500002, 212.0000017225, 260.00000121875, 308.00000413875006, 356.00000178, 404.00000404, 452.00000113000004, 500.0, 548.0000054800001, 596.0000018625001, 644.0000128800003, 692.0000309237514, 740.0000127187502, 788.0000398925021, 836.0000428450022, 884.0000005525001, 932.0000393187518, 980.0000367500014, 1028.000071638755], "ampl": [361.60062816862865, 1745.0198307430194, 3370.6747084642693, 4951.409983967742, 6412.800173305882, 7729.302592874368, 8894.368137130145, 9906.44933977319, 10779.305848416912, 11525.113923285719, 12158.860039466737, 12716.692741370307, 13159.728444911876, 13548.88484784086, 13875.131347087736, 14151.754287160451, 14386.034955103378, 14601.859959376005, 14751.28712796581, 14885.819558067345, 15004.256650892903, 15093.546671186883]}, "1": {"freq": [20.0, 68.00000004249999, 116.00000061625, 164.00000102500002, 212.0000017225, 260.00000121875, 308.00000413875006, 356.00000178, 404.00000404, 452.00000113000004, 500.0, 548.0000054800001, 596.0000018625001, 644.0000128800003, 692.0000309237514, 740.0000127187502, 788.0000398925021, 836.0000428450022, 884.0000005525001, 932.0000393187518, 980.0000367500014, 1028.000071638755], "ampl": [648.3340912732652, 3262.164558163895, 6170.1876861786595, 8826.002940912244, 11131.54583760698, 13069.479681890958, 14668.75919902512, 15973.205520570174, 17035.760625307288, 17899.483677287448, 18592.42104965826, 19187.170959127085, 19627.425779214904, 20008.97107840336, 20313.253986296124, 20564.43123338994, 20769.985851284728, 20955.721868848508, 21065.72216230707, 21162.2762284826, 21249.023083672204, 21301.165342941076]}, "2": {"freq": [20.0, 68.00000004249999, 116.00000061625, 164.00000102500002, 212.0000017225, 260.00000121875, 308.00000413875006, 356.00000178, 404.00000404, 452.00000113000004, 500.0, 548.0000054800001, 596.0000018625001, 644.0000128800003, 692.0000309237514, 740.0000127187502, 788.0000398925021, 836.0000428450022, 884.0000005525001, 932.0000393187518, 980.0000367500014, 1028.000071638755], "ampl": [656.3092489619626, 3307.000975385501, 6261.788095292926, 8968.51181438735, 11323.722361843245, 13310.591504279513, 14950.954982828564, 16290.884215307153, 17382.546097908005, 18269.208488911074, 18983.44807509204, 19593.136357808722, 20048.051372093083, 20439.54029718999, 20749.823051509804, 21009.273575813157, 21218.7388843443, 21407.93010199555, 21521.819137095983, 21620.154003388107, 21708.631964910113, 21762.990879439643]}, "3": {"freq": [20.0, 68.00000004249999, 116.00000061625, 164.00000102500002, 212.0000017225, 260.00000121875, 308.00000413875006, 356.00000178, 404.00000404, 452.00000113000004, 500.0, 548.0000054800001, 596.0000018625001, 644.0000128800003, 692.0000309237514, 740.0000127187502, 788.0000398925021, 836.0000428450022, 884.0000005525001, 932.0000393187518, 980.0000367500014, 1028.000071638755], "ampl": [657.7163617930172, 3312.965838574788, 6270.004526044607, 8971.179683106997, 11317.132759713848, 13291.507474655275, 14920.12981503247, 16247.99804497224, 17329.260585313845, 18205.648480976964, 18910.758898747965, 19512.83304788248, 19960.13730132118, 20347.13415439831, 20653.760726991954, 20908.31862657079, 21112.377002979272, 21299.091310356518, 21411.547929120283, 21508.676467478457, 21594.126101560152, 21647.99774329302]}, "4": {"freq": [20.0, 68.00000004249999, 116.00000061625, 164.00000102500002, 212.0000017225, 260.00000121875, 308.00000413875006, 356.00000178, 404.00000404, 452.00000113000004, 500.0, 548.0000054800001, 596.0000018625001, 644.0000128800003, 692.0000309237514, 740.0000127187502, 788.0000398925021, 836.0000428450022, 884.0000005525001, 932.0000393187518, 980.0000367500014, 1028.000071638755], "ampl": [364.0221886462251, 1749.577967189394, 3382.6588480560044, 4970.89409982185, 6444.864304108143, 7773.975441443779, 8951.205417945876, 9975.151992423822, 10860.751179253664, 11619.187647064478, 12261.441287285035, 12828.730458844944, 13282.038666659317, 13677.90937390532, 14013.00758798637, 14294.084306597031, 14536.255731970092, 14756.728494408757, 14910.264064094994, 15048.07038526144, 15170.920269761722, 15265.180891791208]}, "5": {"freq": [20.0, 68.00000004249999, 116.00000061625, 164.00000102500002, 212.0000017225, 260.00000121875, 308.00000413875006, 356.00000178, 404.00000404, 452.00000113000004, 500.0, 548.0000054800001, 596.0000018625001, 644.0000128800003, 692.0000309237514, 740.0000127187502, 788.0000398925021, 836.0000428450022, 884.0000005525001, 932.0000393187518, 980.0000367500014, 1028.000071638755], "ampl": [648.6580448204054, 3273.5239531109282, 6195.13117119052, 8860.805198029935, 11169.771835627807, 13109.256787591929, 14708.68404340734, 16010.493434203434, 17068.976916919608, 17928.739327567077, 18618.94020011083, 19208.76319998337, 19648.93074206048, 20027.28586390595, 20330.330104899516, 20578.037065398028, 20780.825502279167, 20964.89919742311, 21074.221727542925, 21170.803162725268, 21256.05192280418, 21307.984209329465]}, "6": {"freq": [20.0, 68.00000004249999, 116.00000061625, 164.00000102500002, 212.0000017225, 260.00000121875, 308.00000413875006, 356.00000178, 404.00000404, 452.00000113000004, 500.0, 548.0000054800001, 596.0000018625001, 644.0000128800003, 692.0000309237514, 740.0000127187502, 788.0000398925021, 836.0000428450022, 884.0000005525001, 932.0000393187518, 980.0000367500014, 1028.000071638755], "ampl": [670.5342047891439, 3336.939039081741, 6295.706820168388, 8991.442971982653, 11320.769642293832, 13270.06464922166, 14872.39261717793, 16171.293599459568, 17228.21789552765, 18078.82262705978, 18762.83762935473, 19341.76125813688, 19772.43718916872, 20142.365618255477, 20438.27160021207, 20679.308969839225, 20874.3753641461, 21051.358266064017, 21156.548207089654, 21247.489207980427, 21327.22608249565, 21376.47822767054]}, "7": {"freq": [20.0, 68.00000004249999, 116.00000061625, 164.00000102500002, 212.0000017225, 260.00000121875, 308.00000413875006, 356.00000178, 404.00000404, 452.00000113000004, 500.0, 548.0000054800001, 596.0000018625001, 644.0000128800003, 692.0000309237514, 740.0000127187502, 788.0000398925021, 836.0000428450022, 884.0000005525001, 932.0000393187518, 980.0000367500014, 1028.000071638755], "ampl": [671.4041820816835, 3365.5054835075293, 6349.59150162639, 9054.148122090444, 11383.896294012982, 13327.454307689182, 14917.784067280545, 16205.284665267382, 17248.403917063693, 18084.81826158252, 18758.251358567148, 19334.487425121417, 19751.030212900692, 20109.742900359717, 20401.25134666502, 20634.9260336645, 20827.27165770994, 21004.280791206354, 21100.169228893, 21187.95010481446, 21264.11487015052, 21312.426962004407]}, "wireSegments": null, "apaChannels": null, "measuredBy": null, "stage": null, "apaUuid": null, "layer": null, "headboardNum": null, "side": null}