{"0": {"freq": [20.0, 68.00000004249999, 116.00000061625, 164.00000102500002, 212.0000017225, 260.00000121875, 308.00000413875006, 356.00000178, 404.00000404, 452.00000113000004, 500.0, 548.0000054800001, 596.0000018625001, 644.0000128800003, 692.0000309237514, 740.0000127187502, 788.0000398925021, 836.0000428450022, 884.0000005525001, 932.0000393187518, 980.0000367500014, 1028.000071638755], "ampl": [2.180959351113169, 10.741025442753761, 20.364448505101958, 29.183303699194333, 36.70623826800874, 46.31800614744124, 54.285733999228384, 62.516391021966854, 69.50968134206757, 76.94226117306995, 84.76348002962338, 93.76287817132, 100.43439707177119, 107.69838768564381, 115.86957124989739, 123.33716868542442, 129.56136959052895, 135.8841807154427, 144.48634988387337, 149.91902789208717, 158.0313699499212, 163.44690550984225]}, "1": {"freq": [20.0, 68.00000004249999, 116.00000061625, 164.00000102500002, 212.0000017225, 260.00000121875, 308.00000413875006, 356.00000178, 404.00000404, 452.00000113000004, 500.0, 548.0000054800001, 596.0000018625001, 644.0000128800003, 692.0000309237514, 740.0000127187502, 788.0000398925021, 836.0000428450022, 884.0000005525001, 932.0000393187518, 980.0000367500014, 1028.000071638755], "ampl": [2.062610681172568, 15.275857330560735, 32.16930074617832, 47.91414180932709, 61.533445829539346, 77.91876787601223, 91.93901957106685, 107.12710464288222, 120.5304902777268, 135.68865264073884, 149.57424044870413, 163.02849559290635, 176.82455023575636, 190.2713310728737, 203.60978416426346, 216.30646449140428, 229.80621454813485, 241.75493139275167, 253.16671504989583, 266.9933586503371, 278.9871448908253, 289.4537251747053]}, "2": {"freq": [20.0, 68.00000004249999, 116.00000061625, 164.00000102500002, 212.0000017225, 260.00000121875, 308.00000413875006, 356.00000178, 404.00000404, 452.00000113000004, 500.0, 548.0000054800001, 596.0000018625001, 644.0000128800003, 692.0000309237514, 740.0000127187502, 788.0000398925021, 836.0000428450022, 884.0000005525001, 932.0000393187518, 980.0000367500014, 1028.000071638755], "ampl": [1.5771610149494903, 16.664235856690247, 31.706011161251155, 47.623947853930645, 61.936737627960746, 77.9438635889183, 92.76081510606492, 107.11165364253436, 122.10700700941881, 135.98275817752636, 150.35944457606237, 165.5519037802634, 178.00442934670932, 191.539073936786, 204.90690797970063, 218.6232866386877, 230.4719195610605, 243.0778867188917, 255.6546357767241, 268.1484215572408, 281.3272416264865, 293.2799259567782]}, "3": {"freq": [20.0, 68.00000004249999, 116.00000061625, 164.00000102500002, 212.0000017225, 260.00000121875, 308.00000413875006, 356.00000178, 404.00000404, 452.00000113000004, 500.0, 548.0000054800001, 596.0000018625001, 644.0000128800003, 692.0000309237514, 740.0000127187502, 788.0000398925021, 836.0000428450022, 884.0000005525001, 932.0000393187518, 980.0000367500014, 1028.000071638755], "ampl": [1.606607253524162, 17.112020693065848, 31.16608587037391, 47.35253673894742, 61.387376323265435, 79.06762155807415, 94.97910992086338, 111.40371230391032, 127.24054534402676, 141.46023950256475, 157.4636107535476, 173.38333230244618, 187.24829078739324, 201.8045747250992, 216.9499666556139, 232.1671220430999, 246.51080807067245, 259.6602569847139, 273.6508844563653, 287.83007550599194, 302.95048893959336, 314.95685362233525]}, "4": {"freq": [20.0, 68.00000004249999, 116.00000061625, 164.00000102500002, 212.0000017225, 260.00000121875, 308.00000413875006, 356.00000178, 404.00000404, 452.00000113000004, 500.0, 548.0000054800001, 596.0000018625001, 644.0000128800003, 692.0000309237514, 740.0000127187502, 788.0000398925021, 836.0000428450022, 884.0000005525001, 932.0000393187518, 980.0000367500014, 1028.000071638755], "ampl": [376.4562510396591, 1793.1710305856486, 3465.3286396192343, 5085.577819827453, 6572.848142809129, 7903.618413187202, 9066.691514654889, 10071.070641409113, 10930.230648954306, 11659.094163820788, 12276.125887400978, 12799.739166197096, 13237.17447313404, 13609.846707462511, 13924.694028847562, 14189.93640177479, 14406.996881208668, 14591.431223277576, 14746.878773260341, 14876.613148304057, 14997.755505940257, 15067.383467068084]}, "5": {"freq": [20.0, 68.00000004249999, 116.00000061625, 164.00000102500002, 212.0000017225, 260.00000121875, 308.00000413875006, 356.00000178, 404.00000404, 452.00000113000004, 500.0, 548.0000054800001, 596.0000018625001, 644.0000128800003, 692.0000309237514, 740.0000127187502, 788.0000398925021, 836.0000428450022, 884.0000005525001, 932.0000393187518, 980.0000367500014, 1028.000071638755], "ampl": [650.1597997042961, 3306.9573747859067, 6289.422718593302, 9011.328083240433, 11361.384861973906, 13331.899725938749, 14942.094866147738, 16254.36532350299, 17311.992696333586, 18169.601095019127, 18861.146736074166, 19422.09582672043, 19879.617901516627, 20252.883494952366, 20555.10212912526, 20802.645506373756, 20999.191417000096, 21154.98054187522, 21282.059272424285, 21379.590949897047, 21482.42388100591, 21511.454952669053]}, "6": {"freq": [20.0, 68.00000004249999, 116.00000061625, 164.00000102500002, 212.0000017225, 260.00000121875, 308.00000413875006, 356.00000178, 404.00000404, 452.00000113000004, 500.0, 548.0000054800001, 596.0000018625001, 644.0000128800003, 692.0000309237514, 740.0000127187502, 788.0000398925021, 836.0000428450022, 884.0000005525001, 932.0000393187518, 980.0000367500014, 1028.000071638755], "ampl": [667.922192622981, 3344.431821438516, 6349.496416763844, 9090.921955083802, 11461.34158928102, 13445.11475227431, 15069.497754717577, 16392.71861905662, 17459.12824219467, 18318.470363867473, 19015.49555592144, 19577.273116640154, 20034.71876296234, 20405.893105883115, 20708.64983292022, 20953.00610208401, 21148.7336537207, 21302.879159620024, 21429.30920596772, 21523.845563327992, 21623.196918091053, 21654.121784031933]}, "7": {"freq": [20.0, 68.00000004249999, 116.00000061625, 164.00000102500002, 212.0000017225, 260.00000121875, 308.00000413875006, 356.00000178, 404.00000404, 452.00000113000004, 500.0, 548.0000054800001, 596.0000018625001, 644.0000128800003, 692.0000309237514, 740.0000127187502, 788.0000398925021, 836.0000428450022, 884.0000005525001, 932.0000393187518, 980.0000367500014, 1028.000071638755], "ampl": [669.3041647589956, 3392.7693063241863, 6440.5055643532305, 9208.420735780805, 11591.133074010926, 13574.383798183226, 15192.721171302725, 16502.023740018198, 17555.378217084977, 18399.948945735097, 19083.22753762218, 19633.406946242638, 20081.478617810546, 20442.872981011085, 20736.09535669549, 20972.70966765227, 21164.462378391334, 21310.541158590233, 21432.346768834643, 21524.650523639648, 21624.067092262474, 21645.62804387587]}, "wireSegments": null, "apaChannels": null, "measuredBy": null, "stage": null, "apaUuid": null, "layer": null, "headboardNum": null, "side": null}