{"0": {"freq": [20.0, 68.00000004249999, 116.00000061625, 164.00000102500002, 212.0000017225, 260.00000121875, 308.00000413875006, 356.00000178, 404.00000404, 452.00000113000004, 500.0, 548.0000054800001, 596.0000018625001, 644.0000128800003, 692.0000309237514, 740.0000127187502, 788.0000398925021, 836.0000428450022, 884.0000005525001, 932.0000393187518, 980.0000367500014, 1028.000071638755], "ampl": [1.712594331884812, 11.416582692938588, 22.484305607683503, 32.08174341353112, 40.374605900215286, 51.119042874379346, 59.93876989184514, 69.21340150557086, 77.90259218780592, 86.58529097868556, 95.74266743112, 104.8718494938884, 113.64889057580382, 121.57498074244658, 129.29451125078745, 138.02398382243356, 147.86872285824856, 154.1814204956415, 162.4121989121404, 169.8059115574534, 177.31280904557045, 185.70127121992155]}, "1": {"freq": [20.0, 68.00000004249999, 116.00000061625, 164.00000102500002, 212.0000017225, 260.00000121875, 308.00000413875006, 356.00000178, 404.00000404, 452.00000113000004, 500.0, 548.0000054800001, 596.0000018625001, 644.0000128800003, 692.0000309237514, 740.0000127187502, 788.0000398925021, 836.0000428450022, 884.0000005525001, 932.0000393187518, 980.0000367500014, 1028.000071638755], "ampl": [3.3363791539480503, 16.45582879890055, 32.267234174778594, 48.18552560660713, 62.184847566291545, 78.60366716158622, 92.54573049051173, 107.47245375333655, 121.943421813959, 136.20269922949137, 150.00884226061882, 163.84512448937173, 176.7800034039202, 190.421435911023, 204.24326279929153, 217.1015583087832, 230.50385259198183, 241.41227154006853, 255.44928082304995, 265.8968214043291, 277.9616692934435, 289.4025110395514]}, "2": {"freq": [20.0, 68.00000004249999, 116.00000061625, 164.00000102500002, 212.0000017225, 260.00000121875, 308.00000413875006, 356.00000178, 404.00000404, 452.00000113000004, 500.0, 548.0000054800001, 596.0000018625001, 644.0000128800003, 692.0000309237514, 740.0000127187502, 788.0000398925021, 836.0000428450022, 884.0000005525001, 932.0000393187518, 980.0000367500014, 1028.000071638755], "ampl": [2.086764219790834, 15.385562034650128, 31.2938928791976, 47.396704829464106, 62.52086186035504, 78.20664946123297, 93.06823492487109, 108.11356115953758, 121.65703408886237, 136.2792803260996, 150.26702683104227, 164.275540768904, 178.634165728427, 191.03466678385197, 205.16284753304157, 218.38544456283364, 232.0700242103498, 244.2765129397866, 256.32830204956565, 268.8087927524241, 280.7466342078908, 293.2236986992648]}, "3": {"freq": [20.0, 68.00000004249999, 116.00000061625, 164.00000102500002, 212.0000017225, 260.00000121875, 308.00000413875006, 356.00000178, 404.00000404, 452.00000113000004, 500.0, 548.0000054800001, 596.0000018625001, 644.0000128800003, 692.0000309237514, 740.0000127187502, 788.0000398925021, 836.0000428450022, 884.0000005525001, 932.0000393187518, 980.0000367500014, 1028.000071638755], "ampl": [1.1687761151573866, 16.223479137102135, 31.757818275022885, 48.331217743673356, 63.9361658337118, 81.33864455468, 97.68130282613106, 115.55667644581588, 130.31570155538398, 146.65328364420904, 162.513637972345, 178.3948568952197, 194.63789097156962, 210.0388915951358, 225.31453362642293, 241.28803870810503, 254.85697782812682, 271.13772296559637, 284.95389426505557, 297.87532340296764, 311.84515603699344, 326.9087599921703]}, "4": {"freq": [20.0, 68.00000004249999, 116.00000061625, 164.00000102500002, 212.0000017225, 260.00000121875, 308.00000413875006, 356.00000178, 404.00000404, 452.00000113000004, 500.0, 548.0000054800001, 596.0000018625001, 644.0000128800003, 692.0000309237514, 740.0000127187502, 788.0000398925021, 836.0000428450022, 884.0000005525001, 932.0000393187518, 980.0000367500014, 1028.000071638755], "ampl": [667.1394203371735, 3384.056942407477, 6426.193633243682, 9205.77631087278, 11612.190530883836, 13634.189192279837, 15292.67015077241, 16638.882896094172, 17733.5267995097, 18613.651450328067, 19325.816308949565, 19906.61192660778, 20377.204200261836, 20759.9154529586, 21065.48225061128, 21326.201683076444, 21522.592335992373, 21681.041152162135, 21815.749426119713, 21914.9838571067, 21991.846580713, 22046.257767141615]}, "5": {"freq": [20.0, 68.00000004249999, 116.00000061625, 164.00000102500002, 212.0000017225, 260.00000121875, 308.00000413875006, 356.00000178, 404.00000404, 452.00000113000004, 500.0, 548.0000054800001, 596.0000018625001, 644.0000128800003, 692.0000309237514, 740.0000127187502, 788.0000398925021, 836.0000428450022, 884.0000005525001, 932.0000393187518, 980.0000367500014, 1028.000071638755], "ampl": [662.3745022327008, 3353.296910471493, 6385.392903179709, 9160.709967850687, 11568.598161471498, 13593.48729679684, 15261.061166370815, 16616.1304478247, 17718.73764935411, 18609.16295393068, 19330.622301128828, 19917.783363883736, 20393.915958897407, 20782.759534586658, 21094.441794731505, 21359.831245282967, 21565.08177429498, 21724.24637589068, 21859.864066985418, 21963.521314970883, 22042.556341882315, 22100.13192058383]}, "6": {"freq": [20.0, 68.00000004249999, 116.00000061625, 164.00000102500002, 212.0000017225, 260.00000121875, 308.00000413875006, 356.00000178, 404.00000404, 452.00000113000004, 500.0, 548.0000054800001, 596.0000018625001, 644.0000128800003, 692.0000309237514, 740.0000127187502, 788.0000398925021, 836.0000428450022, 884.0000005525001, 932.0000393187518, 980.0000367500014, 1028.000071638755], "ampl": [665.2355407450261, 3367.1383807144352, 6397.7428704879, 9156.306764775536, 11534.45407426483, 13522.18680067279, 15145.680771597923, 16461.91771842806, 17526.87271872152, 18382.019599516338, 19071.781465865693, 19630.875553851034, 20085.026374454515, 20452.40532550968, 20748.4971641772, 20998.748890382096, 21184.378757183335, 21338.74660252117, 21462.52120376988, 21557.715216786968, 21630.2577274996, 21683.43938009994]}, "7": {"freq": [20.0, 68.00000004249999, 116.00000061625, 164.00000102500002, 212.0000017225, 260.00000121875, 308.00000413875006, 356.00000178, 404.00000404, 452.00000113000004, 500.0, 548.0000054800001, 596.0000018625001, 644.0000128800003, 692.0000309237514, 740.0000127187502, 788.0000398925021, 836.0000428450022, 884.0000005525001, 932.0000393187518, 980.0000367500014, 1028.000071638755], "ampl": [371.979497279123, 1763.8671034583965, 3416.9544186643575, 5026.383982313652, 6508.13903911917, 7838.528388027115, 9005.970774158386, 10021.270523034447, 10891.889285933996, 11633.603003403607, 12263.42726195522, 12799.588372186188, 13252.140105839924, 13636.916301129864, 13958.982673792698, 14236.58293347981, 14459.430102333561, 14653.8406151089, 14819.448070016444, 14952.267262861957, 15062.178293642926, 15154.246381359595]}, "wireSegments": null, "apaChannels": null, "measuredBy": null, "stage": null, "apaUuid": null, "layer": null, "headboardNum": null, "side": null}