{"0": {"freq": [20.0, 68.00000004249999, 116.00000061625, 164.00000102500002, 212.0000017225, 260.00000121875, 308.00000413875006, 356.00000178, 404.00000404, 452.00000113000004, 500.0, 548.0000054800001, 596.0000018625001, 644.0000128800003, 692.0000309237514, 740.0000127187502, 788.0000398925021, 836.0000428450022, 884.0000005525001, 932.0000393187518, 980.0000367500014, 1028.000071638755], "ampl": [366.1167606791671, 1758.8782526181385, 3404.9826840078535, 5012.72926940862, 6509.421476061306, 7859.291366806711, 9055.873970065015, 10100.910780207005, 11006.84232916764, 11780.112873415797, 12443.77254526498, 13007.747187728362, 13487.373550019081, 13893.74031588227, 14240.73427783487, 14533.387854184097, 14776.74182115191, 14991.807199293904, 15164.288257044132, 15312.308354227973, 15431.784173572638, 15532.204413027617]}, "1": {"freq": [20.0, 68.00000004249999, 116.00000061625, 164.00000102500002, 212.0000017225, 260.00000121875, 308.00000413875006, 356.00000178, 404.00000404, 452.00000113000004, 500.0, 548.0000054800001, 596.0000018625001, 644.0000128800003, 692.0000309237514, 740.0000127187502, 788.0000398925021, 836.0000428450022, 884.0000005525001, 932.0000393187518, 980.0000367500014, 1028.000071638755], "ampl": [640.5273731626469, 3226.1545376181966, 6103.868526697695, 8738.308789103148, 11035.709580357316, 12970.975332365675, 14574.61204821795, 15890.792538790429, 16963.474723833573, 17831.183654082568, 18544.3884785976, 19120.639296531903, 19595.67440518821, 19979.624630171606, 20297.564722818646, 20554.705551133513, 20762.470942755408, 20937.57036052033, 21067.73582012794, 21178.49872385119, 21259.531580949417, 21320.760844613236]}, "2": {"freq": [20.0, 68.00000004249999, 116.00000061625, 164.00000102500002, 212.0000017225, 260.00000121875, 308.00000413875006, 356.00000178, 404.00000404, 452.00000113000004, 500.0, 548.0000054800001, 596.0000018625001, 644.0000128800003, 692.0000309237514, 740.0000127187502, 788.0000398925021, 836.0000428450022, 884.0000005525001, 932.0000393187518, 980.0000367500014, 1028.000071638755], "ampl": [662.6757975933019, 3320.077989331697, 6279.872239520602, 8986.505582480706, 11344.005688560806, 13328.377049302911, 14969.180513571415, 16315.001898620429, 17409.154866806846, 18292.661941385148, 19015.180250218174, 19598.397146000945, 20079.286670405316, 20466.97309965042, 20785.993414244633, 21043.826940232037, 21248.91762530033, 21423.885620976173, 21553.65845609823, 21662.123374895255, 21741.96720242553, 21803.00464889681]}, "3": {"freq": [20.0, 68.00000004249999, 116.00000061625, 164.00000102500002, 212.0000017225, 260.00000121875, 308.00000413875006, 356.00000178, 404.00000404, 452.00000113000004, 500.0, 548.0000054800001, 596.0000018625001, 644.0000128800003, 692.0000309237514, 740.0000127187502, 788.0000398925021, 836.0000428450022, 884.0000005525001, 932.0000393187518, 980.0000367500014, 1028.000071638755], "ampl": [663.640147591218, 3335.343563969248, 6308.46890605502, 9019.717706273343, 11373.328541491848, 13348.879463573054, 14978.462545239661, 16309.324759154306, 17388.56407422875, 18258.85661211705, 18968.627629032955, 19541.844424304374, 20012.154474252377, 20389.73547150241, 20703.70469596278, 20953.871944033355, 21153.54495724037, 21322.409159123337, 21452.630085380366, 21555.05261029666, 21632.110546234664, 21688.556571450314]}, "4": {"freq": [20.0, 68.00000004249999, 116.00000061625, 164.00000102500002, 212.0000017225, 260.00000121875, 308.00000413875006, 356.00000178, 404.00000404, 452.00000113000004, 500.0, 548.0000054800001, 596.0000018625001, 644.0000128800003, 692.0000309237514, 740.0000127187502, 788.0000398925021, 836.0000428450022, 884.0000005525001, 932.0000393187518, 980.0000367500014, 1028.000071638755], "ampl": [377.9847963921137, 1814.5879086992138, 3513.0729506664184, 5158.138427461743, 6679.022459193491, 8041.4765230088005, 9238.077742474128, 10277.000815964702, 11169.445497706094, 11925.009725987124, 12571.569841093808, 13114.227546707425, 13576.142571246182, 13962.33836206496, 14290.885400537501, 14566.939799132353, 14796.411929422044, 14996.512639694496, 15157.094367122269, 15294.26853136335, 15403.627086371716, 15496.694888844091]}, "5": {"freq": [20.0, 68.00000004249999, 116.00000061625, 164.00000102500002, 212.0000017225, 260.00000121875, 308.00000413875006, 356.00000178, 404.00000404, 452.00000113000004, 500.0, 548.0000054800001, 596.0000018625001, 644.0000128800003, 692.0000309237514, 740.0000127187502, 788.0000398925021, 836.0000428450022, 884.0000005525001, 932.0000393187518, 980.0000367500014, 1028.000071638755], "ampl": [652.7048537401045, 3269.5271562050593, 6181.3555187737475, 8827.611084505714, 11115.944219255165, 13029.428839516788, 14602.754542146648, 15884.301970114268, 16921.706658080635, 17757.733740090498, 18439.353143359553, 18990.948086808214, 19438.65112855985, 19802.791942222742, 20103.429592944092, 20342.904600652626, 20534.70403800934, 20698.140292851498, 20819.850840251544, 20921.768588199662, 20996.021874458842, 21049.290030826494]}, "6": {"freq": [20.0, 68.00000004249999, 116.00000061625, 164.00000102500002, 212.0000017225, 260.00000121875, 308.00000413875006, 356.00000178, 404.00000404, 452.00000113000004, 500.0, 548.0000054800001, 596.0000018625001, 644.0000128800003, 692.0000309237514, 740.0000127187502, 788.0000398925021, 836.0000428450022, 884.0000005525001, 932.0000393187518, 980.0000367500014, 1028.000071638755], "ampl": [684.2882575703348, 3402.3083428610007, 6417.91890105292, 9148.884802173425, 11499.94184314038, 13456.794565916594, 15053.75554613312, 16349.481858702053, 17393.886789791428, 18228.80931441257, 18906.960520780096, 19451.4462744567, 19889.79186934264, 20248.355447899332, 20538.845860907284, 20771.527033916846, 20956.452598996028, 21114.913664525007, 21228.480172976124, 21321.183363045104, 21389.130009216144, 21436.917503377725]}, "7": {"freq": [20.0, 68.00000004249999, 116.00000061625, 164.00000102500002, 212.0000017225, 260.00000121875, 308.00000413875006, 356.00000178, 404.00000404, 452.00000113000004, 500.0, 548.0000054800001, 596.0000018625001, 644.0000128800003, 692.0000309237514, 740.0000127187502, 788.0000398925021, 836.0000428450022, 884.0000005525001, 932.0000393187518, 980.0000367500014, 1028.000071638755], "ampl": [671.8462207270189, 3366.0177448297554, 6352.533586215595, 9052.838713724825, 11377.175527037607, 13309.726367877252, 14884.798224503409, 16162.763030758288, 17191.128430085137, 18014.089397736956, 18682.545309410947, 19216.958656827293, 19652.006184996168, 20004.46829328999, 20290.53748705028, 20515.924044702726, 20696.19554677279, 20854.505102784482, 20964.43858703714, 21056.802113489746, 21123.449604536712, 21172.617563821295]}, "wireSegments": null, "apaChannels": null, "measuredBy": null, "stage": null, "apaUuid": null, "layer": null, "headboardNum": null, "side": null}