{"0": {"freq": [20.0, 68.00000004249999, 116.00000061625, 164.00000102500002, 212.0000017225, 260.00000121875, 308.00000413875006, 356.00000178, 404.00000404, 452.00000113000004, 500.0, 548.0000054800001, 596.0000018625001, 644.0000128800003, 692.0000309237514, 740.0000127187502, 788.0000398925021, 836.0000428450022, 884.0000005525001, 932.0000393187518, 980.0000367500014, 1028.000071638755], "ampl": [661.1356083591029, 3315.19225415246, 6269.000110832236, 8980.885082506455, 11344.798608499606, 13345.179208069956, 15014.920073018833, 16364.313041849364, 17473.796618641187, 18377.71413104601, 19115.125299182677, 19713.881065258975, 20202.604224646348, 20606.52207606778, 20924.678667110336, 21198.568500173347, 21426.16424822514, 21583.995112416098, 21725.172939879314, 21833.475362529476, 21919.397005903636, 21983.55107127446]}, "1": {"freq": [20.0, 68.00000004249999, 116.00000061625, 164.00000102500002, 212.0000017225, 260.00000121875, 308.00000413875006, 356.00000178, 404.00000404, 452.00000113000004, 500.0, 548.0000054800001, 596.0000018625001, 644.0000128800003, 692.0000309237514, 740.0000127187502, 788.0000398925021, 836.0000428450022, 884.0000005525001, 932.0000393187518, 980.0000367500014, 1028.000071638755], "ampl": [650.0404303354082, 3263.471917469552, 6177.162112056226, 8852.883503123416, 11186.519761726502, 13161.962329914808, 14812.282484037774, 16145.07527376896, 17243.26861723362, 18134.78196516291, 18867.267854902322, 19459.967471924967, 19946.908796081265, 20346.3329648775, 20662.733802325605, 20936.616497406492, 21163.220463292964, 21320.804379622732, 21459.83536294473, 21570.29692757689, 21655.201478165567, 21718.35852666577]}, "2": {"freq": [20.0, 68.00000004249999, 116.00000061625, 164.00000102500002, 212.0000017225, 260.00000121875, 308.00000413875006, 356.00000178, 404.00000404, 452.00000113000004, 500.0, 548.0000054800001, 596.0000018625001, 644.0000128800003, 692.0000309237514, 740.0000127187502, 788.0000398925021, 836.0000428450022, 884.0000005525001, 932.0000393187518, 980.0000367500014, 1028.000071638755], "ampl": [665.020347300616, 3355.5179237378884, 6342.420391206891, 9078.220284808225, 11456.291223124694, 13461.747649171157, 15130.642279949237, 16473.721543951116, 17578.63308757532, 18475.431410604, 19208.39619214052, 19800.99688951105, 20287.239858659465, 20687.215357417543, 21002.600181230686, 21271.563331364447, 21498.036131811303, 21654.109568071843, 21792.45599798008, 21900.188246877187, 21985.393032211246, 22045.257634648253]}, "3": {"freq": [20.0, 68.00000004249999, 116.00000061625, 164.00000102500002, 212.0000017225, 260.00000121875, 308.00000413875006, 356.00000178, 404.00000404, 452.00000113000004, 500.0, 548.0000054800001, 596.0000018625001, 644.0000128800003, 692.0000309237514, 740.0000127187502, 788.0000398925021, 836.0000428450022, 884.0000005525001, 932.0000393187518, 980.0000367500014, 1028.000071638755], "ampl": [352.22440910402247, 1707.554907481629, 3306.2118823797805, 4870.162081234266, 6323.959248258625, 7644.006994034958, 8827.546893847575, 9851.814766137713, 10747.403705352695, 11519.694830434264, 12188.631295821624, 12754.201311796185, 13241.11786667848, 13660.42556599848, 14007.110205784207, 14311.619100297308, 14575.978254515458, 14781.22190768892, 14964.552869137218, 15117.817608738591, 15244.716007618428, 15352.479696166482]}, "4": {"freq": [20.0, 68.00000004249999, 116.00000061625, 164.00000102500002, 212.0000017225, 260.00000121875, 308.00000413875006, 356.00000178, 404.00000404, 452.00000113000004, 500.0, 548.0000054800001, 596.0000018625001, 644.0000128800003, 692.0000309237514, 740.0000127187502, 788.0000398925021, 836.0000428450022, 884.0000005525001, 932.0000393187518, 980.0000367500014, 1028.000071638755], "ampl": [674.4387633082779, 3387.598930877944, 6388.366467445454, 9124.237180002043, 11487.590358362002, 13470.32052061806, 15109.784036571415, 16422.726129512026, 17496.30758653996, 18362.1687644503, 19068.516773074498, 19635.10142991156, 20097.411522835006, 20479.31679098229, 20775.82014692135, 21032.198517356723, 21242.667687966317, 21387.233001539586, 21513.787503464056, 21614.216537970162, 21690.517182497853, 21746.214469035953]}, "5": {"freq": [20.0, 68.00000004249999, 116.00000061625, 164.00000102500002, 212.0000017225, 260.00000121875, 308.00000413875006, 356.00000178, 404.00000404, 452.00000113000004, 500.0, 548.0000054800001, 596.0000018625001, 644.0000128800003, 692.0000309237514, 740.0000127187502, 788.0000398925021, 836.0000428450022, 884.0000005525001, 932.0000393187518, 980.0000367500014, 1028.000071638755], "ampl": [668.7740975490433, 3353.2936982936626, 6339.1764344947715, 9071.37143698096, 11436.913911865255, 13423.887335719388, 15073.091824417694, 16395.472364866862, 17477.506260289396, 18353.56035641259, 19068.522758772207, 19642.40494252678, 20114.059508801103, 20499.73079224304, 20803.293728789413, 21063.683146578693, 21280.781319356083, 21428.208159291393, 21558.28629053915, 21663.062112522737, 21740.61474880047, 21798.595639355688]}, "6": {"freq": [20.0, 68.00000004249999, 116.00000061625, 164.00000102500002, 212.0000017225, 260.00000121875, 308.00000413875006, 356.00000178, 404.00000404, 452.00000113000004, 500.0, 548.0000054800001, 596.0000018625001, 644.0000128800003, 692.0000309237514, 740.0000127187502, 788.0000398925021, 836.0000428450022, 884.0000005525001, 932.0000393187518, 980.0000367500014, 1028.000071638755], "ampl": [680.9915855818647, 3412.1248934961113, 6427.749518022533, 9161.499243688391, 11503.564907293674, 13454.537210455674, 15056.716099729187, 16331.26262171248, 17368.11163940314, 18200.137152366795, 18874.211097389383, 19415.778763650287, 19853.932578134536, 20213.90062815035, 20493.98108590799, 20733.0920497705, 20932.117818581773, 21064.990268712812, 21183.317513261565, 21275.129784684574, 21343.45713795503, 21393.232614216144]}, "7": {"freq": [20.0, 68.00000004249999, 116.00000061625, 164.00000102500002, 212.0000017225, 260.00000121875, 308.00000413875006, 356.00000178, 404.00000404, 452.00000113000004, 500.0, 548.0000054800001, 596.0000018625001, 644.0000128800003, 692.0000309237514, 740.0000127187502, 788.0000398925021, 836.0000428450022, 884.0000005525001, 932.0000393187518, 980.0000367500014, 1028.000071638755], "ampl": [351.48584140286164, 1689.0718738390872, 3257.4978510338715, 4777.716775245555, 6173.530721077787, 7424.26927860013, 8532.523652679407, 9476.692338842087, 10296.541981046706, 10993.499734147188, 11586.72851146365, 12087.646557720345, 12513.735766180647, 12875.300684725402, 13175.398338488703, 13434.38667003269, 13661.627368644586, 13830.704557783152, 13980.160371758097, 14109.480655056665, 14211.428909732964, 14298.412094581072]}, "wireSegments": null, "apaChannels": null, "measuredBy": null, "stage": null, "apaUuid": null, "layer": null, "headboardNum": null, "side": null}