{"0": {"freq": [20.0, 68.00000004249999, 116.00000061625, 164.00000102500002, 212.0000017225, 260.00000121875, 308.00000413875006, 356.00000178, 404.00000404, 452.00000113000004, 500.0, 548.0000054800001, 596.0000018625001, 644.0000128800003, 692.0000309237514, 740.0000127187502, 788.0000398925021, 836.0000428450022, 884.0000005525001, 932.0000393187518, 980.0000367500014, 1028.000071638755], "ampl": [378.3847412804757, 1794.9997215490205, 3465.2289951445696, 5089.046263291957, 6595.470082799048, 7949.278938167076, 9146.070159812327, 10184.882745959332, 11078.002926560002, 11844.058878229154, 12491.223051578609, 13044.030312889585, 13510.376133797581, 13905.763498060176, 14242.728629286396, 14523.395464188665, 14769.265092622394, 14962.047952041778, 15132.508419902504, 15270.927236992911, 15387.143802402805, 15480.69086598548]}, "1": {"freq": [20.0, 68.00000004249999, 116.00000061625, 164.00000102500002, 212.0000017225, 260.00000121875, 308.00000413875006, 356.00000178, 404.00000404, 452.00000113000004, 500.0, 548.0000054800001, 596.0000018625001, 644.0000128800003, 692.0000309237514, 740.0000127187502, 788.0000398925021, 836.0000428450022, 884.0000005525001, 932.0000393187518, 980.0000367500014, 1028.000071638755], "ampl": [641.9975552918763, 3219.5524372922832, 6093.622539220023, 8715.014234824988, 10993.569716158056, 12903.15683927061, 14483.178065926359, 15771.531348667697, 16816.260884691896, 17668.401521299504, 18353.989572779556, 18915.786485940367, 19372.826599194763, 19746.016025511715, 20051.76723475491, 20298.763512098223, 20511.511328951117, 20664.712921585535, 20792.09712347455, 20894.350496972227, 20970.523946161888, 21029.217855939427]}, "2": {"freq": [20.0, 68.00000004249999, 116.00000061625, 164.00000102500002, 212.0000017225, 260.00000121875, 308.00000413875006, 356.00000178, 404.00000404, 452.00000113000004, 500.0, 548.0000054800001, 596.0000018625001, 644.0000128800003, 692.0000309237514, 740.0000127187502, 788.0000398925021, 836.0000428450022, 884.0000005525001, 932.0000393187518, 980.0000367500014, 1028.000071638755], "ampl": [674.6950466918004, 3373.100644653319, 6376.697655852443, 9113.562044872997, 11488.456287044453, 13477.478301785175, 15121.17650323729, 16455.104476133576, 17535.898241535266, 18415.791334143698, 19123.11493769241, 19699.148055583257, 20166.995837605988, 20548.85275483521, 20860.0968284977, 21111.921825290505, 21326.593477875947, 21478.2308657762, 21608.40511736813, 21710.34584960071, 21785.65807449625, 21840.817248149146]}, "3": {"freq": [20.0, 68.00000004249999, 116.00000061625, 164.00000102500002, 212.0000017225, 260.00000121875, 308.00000413875006, 356.00000178, 404.00000404, 452.00000113000004, 500.0, 548.0000054800001, 596.0000018625001, 644.0000128800003, 692.0000309237514, 740.0000127187502, 788.0000398925021, 836.0000428450022, 884.0000005525001, 932.0000393187518, 980.0000367500014, 1028.000071638755], "ampl": [669.0887794935737, 3359.2749548725183, 6348.307931783224, 9067.4300117982, 11422.446214362946, 13388.187971274181, 15009.725324002082, 16323.296768848084, 17384.86708829845, 18247.955185732742, 18939.540992845916, 19502.07180939696, 19959.80298656354, 20330.96619119405, 20636.623463479962, 20880.566851746313, 21086.43927204989, 21234.287856411833, 21361.21673041168, 21456.954239634735, 21529.24383879967, 21584.291180165907]}, "4": {"freq": [20.0, 68.00000004249999, 116.00000061625, 164.00000102500002, 212.0000017225, 260.00000121875, 308.00000413875006, 356.00000178, 404.00000404, 452.00000113000004, 500.0, 548.0000054800001, 596.0000018625001, 644.0000128800003, 692.0000309237514, 740.0000127187502, 788.0000398925021, 836.0000428450022, 884.0000005525001, 932.0000393187518, 980.0000367500014, 1028.000071638755], "ampl": [372.2606214905288, 1757.262423239947, 3386.8442485516143, 4972.730445781494, 6447.911043645064, 7777.220835462386, 8955.953268071285, 9983.235652281108, 10869.501351341807, 11633.06280320547, 12279.562113527276, 12834.256818398479, 13302.819393470327, 13701.469597783607, 14040.092619012852, 14324.608144939371, 14575.153461055304, 14772.313823333754, 14945.601696900634, 15089.176958096343, 15206.380521574834, 15302.87841304843]}, "5": {"freq": [20.0, 68.00000004249999, 116.00000061625, 164.00000102500002, 212.0000017225, 260.00000121875, 308.00000413875006, 356.00000178, 404.00000404, 452.00000113000004, 500.0, 548.0000054800001, 596.0000018625001, 644.0000128800003, 692.0000309237514, 740.0000127187502, 788.0000398925021, 836.0000428450022, 884.0000005525001, 932.0000393187518, 980.0000367500014, 1028.000071638755], "ampl": [653.1971712281866, 3290.955117048819, 6229.130849142794, 8910.190846153126, 11239.894540827578, 13192.824947432575, 14809.932707471007, 16124.310174885792, 17191.253789684582, 18065.031859983694, 18763.091022117445, 19336.424081866415, 19800.883074283058, 20183.287733167224, 20495.349071605677, 20745.42066693303, 20961.833910787358, 21115.895342408712, 21248.901818360846, 21351.59174806208, 21429.761138917936, 21486.54494282831]}, "6": {"freq": [20.0, 68.00000004249999, 116.00000061625, 164.00000102500002, 212.0000017225, 260.00000121875, 308.00000413875006, 356.00000178, 404.00000404, 452.00000113000004, 500.0, 548.0000054800001, 596.0000018625001, 644.0000128800003, 692.0000309237514, 740.0000127187502, 788.0000398925021, 836.0000428450022, 884.0000005525001, 932.0000393187518, 980.0000367500014, 1028.000071638755], "ampl": [663.1864983671961, 3311.5714121853484, 6258.690103906353, 8940.938214400601, 11266.628282988473, 13210.40121685719, 14817.716624229328, 16118.766799651847, 17172.123866359154, 18029.298630180874, 18716.13184750716, 19277.621574751225, 19731.929170792413, 20099.644923757587, 20403.14878648436, 20644.838881582134, 20851.474282595664, 21000.537202230735, 21127.373292797187, 21225.975312741317, 21297.75473452609, 21351.045371962253]}, "7": {"freq": [20.0, 68.00000004249999, 116.00000061625, 164.00000102500002, 212.0000017225, 260.00000121875, 308.00000413875006, 356.00000178, 404.00000404, 452.00000113000004, 500.0, 548.0000054800001, 596.0000018625001, 644.0000128800003, 692.0000309237514, 740.0000127187502, 788.0000398925021, 836.0000428450022, 884.0000005525001, 932.0000393187518, 980.0000367500014, 1028.000071638755], "ampl": [671.1814743703093, 3349.5139390658296, 6322.689525136285, 9025.915254341222, 11366.684320370308, 13321.484127123655, 14934.610446000435, 16239.237050234276, 17294.788678299232, 18150.801790680434, 18839.899806117075, 19398.948199070826, 19853.008616952015, 20220.270151901983, 20522.211906075907, 20764.029031197766, 20968.318283582306, 21117.194535413986, 21243.132973250013, 21339.327715627307, 21411.357519731726, 21463.74881383111]}, "wireSegments": null, "apaChannels": null, "measuredBy": null, "stage": null, "apaUuid": null, "layer": null, "headboardNum": null, "side": null}