{"0": {"freq": [20.0, 68.00000004249999, 116.00000061625, 164.00000102500002, 212.0000017225, 260.00000121875, 308.00000413875006, 356.00000178, 404.00000404, 452.00000113000004, 500.0, 548.0000054800001, 596.0000018625001, 644.0000128800003, 692.0000309237514, 740.0000127187502, 788.0000398925021, 836.0000428450022, 884.0000005525001, 932.0000393187518, 980.0000367500014, 1028.000071638755], "ampl": [668.4515058975566, 3360.8851741175254, 6353.754546419584, 9088.962679256034, 11460.165377228688, 13462.529073375867, 15114.132899312757, 16458.470967172838, 17553.73408045594, 18439.315536233924, 19155.88407136264, 19737.819398851803, 20214.585274370762, 20605.302457332607, 20916.600847995494, 21172.97919037097, 21389.465122750655, 21545.323462997367, 21676.28769754676, 21781.894002161436, 21863.317298150912, 21930.407979664466]}, "1": {"freq": [20.0, 68.00000004249999, 116.00000061625, 164.00000102500002, 212.0000017225, 260.00000121875, 308.00000413875006, 356.00000178, 404.00000404, 452.00000113000004, 500.0, 548.0000054800001, 596.0000018625001, 644.0000128800003, 692.0000309237514, 740.0000127187502, 788.0000398925021, 836.0000428450022, 884.0000005525001, 932.0000393187518, 980.0000367500014, 1028.000071638755], "ampl": [662.8292158412744, 3283.585677194514, 6200.08071793357, 8875.47126981987, 11203.482149654528, 13175.654221772927, 14807.929987612531, 16143.402067369569, 17232.597904981096, 18119.10133795285, 18837.4735521151, 19422.09525194501, 19902.535745100697, 20295.013700439362, 20612.60812219981, 20872.612198923274, 21092.685026873365, 21251.929921104253, 21386.759362722823, 21495.4397972051, 21580.859195400437, 21651.392153839082]}, "2": {"freq": [20.0, 68.00000004249999, 116.00000061625, 164.00000102500002, 212.0000017225, 260.00000121875, 308.00000413875006, 356.00000178, 404.00000404, 452.00000113000004, 500.0, 548.0000054800001, 596.0000018625001, 644.0000128800003, 692.0000309237514, 740.0000127187502, 788.0000398925021, 836.0000428450022, 884.0000005525001, 932.0000393187518, 980.0000367500014, 1028.000071638755], "ampl": [676.3929487789816, 3411.3759357563868, 6442.624657684757, 9206.10559409294, 11596.119531525364, 13606.665011190566, 15256.124684387101, 16601.087897670648, 17688.850157568082, 18573.877007841118, 19285.557249166017, 19862.473853593325, 20338.137197775024, 20723.86565323292, 21035.045291955907, 21288.59266861065, 21502.667922595516, 21656.839331680938, 21787.19553658245, 21890.477213112037, 21971.49841972768, 22037.229705557784]}, "3": {"freq": [20.0, 68.00000004249999, 116.00000061625, 164.00000102500002, 212.0000017225, 260.00000121875, 308.00000413875006, 356.00000178, 404.00000404, 452.00000113000004, 500.0, 548.0000054800001, 596.0000018625001, 644.0000128800003, 692.0000309237514, 740.0000127187502, 788.0000398925021, 836.0000428450022, 884.0000005525001, 932.0000393187518, 980.0000367500014, 1028.000071638755], "ampl": [348.5158967996621, 1695.438241419768, 3281.90644738386, 4826.056725066149, 6256.462618460223, 7552.587487481487, 8703.556463493493, 9707.833660834915, 10579.268008852736, 11328.141494498579, 11966.316868760527, 12514.90061832361, 12980.664586195853, 13378.725777835218, 13714.365649948486, 13999.001479564671, 14247.483010950406, 14444.646129688754, 14614.559407911613, 14759.66806299674, 14881.903786506771, 14987.703590276693]}, "4": {"freq": [20.0, 68.00000004249999, 116.00000061625, 164.00000102500002, 212.0000017225, 260.00000121875, 308.00000413875006, 356.00000178, 404.00000404, 452.00000113000004, 500.0, 548.0000054800001, 596.0000018625001, 644.0000128800003, 692.0000309237514, 740.0000127187502, 788.0000398925021, 836.0000428450022, 884.0000005525001, 932.0000393187518, 980.0000367500014, 1028.000071638755], "ampl": [662.539697524225, 3312.652272906255, 6248.800789000619, 8939.402693065964, 11280.553448791512, 13263.17809402735, 14904.304949411293, 16246.456699277274, 17340.87800463784, 18231.48205592892, 18953.015256632178, 19541.403523798068, 20025.990580651873, 20418.809964604454, 20736.724714709642, 20997.670935839466, 21216.726005398712, 21379.407296204314, 21512.10234560505, 21622.977984663477, 21706.628393414314, 21778.52345715309]}, "5": {"freq": [20.0, 68.00000004249999, 116.00000061625, 164.00000102500002, 212.0000017225, 260.00000121875, 308.00000413875006, 356.00000178, 404.00000404, 452.00000113000004, 500.0, 548.0000054800001, 596.0000018625001, 644.0000128800003, 692.0000309237514, 740.0000127187502, 788.0000398925021, 836.0000428450022, 884.0000005525001, 932.0000393187518, 980.0000367500014, 1028.000071638755], "ampl": [661.1504925848992, 3318.0661521196557, 6274.923261715163, 8985.613064098725, 11340.209076101988, 13333.328809650673, 14983.500740127205, 16332.068508695591, 17432.00940057931, 18326.01376215149, 19049.446517026066, 19639.563796844468, 20125.957122833097, 20521.17510395328, 20839.0874949528, 21101.06998302871, 21323.569487732464, 21486.92049543167, 21621.196705864815, 21731.965836163854, 21817.205259557202, 21887.768336831068]}, "6": {"freq": [20.0, 68.00000004249999, 116.00000061625, 164.00000102500002, 212.0000017225, 260.00000121875, 308.00000413875006, 356.00000178, 404.00000404, 452.00000113000004, 500.0, 548.0000054800001, 596.0000018625001, 644.0000128800003, 692.0000309237514, 740.0000127187502, 788.0000398925021, 836.0000428450022, 884.0000005525001, 932.0000393187518, 980.0000367500014, 1028.000071638755], "ampl": [662.2970803296707, 3325.736381997443, 6281.779707420057, 8975.480944936948, 11305.33216707206, 13262.662751287124, 14871.392354178868, 16180.604821416697, 17242.092136971878, 18100.74887243475, 18795.752833591396, 19359.02303762601, 19820.253946532288, 20194.214619196817, 20493.473823034852, 20742.90317047004, 20950.8977557756, 21101.432347166992, 21225.281409051626, 21325.777018311546, 21405.52135904866, 21468.756101756553]}, "7": {"freq": [20.0, 68.00000004249999, 116.00000061625, 164.00000102500002, 212.0000017225, 260.00000121875, 308.00000413875006, 356.00000178, 404.00000404, 452.00000113000004, 500.0, 548.0000054800001, 596.0000018625001, 644.0000128800003, 692.0000309237514, 740.0000127187502, 788.0000398925021, 836.0000428450022, 884.0000005525001, 932.0000393187518, 980.0000367500014, 1028.000071638755], "ampl": [360.03771686249627, 1723.5319826450445, 3325.3236969483614, 4884.711999798388, 6329.338009659877, 7636.266748621902, 8797.830941743567, 9809.550624195248, 10688.430525061789, 11443.400457337186, 12087.215671225369, 12638.308311611667, 13109.316933871252, 13509.438402049582, 13843.709221193329, 14130.637887119436, 14381.61510427755, 14580.182799182321, 14751.750789014379, 14898.115620668777, 15020.039209947945, 15125.12202428371]}, "wireSegments": null, "apaChannels": null, "measuredBy": null, "stage": null, "apaUuid": null, "layer": null, "headboardNum": null, "side": null}