{"0": {"freq": [20.0, 68.00000004249999, 116.00000061625, 164.00000102500002, 212.0000017225, 260.00000121875, 308.00000413875006, 356.00000178, 404.00000404, 452.00000113000004, 500.0, 548.0000054800001, 596.0000018625001, 644.0000128800003, 692.0000309237514, 740.0000127187502, 788.0000398925021, 836.0000428450022, 884.0000005525001, 932.0000393187518, 980.0000367500014, 1028.000071638755], "ampl": [380.3253210999801, 1821.9955970000055, 3520.7372238086705, 5159.918685219705, 6660.208240242556, 7994.8126614666335, 9158.116237129712, 10170.009349888773, 11008.800699058578, 11730.167898917962, 12336.07379428966, 12845.755129137917, 13275.19591433777, 13636.745324382324, 13940.196593025237, 14191.05803215261, 14407.623686458215, 14582.788338403965, 14729.346931577968, 14854.291658654218, 14954.51970050086, 15037.184136708403]}, "1": {"freq": [20.0, 68.00000004249999, 116.00000061625, 164.00000102500002, 212.0000017225, 260.00000121875, 308.00000413875006, 356.00000178, 404.00000404, 452.00000113000004, 500.0, 548.0000054800001, 596.0000018625001, 644.0000128800003, 692.0000309237514, 740.0000127187502, 788.0000398925021, 836.0000428450022, 884.0000005525001, 932.0000393187518, 980.0000367500014, 1028.000071638755], "ampl": [651.9394030605772, 3309.1756099713202, 6291.024323129983, 9006.582935541108, 11350.794285325623, 13313.476092411007, 14922.638741929655, 16249.702883076547, 17285.750659320907, 18142.67198107518, 18827.744626326457, 19388.374966323045, 19840.331349899887, 20206.420588464956, 20512.105003401866, 20750.62675718804, 20951.401231976914, 21106.41475472961, 21231.412296769264, 21328.12168867777, 21404.15463792972, 21457.09694833592]}, "2": {"freq": [20.0, 68.00000004249999, 116.00000061625, 164.00000102500002, 212.0000017225, 260.00000121875, 308.00000413875006, 356.00000178, 404.00000404, 452.00000113000004, 500.0, 548.0000054800001, 596.0000018625001, 644.0000128800003, 692.0000309237514, 740.0000127187502, 788.0000398925021, 836.0000428450022, 884.0000005525001, 932.0000393187518, 980.0000367500014, 1028.000071638755], "ampl": [668.2746194783599, 3393.992017470349, 6460.217049742108, 9257.74923948958, 11679.289192843211, 13711.032127848239, 15376.738047325967, 16755.811967299047, 17831.264793376085, 18725.340994618226, 19437.108205540702, 20020.612269546145, 20489.81894104994, 20874.023471342647, 21190.339047594836, 21439.168393618813, 21650.79187657157, 21810.60097162684, 21940.568381914083, 22044.681719967055, 22121.09733090842, 22177.722385703524]}, "3": {"freq": [20.0, 68.00000004249999, 116.00000061625, 164.00000102500002, 212.0000017225, 260.00000121875, 308.00000413875006, 356.00000178, 404.00000404, 452.00000113000004, 500.0, 548.0000054800001, 596.0000018625001, 644.0000128800003, 692.0000309237514, 740.0000127187502, 788.0000398925021, 836.0000428450022, 884.0000005525001, 932.0000393187518, 980.0000367500014, 1028.000071638755], "ampl": [666.5978272008174, 3385.7793146068634, 6435.146568661551, 9211.5799637609, 11605.068558596824, 13608.900538601714, 15247.008842294363, 16596.183688625322, 17650.150009508325, 18518.599094196772, 19211.850207370222, 19777.522443986687, 20235.588024340304, 20606.684866603206, 20912.793298316967, 21152.728969042608, 21354.99808994496, 21507.712922064806, 21632.17404006939, 21730.137669161377, 21804.44108290488, 21857.419946559323]}, "4": {"freq": [20.0, 68.00000004249999, 116.00000061625, 164.00000102500002, 212.0000017225, 260.00000121875, 308.00000413875006, 356.00000178, 404.00000404, 452.00000113000004, 500.0, 548.0000054800001, 596.0000018625001, 644.0000128800003, 692.0000309237514, 740.0000127187502, 788.0000398925021, 836.0000428450022, 884.0000005525001, 932.0000393187518, 980.0000367500014, 1028.000071638755], "ampl": [0.9043570380948464, 15.877473593441644, 30.844352914970326, 47.589169267701536, 64.12789224789216, 78.12504135037321, 95.45844600314116, 110.93738337063031, 126.97312695570349, 142.39388028351638, 158.16894291126982, 173.35522211518176, 190.16864604732336, 203.9161309150239, 219.22388762540294, 233.82451620842872, 247.8273385642655, 262.0297427476771, 277.32968463390563, 290.6603271897992, 303.12371246211234, 316.45939334112325]}, "5": {"freq": [20.0, 68.00000004249999, 116.00000061625, 164.00000102500002, 212.0000017225, 260.00000121875, 308.00000413875006, 356.00000178, 404.00000404, 452.00000113000004, 500.0, 548.0000054800001, 596.0000018625001, 644.0000128800003, 692.0000309237514, 740.0000127187502, 788.0000398925021, 836.0000428450022, 884.0000005525001, 932.0000393187518, 980.0000367500014, 1028.000071638755], "ampl": [1.885305971273114, 16.675492299128308, 33.42045500790906, 48.93529742859927, 64.66870434660427, 79.29527581223365, 94.47878159705185, 109.6207812897314, 123.41059870044668, 139.47457112000006, 153.04679134205162, 166.34320960187532, 180.85985479808437, 194.5015934152948, 207.43001312480337, 220.17026251279594, 234.20282725418338, 247.4333208973586, 259.6057662735638, 272.27054840078586, 284.9344954148096, 295.77260017166594]}, "6": {"freq": [20.0, 68.00000004249999, 116.00000061625, 164.00000102500002, 212.0000017225, 260.00000121875, 308.00000413875006, 356.00000178, 404.00000404, 452.00000113000004, 500.0, 548.0000054800001, 596.0000018625001, 644.0000128800003, 692.0000309237514, 740.0000127187502, 788.0000398925021, 836.0000428450022, 884.0000005525001, 932.0000393187518, 980.0000367500014, 1028.000071638755], "ampl": [1.7955591708983734, 17.99477543342444, 33.82681430672594, 49.81210268887969, 66.32867943185727, 80.14756154579037, 95.44119107753019, 110.5058978622105, 125.71900542760183, 140.40771757697604, 154.36764350503643, 169.33957654497772, 182.81186763361518, 196.85556208070045, 210.27028781997967, 223.1407540692639, 236.80976252263014, 250.27654803708893, 262.88474532170466, 274.72591273370136, 286.42471274988895, 298.89768800429647]}, "7": {"freq": [20.0, 68.00000004249999, 116.00000061625, 164.00000102500002, 212.0000017225, 260.00000121875, 308.00000413875006, 356.00000178, 404.00000404, 452.00000113000004, 500.0, 548.0000054800001, 596.0000018625001, 644.0000128800003, 692.0000309237514, 740.0000127187502, 788.0000398925021, 836.0000428450022, 884.0000005525001, 932.0000393187518, 980.0000367500014, 1028.000071638755], "ampl": [2.5959812909548856, 21.404197362681572, 41.56447078981083, 60.322961555033956, 80.09063338827994, 98.11691784421618, 118.17302212241458, 136.23164769994875, 154.72416197740978, 173.66599696141884, 189.99087725926387, 208.57308386717213, 225.15869989276004, 242.48009524901863, 259.07780658144867, 275.13676046897643, 292.0713497448281, 307.45272483096267, 322.5332872924449, 338.3077161831719, 353.75863601365654, 367.0409506173748]}, "wireSegments": null, "apaChannels": null, "measuredBy": null, "stage": null, "apaUuid": null, "layer": null, "headboardNum": null, "side": null}