{"0": {"freq": [20.0, 68.00000004249999, 116.00000061625, 164.00000102500002, 212.0000017225, 260.00000121875, 308.00000413875006, 356.00000178, 404.00000404, 452.00000113000004, 500.0, 548.0000054800001, 596.0000018625001, 644.0000128800003, 692.0000309237514, 740.0000127187502, 788.0000398925021, 836.0000428450022, 884.0000005525001, 932.0000393187518, 980.0000367500014, 1028.000071638755], "ampl": [671.8606123375217, 3406.0460944492174, 6479.2550307160855, 9282.12109529374, 11708.603935650219, 13743.635570661958, 15414.892469153243, 16771.25169992393, 17867.810614153714, 18758.947643600648, 19473.537012057095, 20055.7433264599, 20524.54467513246, 20907.960472297873, 21222.36354351131, 21475.590193708842, 21673.89454050766, 21844.871320914935, 21973.206697684313, 22074.05917715267, 22148.727211337125, 22220.54334610208]}, "1": {"freq": [20.0, 68.00000004249999, 116.00000061625, 164.00000102500002, 212.0000017225, 260.00000121875, 308.00000413875006, 356.00000178, 404.00000404, 452.00000113000004, 500.0, 548.0000054800001, 596.0000018625001, 644.0000128800003, 692.0000309237514, 740.0000127187502, 788.0000398925021, 836.0000428450022, 884.0000005525001, 932.0000393187518, 980.0000367500014, 1028.000071638755], "ampl": [669.3969690656062, 3371.0836769878506, 6409.254013281274, 9183.308647184294, 11584.316654674245, 13601.23592980738, 15258.761893188577, 16606.37235258855, 17693.99921560493, 18579.202152675123, 19295.285945848565, 19875.48575008567, 20343.508796233997, 20729.104122151275, 21041.62746994745, 21295.14791967918, 21494.587514730916, 21664.938708971313, 21795.757467902946, 21897.387895651806, 21974.5589566011, 22048.687649960808]}, "2": {"freq": [20.0, 68.00000004249999, 116.00000061625, 164.00000102500002, 212.0000017225, 260.00000121875, 308.00000413875006, 356.00000178, 404.00000404, 452.00000113000004, 500.0, 548.0000054800001, 596.0000018625001, 644.0000128800003, 692.0000309237514, 740.0000127187502, 788.0000398925021, 836.0000428450022, 884.0000005525001, 932.0000393187518, 980.0000367500014, 1028.000071638755], "ampl": [669.1064662791144, 3399.179977045911, 6468.654359692295, 9272.7521126558, 11703.523018907938, 13743.270912348911, 15417.794642181521, 16779.454660898085, 17879.6648358588, 18776.039522469782, 19499.070016467493, 20086.34797353191, 20560.661035946632, 20948.495055801104, 21266.417785327267, 21519.831407403934, 21723.982868993025, 21893.503347830203, 22027.179259366858, 22129.78654947284, 22206.41448752605, 22280.22028856924]}, "3": {"freq": [20.0, 68.00000004249999, 116.00000061625, 164.00000102500002, 212.0000017225, 260.00000121875, 308.00000413875006, 356.00000178, 404.00000404, 452.00000113000004, 500.0, 548.0000054800001, 596.0000018625001, 644.0000128800003, 692.0000309237514, 740.0000127187502, 788.0000398925021, 836.0000428450022, 884.0000005525001, 932.0000393187518, 980.0000367500014, 1028.000071638755], "ampl": [362.59200954223536, 1761.3425990568503, 3430.7819582588386, 5051.710096529634, 6552.516730871573, 7901.365005834127, 9090.064998827598, 10123.102113053184, 11010.69903463368, 11773.201502927424, 12422.891432994616, 12975.337542752031, 13442.34981450968, 13841.468166289926, 14179.228801000121, 14462.186209504325, 14699.894507772678, 14906.814932396408, 15077.27643030256, 15223.465729256126, 15338.963940403817, 15447.485420298468]}, "4": {"freq": [20.0, 68.00000004249999, 116.00000061625, 164.00000102500002, 212.0000017225, 260.00000121875, 308.00000413875006, 356.00000178, 404.00000404, 452.00000113000004, 500.0, 548.0000054800001, 596.0000018625001, 644.0000128800003, 692.0000309237514, 740.0000127187502, 788.0000398925021, 836.0000428450022, 884.0000005525001, 932.0000393187518, 980.0000367500014, 1028.000071638755], "ampl": [1.3268209630913406, 16.51363760858716, 32.942663081537816, 49.96719397026803, 65.141279875013, 81.53065454602111, 98.55259874640677, 114.45137946169073, 131.76922990669996, 147.21764378610382, 162.27486438996152, 177.976196096819, 195.51104962579257, 210.30612431843645, 226.0407666118707, 240.52248035485215, 255.1942731333413, 270.90474608939155, 285.15178466093266, 299.53190368078157, 313.4445301486612, 327.5364192664261]}, "5": {"freq": [20.0, 68.00000004249999, 116.00000061625, 164.00000102500002, 212.0000017225, 260.00000121875, 308.00000413875006, 356.00000178, 404.00000404, 452.00000113000004, 500.0, 548.0000054800001, 596.0000018625001, 644.0000128800003, 692.0000309237514, 740.0000127187502, 788.0000398925021, 836.0000428450022, 884.0000005525001, 932.0000393187518, 980.0000367500014, 1028.000071638755], "ampl": [2.249079897759218, 17.18479143149015, 33.474029055397764, 48.14916170324495, 62.54230241836634, 78.73372687290893, 94.26463772079936, 108.80468705186192, 125.14070652622873, 137.21296301468664, 152.045906207747, 166.43940951615056, 180.9192408165969, 194.08050861318296, 207.38668123518215, 221.29296058210497, 234.38584195229376, 247.29808331493422, 257.8003883968628, 272.8916149912426, 283.76488587237765, 296.94902604627754]}, "6": {"freq": [20.0, 68.00000004249999, 116.00000061625, 164.00000102500002, 212.0000017225, 260.00000121875, 308.00000413875006, 356.00000178, 404.00000404, 452.00000113000004, 500.0, 548.0000054800001, 596.0000018625001, 644.0000128800003, 692.0000309237514, 740.0000127187502, 788.0000398925021, 836.0000428450022, 884.0000005525001, 932.0000393187518, 980.0000367500014, 1028.000071638755], "ampl": [2.562446765969469, 17.5257582655572, 34.5781116085282, 49.753429415977784, 65.23448035856404, 81.4464539179845, 95.06238749683627, 110.88104695473801, 126.27825335146036, 141.0937423656167, 154.7093291081886, 169.31641376319683, 182.0297491544483, 197.606271020801, 211.44831775137905, 223.2967810898917, 236.26243091962073, 250.35501735326253, 262.30243285955015, 274.18489688799843, 287.3604521923104, 299.0091827250071]}, "7": {"freq": [20.0, 68.00000004249999, 116.00000061625, 164.00000102500002, 212.0000017225, 260.00000121875, 308.00000413875006, 356.00000178, 404.00000404, 452.00000113000004, 500.0, 548.0000054800001, 596.0000018625001, 644.0000128800003, 692.0000309237514, 740.0000127187502, 788.0000398925021, 836.0000428450022, 884.0000005525001, 932.0000393187518, 980.0000367500014, 1028.000071638755], "ampl": [1.523093262038719, 20.7370870808756, 40.7111280160841, 60.14787031999778, 79.57273647913644, 97.88950073844393, 116.3848423806575, 134.98053329112338, 154.26127854118704, 172.72924106264298, 191.02454136155396, 207.77974622065847, 225.3464184568735, 241.8175814232233, 259.71725849181416, 275.00782196868084, 291.92724852370355, 309.4130766330207, 323.6616833007899, 339.0354297825582, 352.82207738866117, 368.99234120152204]}, "wireSegments": null, "apaChannels": null, "measuredBy": null, "stage": null, "apaUuid": null, "layer": null, "headboardNum": null, "side": null}