{"scanEndMode": 0, "0": {"freq": [100.0, 150.0000005859375, 200.0, 250.0, 300.0000046875001, 350.0000054687501, 400.0, 450.0000070312501, 500.0, 550.0000064453126, 600.0000093750002, 650.0000228515634, 700.0000109375002, 750.0000292968762, 800.0, 850.0000298828136, 900.0000140625002, 950.0000148437501, 1000.0], "ampl": [3753.2563630905374, 5542.622747362253, 7134.587480835147, 8525.790630810652, 9717.328329833796, 10724.969258833376, 11569.607696176728, 12277.623542148911, 12867.570449184193, 13353.731227844091, 13766.538881265433, 14104.414329037007, 14381.6248557675, 14621.80169202669, 14798.411965793899, 14961.348972369868, 15094.30053748501, 15193.522187502509, 15284.004163826965]}, "1": {"freq": [100.0, 150.0000005859375, 200.0, 250.0, 300.0000046875001, 350.0000054687501, 400.0, 450.0000070312501, 500.0, 550.0000064453126, 600.0000093750002, 650.0000228515634, 700.0000109375002, 750.0000292968762, 800.0, 850.0000298828136, 900.0000140625002, 950.0000148437501, 1000.0], "ampl": [3395.5018816627685, 5040.807405211044, 6530.372524154908, 7854.960534583796, 9010.392636147939, 10004.577869112858, 10852.884876408976, 11573.79080918678, 12182.662268043623, 12693.84953009691, 13129.065091659977, 13492.092841225553, 13794.645011301367, 14058.214227934062, 14254.779197626014, 14439.207770661653, 14589.073575745251, 14704.83968262345, 14811.555399821831]}, "2": {"freq": [100.0, 150.0000005859375, 200.0, 250.0, 300.0000046875001, 350.0000054687501, 400.0, 450.0000070312501, 500.0, 550.0000064453126, 600.0000093750002, 650.0000228515634, 700.0000109375002, 750.0000292968762, 800.0, 850.0000298828136, 900.0000140625002, 950.0000148437501, 1000.0], "ampl": [3761.748992307759, 5558.953908711044, 7154.99816772285, 8551.438721001874, 9744.058334223415, 10753.343771815922, 11595.940676540284, 12302.386570583421, 12890.407169646836, 13376.46857725944, 13786.901618542637, 14121.76890122606, 14397.146689967152, 14634.822322523734, 14810.008049772216, 14972.643565612716, 15103.019668831737, 15202.508983759795, 15291.103999526735]}, "3": {"freq": [100.0, 150.0000005859375, 200.0, 250.0, 300.0000046875001, 350.0000054687501, 400.0, 450.0000070312501, 500.0, 550.0000064453126, 600.0000093750002, 650.0000228515634, 700.0000109375002, 750.0000292968762, 800.0, 850.0000298828136, 900.0000140625002, 950.0000148437501, 1000.0], "ampl": [3404.0497604355273, 5056.726363155652, 6554.798706308071, 7889.082162226625, 9054.370313006035, 10060.245963817262, 10918.327036889526, 11650.619846177377, 12268.560928817413, 12787.811515073243, 13231.203183819534, 13599.309813908369, 13909.530235549988, 14175.716304343729, 14377.990957893611, 14567.123337914158, 14720.83896696177, 14839.433360395407, 14948.940654361175]}, "4": {"freq": [100.0, 150.0000005859375, 200.0, 250.0, 300.0000046875001, 350.0000054687501, 400.0, 450.0000070312501, 500.0, 550.0000064453126, 600.0000093750002, 650.0000228515634, 700.0000109375002, 750.0000292968762, 800.0, 850.0000298828136, 900.0000140625002, 950.0000148437501, 1000.0], "ampl": [3733.0206307544586, 5507.761933145186, 7086.768219177051, 8461.895970310046, 9638.70556081686, 10629.659569279436, 11459.00872745161, 12151.784698292835, 12728.316754842564, 13201.849513266776, 13602.65362719453, 13928.093767616518, 14199.16074989972, 14431.147947211506, 14598.596103750795, 14758.57368472624, 14885.807154064505, 14980.854297276243, 15067.745732926114]}, "5": {"freq": [100.0, 150.0000005859375, 200.0, 250.0, 300.0000046875001, 350.0000054687501, 400.0, 450.0000070312501, 500.0, 550.0000064453126, 600.0000093750002, 650.0000228515634, 700.0000109375002, 750.0000292968762, 800.0, 850.0000298828136, 900.0000140625002, 950.0000148437501, 1000.0], "ampl": [3353.261595568779, 4975.551499469482, 6444.871559561046, 7752.094853561087, 8894.309499061437, 9876.676191513396, 10713.944426448868, 11426.817840559846, 12029.93485992285, 12534.631525687886, 12967.896141515404, 13326.270230885362, 13624.211403476225, 13885.677056446671, 14081.916013035221, 14264.167990308533, 14412.327501754613, 14528.280531412918, 14634.523957121053]}, "6": {"freq": [100.0, 150.0000005859375, 200.0, 250.0, 300.0000046875001, 350.0000054687501, 400.0, 450.0000070312501, 500.0, 550.0000064453126, 600.0000093750002, 650.0000228515634, 700.0000109375002, 750.0000292968762, 800.0, 850.0000298828136, 900.0000140625002, 950.0000148437501, 1000.0], "ampl": [3808.196407010638, 5609.735608433698, 7197.9932324333795, 8570.976585115588, 9734.659522507793, 10708.33414372927, 11515.954268356474, 12185.891786827828, 12739.003147364303, 13193.2115571809, 13572.258350718428, 13881.869731236322, 14134.620688515191, 14350.804569740001, 14507.400374424587, 14654.603775790012, 14770.062087264008, 14856.040349529561, 14933.51404485947]}, "7": {"freq": [100.0, 150.0000005859375, 200.0, 250.0, 300.0000046875001, 350.0000054687501, 400.0, 450.0000070312501, 500.0, 550.0000064453126, 600.0000093750002, 650.0000228515634, 700.0000109375002, 750.0000292968762, 800.0, 850.0000298828136, 900.0000140625002, 950.0000148437501, 1000.0], "ampl": [3372.3961223282054, 5003.90417144838, 6472.683999379999, 7773.359082279764, 8899.614638036153, 9866.065207851856, 10682.98802160674, 11376.190274804738, 11958.927800132315, 12444.046114740697, 12857.857131789657, 13201.01487137642, 13484.36467758958, 13731.887498537042, 13913.533782973482, 14085.409826055611, 14223.469182847162, 14332.297004285612, 14430.400754289865]}, "wireSegments": [2, 4, 6, 8, 10, 12, 14, 16, 402, 404, 406, 408, 410, 412, 414, 416, 802, 804, 806, 808, 810, 812, 814, 816], "apaChannels": [2, 4, 6, 8, 10, 12, 14, 16], "measuredBy": "", "stage": "DWA Development", "apaUuid": "continuity100-12", "layer": "U", "headboardNum": "10", "side": "A"}