{"scanEndMode": 0, "0": {"freq": [100.0, 150.0000005859375, 200.0, 250.0, 300.0000046875001, 350.0000054687501, 400.0, 450.0000070312501, 500.0, 550.0000064453126, 600.0000093750002, 650.0000228515634, 700.0000109375002, 750.0000292968762, 800.0, 850.0000298828136, 900.0000140625002, 950.0000148437501, 1000.0], "ampl": [3618.5836968954027, 5354.901048035826, 6912.061145629221, 8277.41264864435, 9453.941909948127, 10461.065643961194, 11300.30321462614, 12013.316914589932, 12606.366450950472, 13107.106546078247, 13530.120015933497, 13870.672113471332, 14157.701259632744, 14394.943017999578, 14601.760913109507, 14765.972100037365, 14903.647112469755, 15008.742156028997, 15097.996775133974]}, "1": {"freq": [100.0, 150.0000005859375, 200.0, 250.0, 300.0000046875001, 350.0000054687501, 400.0, 450.0000070312501, 500.0, 550.0000064453126, 600.0000093750002, 650.0000228515634, 700.0000109375002, 750.0000292968762, 800.0, 850.0000298828136, 900.0000140625002, 950.0000148437501, 1000.0], "ampl": [3454.7114169972374, 5121.502055408174, 6626.71566976697, 7954.257954314223, 9108.0820950303, 10098.814463946015, 10929.826179843987, 11638.108297204384, 12227.648403946987, 12728.408587553475, 13154.771902864051, 13496.323958687053, 13786.577519984377, 14027.988291672316, 14234.761385433332, 14403.00348618232, 14545.088801681899, 14653.471050670698, 14744.22831967485]}, "2": {"freq": [100.0, 150.0000005859375, 200.0, 250.0, 300.0000046875001, 350.0000054687501, 400.0, 450.0000070312501, 500.0, 550.0000064453126, 600.0000093750002, 650.0000228515634, 700.0000109375002, 750.0000292968762, 800.0, 850.0000298828136, 900.0000140625002, 950.0000148437501, 1000.0], "ampl": [3691.236899689, 5455.766919398799, 7036.707153327975, 8419.512946893245, 9609.734829298566, 10623.723587592143, 11466.237984370804, 12179.944101193036, 12775.322583690811, 13273.989764541479, 13696.242020240728, 14033.424418345185, 14320.793561307506, 14555.14946230651, 14759.367138161908, 14920.172136094627, 15058.193373127797, 15161.857774521874, 15248.398813301706]}, "3": {"freq": [100.0, 150.0000005859375, 200.0, 250.0, 300.0000046875001, 350.0000054687501, 400.0, 450.0000070312501, 500.0, 550.0000064453126, 600.0000093750002, 650.0000228515634, 700.0000109375002, 750.0000292968762, 800.0, 850.0000298828136, 900.0000140625002, 950.0000148437501, 1000.0], "ampl": [3455.8882220186324, 5125.105094169736, 6632.305953019813, 7962.65184039484, 9115.89341236624, 10112.357855309638, 10942.985080167839, 11650.977155610586, 12242.052302171396, 12744.870579533792, 13168.851359007556, 13511.182044237908, 13801.520490552748, 14043.694436637019, 14248.89747016468, 14417.03435906064, 14558.550921946242, 14665.199742427563, 14756.315645329456]}, "4": {"freq": [100.0, 150.0000005859375, 200.0, 250.0, 300.0000046875001, 350.0000054687501, 400.0, 450.0000070312501, 500.0, 550.0000064453126, 600.0000093750002, 650.0000228515634, 700.0000109375002, 750.0000292968762, 800.0, 850.0000298828136, 900.0000140625002, 950.0000148437501, 1000.0], "ampl": [3729.1575492441366, 5501.337504808637, 7079.633589414625, 8451.664113839204, 9623.023493539382, 10616.408275554308, 11440.096601048986, 12131.559740825773, 12702.05138380495, 13181.94067738094, 13584.959660590068, 13905.669460355713, 14175.822944802865, 14397.67845111813, 14588.395541123105, 14740.618221864248, 14868.67215497644, 14965.202781996799, 15043.456489711507]}, "5": {"freq": [100.0, 150.0000005859375, 200.0, 250.0, 300.0000046875001, 350.0000054687501, 400.0, 450.0000070312501, 500.0, 550.0000064453126, 600.0000093750002, 650.0000228515634, 700.0000109375002, 750.0000292968762, 800.0, 850.0000298828136, 900.0000140625002, 950.0000148437501, 1000.0], "ampl": [3368.722713008241, 4991.287876374695, 6451.310120957687, 7735.313709929258, 8846.973153213554, 9798.331120119034, 10591.39365516951, 11264.655717574715, 11824.868665697233, 12298.124356487622, 12697.546730363743, 13019.887864017579, 13290.51548986275, 13514.635260071145, 13709.429727401723, 13864.692229014037, 13995.940979208326, 14095.448853846403, 14178.848254372471]}, "6": {"freq": [100.0, 150.0000005859375, 200.0, 250.0, 300.0000046875001, 350.0000054687501, 400.0, 450.0000070312501, 500.0, 550.0000064453126, 600.0000093750002, 650.0000228515634, 700.0000109375002, 750.0000292968762, 800.0, 850.0000298828136, 900.0000140625002, 950.0000148437501, 1000.0], "ampl": [3736.3244942868982, 5497.320332621456, 7047.955380201307, 8381.062505631175, 9513.670607495093, 10470.131905827448, 11255.048113014256, 11913.722211292108, 12460.148980449923, 12920.028462495444, 13305.35922585539, 13615.134017635219, 13874.756915018259, 14089.279391523665, 14275.565086410561, 14422.98234811635, 14549.52892112293, 14644.093267165965, 14720.88449439038]}, "7": {"freq": [100.0, 150.0000005859375, 200.0, 250.0, 300.0000046875001, 350.0000054687501, 400.0, 450.0000070312501, 500.0, 550.0000064453126, 600.0000093750002, 650.0000228515634, 700.0000109375002, 750.0000292968762, 800.0, 850.0000298828136, 900.0000140625002, 950.0000148437501, 1000.0], "ampl": [1997.2070605467347, 3008.6404072551945, 3976.4342240112837, 4882.447985939524, 5718.333258985473, 6477.739411345566, 7155.139694464041, 7761.757140999119, 8296.558749959173, 8766.293673754313, 9180.833601518509, 9532.58069236339, 9839.569994209809, 10106.014582285981, 10340.797347930258, 10539.586086103169, 10713.20437847665, 10855.564915126979, 10979.59876730605]}, "wireSegments": [2, 4, 6, 8, 10, 12, 14, 16], "apaChannels": [16, 14, 12, 10, 8, 6, 4, 2], "measuredBy": "", "stage": "DWA Development", "apaUuid": "continuity100-12", "layer": "X", "headboardNum": "1", "side": "A"}