{"scanEndMode": 0, "0": {"freq": [20.0, 68.00000004249999, 116.00000061625, 164.00000102500002, 212.0000017225, 260.00000121875, 308.00000413875006, 356.00000178, 404.00000404, 452.00000113000004, 500.0, 548.0000054800001, 596.0000018625001, 644.0000128800003, 692.0000309237514, 740.0000127187502, 788.0000398925021, 836.0000428450022, 884.0000005525001, 932.0000393187518, 980.0000367500014, 1028.000071638755], "ampl": [143.1057336763983, 752.7073041725652, 1451.3666412070759, 2124.63970467907, 2754.9550278197285, 3325.221462046738, 3834.7867603812833, 4284.864344667851, 4677.146572973341, 5019.487176605423, 5315.265694782354, 5569.658050955065, 5785.996071913422, 5975.852949717715, 6136.114382867629, 6273.594557661076, 6390.523601598523, 6491.691032398424, 6576.117102803123, 6655.796076890367, 6708.355479260957, 6757.074186558073]}, "1": {"freq": [20.0, 68.00000004249999, 116.00000061625, 164.00000102500002, 212.0000017225, 260.00000121875, 308.00000413875006, 356.00000178, 404.00000404, 452.00000113000004, 500.0, 548.0000054800001, 596.0000018625001, 644.0000128800003, 692.0000309237514, 740.0000127187502, 788.0000398925021, 836.0000428450022, 884.0000005525001, 932.0000393187518, 980.0000367500014, 1028.000071638755], "ampl": [125.65003089314598, 666.3625206343585, 1287.211822445337, 1885.1019317060334, 2449.685708330392, 2966.2188333377235, 3431.115665106933, 3844.645442398755, 4212.40020544222, 4531.777539603899, 4812.122997330563, 5054.960814438311, 5264.394155132521, 5444.880978077059, 5603.196605690882, 5735.684329244408, 5851.067257977475, 5952.273549952394, 6036.372067725858, 6115.658888304926, 6169.3201677938, 6219.269624528807]}, "2": {"freq": [20.0, 68.00000004249999, 116.00000061625, 164.00000102500002, 212.0000017225, 260.00000121875, 308.00000413875006, 356.00000178, 404.00000404, 452.00000113000004, 500.0, 548.0000054800001, 596.0000018625001, 644.0000128800003, 692.0000309237514, 740.0000127187502, 788.0000398925021, 836.0000428450022, 884.0000005525001, 932.0000393187518, 980.0000367500014, 1028.000071638755], "ampl": [143.92268636748318, 757.4367628587715, 1461.11008029087, 2143.6313713721293, 2784.385731791395, 3369.8324503242293, 3894.3266357146545, 4361.107305296524, 4771.598395543974, 5130.758061089637, 5442.395276052724, 5711.925314346266, 5945.903709618958, 6146.750073663175, 6321.047476054463, 6468.518061132106, 6597.629615629406, 6707.486693342352, 6800.591848326619, 6887.533453579496, 6946.698245421852, 7001.716716516285]}, "3": {"freq": [20.0, 68.00000004249999, 116.00000061625, 164.00000102500002, 212.0000017225, 260.00000121875, 308.00000413875006, 356.00000178, 404.00000404, 452.00000113000004, 500.0, 548.0000054800001, 596.0000018625001, 644.0000128800003, 692.0000309237514, 740.0000127187502, 788.0000398925021, 836.0000428450022, 884.0000005525001, 932.0000393187518, 980.0000367500014, 1028.000071638755], "ampl": [125.90203321551455, 672.5975856300835, 1298.8815509938797, 1906.9640832314344, 2477.2267647423914, 2998.9712259773887, 3466.2649029190698, 3882.3988999461776, 4247.885998257099, 4568.0278436364715, 4847.8143681631645, 5088.975823939098, 5297.812212415547, 5478.137412137645, 5632.197405295261, 5766.354510693716, 5880.994061313974, 5980.269663359376, 6063.589336477682, 6145.459146164963, 6193.32638777979, 6244.024853622632]}, "4": {"freq": [], "ampl": []}, "5": {"freq": [], "ampl": []}, "6": {"freq": [], "ampl": []}, "7": {"freq": [], "ampl": []}, "wireSegments": [273, 275, 277, 279, 673, 675, 677, 679, 1073, 1075, 1077, 1079], "apaChannels": [273, 275, 277, 279, null, null, null, null], "measuredBy": "Chris Stanford", "stage": "Installation (Top)", "apaUuid": "43cd3950-268d-11ec-b6f5-a70e70a44436", "layer": "V", "headboardNum": "7", "side": "A"}