{"scanEndMode": 0, "0": {"freq": [100.0, 150.0000005859375, 200.0, 250.0, 300.0000046875001, 350.0000054687501, 400.0, 450.0000070312501, 500.0, 550.0000064453126, 600.0000093750002, 650.0000228515634, 700.0000109375002, 750.0000292968762, 800.0, 850.0000298828136, 900.0000140625002, 950.0000148437501, 1000.0], "ampl": [5302.474537258576, 7680.085113019482, 9672.971678386826, 11289.4674614082, 12588.090869402453, 13617.229608445072, 14428.107142102222, 15067.515076778123, 15579.964733702522, 15981.196866605935, 16297.183330500404, 16551.41840364407, 16754.906540346237, 16912.295178865297, 17039.323447104274, 17141.05059999008, 17207.53061797358, 17267.92997282864, 17303.13735003867]}, "1": {"freq": [100.0, 150.0000005859375, 200.0, 250.0, 300.0000046875001, 350.0000054687501, 400.0, 450.0000070312501, 500.0, 550.0000064453126, 600.0000093750002, 650.0000228515634, 700.0000109375002, 750.0000292968762, 800.0, 850.0000298828136, 900.0000140625002, 950.0000148437501, 1000.0], "ampl": [4906.601849735881, 7152.8472245647745, 9078.743007377, 10673.027752845286, 11978.761109295274, 13034.66420069324, 13882.758213025589, 14559.901226533031, 15109.389855752164, 15546.588084534804, 15895.227433175036, 16177.093112120954, 16405.573058325037, 16587.7345754299, 16733.102806629176, 16852.286334042186, 16934.310463875943, 17008.666343206703, 17056.785367721546]}, "2": {"freq": [100.0, 150.0000005859375, 200.0, 250.0, 300.0000046875001, 350.0000054687501, 400.0, 450.0000070312501, 500.0, 550.0000064453126, 600.0000093750002, 650.0000228515634, 700.0000109375002, 750.0000292968762, 800.0, 850.0000298828136, 900.0000140625002, 950.0000148437501, 1000.0], "ampl": [5297.880708758972, 7672.18779808493, 9663.640858924971, 11276.836249372393, 12572.973030713827, 13600.033872469903, 14409.752616429867, 15044.927372621629, 15553.478153904724, 15957.047844974606, 16272.194429129593, 16523.214093139464, 16727.36530483158, 16884.672241515113, 17010.239616900755, 17111.518519739617, 17176.0386900127, 17237.29192010576, 17272.727107537852]}, "3": {"freq": [100.0, 150.0000005859375, 200.0, 250.0, 300.0000046875001, 350.0000054687501, 400.0, 450.0000070312501, 500.0, 550.0000064453126, 600.0000093750002, 650.0000228515634, 700.0000109375002, 750.0000292968762, 800.0, 850.0000298828136, 900.0000140625002, 950.0000148437501, 1000.0], "ampl": [4872.598163557555, 7110.491437130863, 9028.187909586706, 10619.603611376682, 11920.821728889545, 12975.918325630191, 13819.507903372618, 14494.044781059421, 15043.505327688074, 15480.530630137628, 15828.233416466843, 16110.207499633076, 16338.649161755295, 16520.300407310035, 16666.568212611204, 16786.278553286782, 16866.535960888574, 16941.14647314795, 16990.717995190756]}, "4": {"freq": [100.0, 150.0000005859375, 200.0, 250.0, 300.0000046875001, 350.0000054687501, 400.0, 450.0000070312501, 500.0, 550.0000064453126, 600.0000093750002, 650.0000228515634, 700.0000109375002, 750.0000292968762, 800.0, 850.0000298828136, 900.0000140625002, 950.0000148437501, 1000.0], "ampl": [5286.513046820092, 7646.5247496385455, 9622.196781636369, 11218.07382283311, 12496.703651597827, 13505.745307895442, 14300.824823112409, 14920.241712870009, 15419.534391427755, 15812.123690720658, 16119.526460825946, 16365.327111377466, 16561.57845053101, 16714.511405586767, 16836.587741551604, 16933.748456256195, 16997.214475694152, 17053.319374020524, 17087.352706611666]}, "5": {"freq": [100.0, 150.0000005859375, 200.0, 250.0, 300.0000046875001, 350.0000054687501, 400.0, 450.0000070312501, 500.0, 550.0000064453126, 600.0000093750002, 650.0000228515634, 700.0000109375002, 750.0000292968762, 800.0, 850.0000298828136, 900.0000140625002, 950.0000148437501, 1000.0], "ampl": [4920.236327683271, 7165.53779024182, 9084.4826121521, 10671.94335950937, 11965.70898135338, 13010.298376326866, 13847.785920434573, 14513.318380002374, 15054.366929520094, 15484.083687703385, 15827.005473311678, 16103.235759382176, 16327.802214339676, 16504.78727675517, 16646.812147883815, 16763.85911688558, 16842.368409898943, 16913.655311583534, 16960.24038781467]}, "6": {"freq": [100.0, 150.0000005859375, 200.0, 250.0, 300.0000046875001, 350.0000054687501, 400.0, 450.0000070312501, 500.0, 550.0000064453126, 600.0000093750002, 650.0000228515634, 700.0000109375002, 750.0000292968762, 800.0, 850.0000298828136, 900.0000140625002, 950.0000148437501, 1000.0], "ampl": [5215.732550979467, 7535.978852543316, 9469.825944144295, 11029.268283194668, 12271.982524017101, 13253.792613078536, 14024.85268510771, 14627.501488802807, 15109.892295789323, 15488.176442399272, 15787.442662749407, 16022.65759172033, 16213.332771486474, 16359.73796179057, 16476.60865484541, 16571.166894736016, 16631.557340149553, 16685.748629819234, 16718.833676929553]}, "7": {"freq": [100.0, 150.0000005859375, 200.0, 250.0, 300.0000046875001, 350.0000054687501, 400.0, 450.0000070312501, 500.0, 550.0000064453126, 600.0000093750002, 650.0000228515634, 700.0000109375002, 750.0000292968762, 800.0, 850.0000298828136, 900.0000140625002, 950.0000148437501, 1000.0], "ampl": [2526.2489171228567, 3778.2816227847397, 4943.730207734218, 5994.920840914803, 6939.3400569183805, 7777.234593715387, 8507.27314893563, 9141.351300067756, 9692.644932963078, 10166.350416711968, 10569.172116433214, 10915.49827076639, 11213.414160493836, 11465.89524808255, 11681.931440043154, 11868.080663270715, 12018.091665102505, 12152.955793052248, 12260.131239833732]}, "wireSegments": [1, 3, 5, 7, 9, 11, 13, 15, 401, 403, 405, 407, 409, 411, 413, 415, 801, 803, 805, 807, 809, 811, 813, 815], "apaChannels": [15, 13, 11, 9, 7, 5, 3, 1], "measuredBy": "", "stage": "DWA Development", "apaUuid": "continuity150-12", "layer": "V", "headboardNum": "1", "side": "A"}