{"scanEndMode": 0, "0": {"freq": [20.0, 68.00000004249999, 116.00000061625, 164.00000102500002, 212.0000017225, 260.00000121875, 308.00000413875006, 356.00000178, 404.00000404, 452.00000113000004, 500.0, 548.0000054800001, 596.0000018625001, 644.0000128800003, 692.0000309237514, 740.0000127187502, 788.0000398925021, 836.0000428450022, 884.0000005525001, 932.0000393187518, 980.0000367500014, 1028.000071638755], "ampl": [89.06449581140069, 513.9889552200402, 1002.246512813079, 1485.1392152111857, 1953.0070951496327, 2397.467029614575, 2815.6630425622748, 3205.94528056722, 3564.4568256750863, 3896.911355097368, 4201.326578894323, 4478.36737972271, 4727.695123888258, 4953.6479997034585, 5154.133309557516, 5338.948353462948, 5504.11761670083, 5651.648675351831, 5779.412741083356, 5896.086728179085, 6000.0781932589625, 6090.243374569196]}, "1": {"freq": [20.0, 68.00000004249999, 116.00000061625, 164.00000102500002, 212.0000017225, 260.00000121875, 308.00000413875006, 356.00000178, 404.00000404, 452.00000113000004, 500.0, 548.0000054800001, 596.0000018625001, 644.0000128800003, 692.0000309237514, 740.0000127187502, 788.0000398925021, 836.0000428450022, 884.0000005525001, 932.0000393187518, 980.0000367500014, 1028.000071638755], "ampl": [98.17743745084123, 545.8869235345503, 1065.1991051303216, 1581.7660008547978, 2081.2089540805036, 2558.833537107816, 3009.190719968986, 3429.81617871457, 3815.756257635443, 4178.535388302697, 4508.709446427315, 4810.560857099501, 5084.938890098451, 5334.332845690064, 5558.944423537135, 5760.84319982394, 5940.130566957918, 6106.52627100766, 6248.241107207015, 6379.108355471112, 6494.595258866317, 6596.053007045577]}, "2": {"freq": [20.0, 68.00000004249999, 116.00000061625, 164.00000102500002, 212.0000017225, 260.00000121875, 308.00000413875006, 356.00000178, 404.00000404, 452.00000113000004, 500.0, 548.0000054800001, 596.0000018625001, 644.0000128800003, 692.0000309237514, 740.0000127187502, 788.0000398925021, 836.0000428450022, 884.0000005525001, 932.0000393187518, 980.0000367500014, 1028.000071638755], "ampl": [95.61994353032468, 555.310294827498, 1084.7567958438115, 1607.1453329874523, 2113.6059795661386, 2595.5206777984367, 3046.9807613755097, 3466.0575174183036, 3850.987302106256, 4209.936521500975, 4534.791985610241, 4829.6138762163855, 5097.154258656412, 5339.015014068786, 5556.304284700361, 5753.560277409396, 5924.420454380257, 6083.968971550956, 6220.0955638148735, 6344.723228204736, 6451.893366174544, 6548.546932319644]}, "3": {"freq": [20.0, 68.00000004249999, 116.00000061625, 164.00000102500002, 212.0000017225, 260.00000121875, 308.00000413875006, 356.00000178, 404.00000404, 452.00000113000004, 500.0, 548.0000054800001, 596.0000018625001, 644.0000128800003, 692.0000309237514, 740.0000127187502, 788.0000398925021, 836.0000428450022, 884.0000005525001, 932.0000393187518, 980.0000367500014, 1028.000071638755], "ampl": [76.9796406932922, 437.6905437474822, 858.712612841766, 1278.0722624326045, 1684.5220510104489, 2076.6952815718796, 2445.69579372343, 2792.3303706192582, 3112.131469229604, 3412.327826639039, 3686.7991982414264, 3939.1145916939377, 4171.706764936034, 4380.48446266362, 4570.582466528709, 4742.855484906881, 4896.992699714407, 5038.132431305749, 5161.541307665172, 5272.424875124006, 5371.826423010522, 5460.040336083032]}, "4": {"freq": [20.0, 68.00000004249999, 116.00000061625, 164.00000102500002, 212.0000017225, 260.00000121875, 308.00000413875006, 356.00000178, 404.00000404, 452.00000113000004, 500.0, 548.0000054800001, 596.0000018625001, 644.0000128800003, 692.0000309237514, 740.0000127187502, 788.0000398925021, 836.0000428450022, 884.0000005525001, 932.0000393187518, 980.0000367500014, 1028.000071638755], "ampl": [106.21898546418264, 614.2744815693794, 1195.177335765137, 1769.5554019009728, 2321.7344922407947, 2844.040339089744, 3329.4453626014742, 3778.1454031284543, 4189.506779925781, 4567.785843631141, 4907.123871022387, 5215.425673897208, 5489.385436590061, 5737.668730107293, 5958.435029232012, 6156.135513762486, 6329.08888150092, 6486.302508520865, 6620.760123831988, 6744.186504896864, 6849.696266369606, 6941.195857175638]}, "5": {"freq": [20.0, 68.00000004249999, 116.00000061625, 164.00000102500002, 212.0000017225, 260.00000121875, 308.00000413875006, 356.00000178, 404.00000404, 452.00000113000004, 500.0, 548.0000054800001, 596.0000018625001, 644.0000128800003, 692.0000309237514, 740.0000127187502, 788.0000398925021, 836.0000428450022, 884.0000005525001, 932.0000393187518, 980.0000367500014, 1028.000071638755], "ampl": [16.204279428290786, 102.05890514854653, 200.62711074159097, 299.01203044282806, 398.45654178349633, 494.23477991016523, 590.6756369126208, 684.5628468026827, 774.2503993488114, 863.0500919231466, 948.9232089181323, 1032.3496065423585, 1112.3550439963103, 1187.894434155096, 1262.0402932072107, 1331.253835081651, 1393.553281211324, 1457.3860875797393, 1516.2508864906392, 1569.7370291984626, 1620.7440894592203, 1670.4821506977876]}, "6": {"freq": [20.0, 68.00000004249999, 116.00000061625, 164.00000102500002, 212.0000017225, 260.00000121875, 308.00000413875006, 356.00000178, 404.00000404, 452.00000113000004, 500.0, 548.0000054800001, 596.0000018625001, 644.0000128800003, 692.0000309237514, 740.0000127187502, 788.0000398925021, 836.0000428450022, 884.0000005525001, 932.0000393187518, 980.0000367500014, 1028.000071638755], "ampl": [101.63779440869973, 579.0825695190591, 1128.0711589366674, 1671.3894992105254, 2192.4391346093903, 2686.5788655027627, 3144.9315751143345, 3568.4988858561733, 3953.275858179617, 4308.826319628775, 4626.578904946518, 4914.948579043811, 5170.047836694434, 5402.230027829928, 5605.915214455834, 5788.789878609545, 5950.621399170177, 6095.437514405649, 6220.159717817591, 6333.986566979968, 6431.459672376867, 6515.701313619069]}, "7": {"freq": [20.0, 68.00000004249999, 116.00000061625, 164.00000102500002, 212.0000017225, 260.00000121875, 308.00000413875006, 356.00000178, 404.00000404, 452.00000113000004, 500.0, 548.0000054800001, 596.0000018625001, 644.0000128800003, 692.0000309237514, 740.0000127187502, 788.0000398925021, 836.0000428450022, 884.0000005525001, 932.0000393187518, 980.0000367500014, 1028.000071638755], "ampl": [82.28929561392883, 469.08537129113, 917.6990394215323, 1363.4937704521526, 1795.9090572444914, 2208.205859119564, 2595.6292150957993, 2955.469071854483, 3286.25925160561, 3596.420914902791, 3875.439627159563, 4131.621973075447, 4361.5725334120925, 4572.819351038168, 4762.716941373985, 4931.959115668179, 5081.314410228474, 5218.516647383577, 5337.516128041709, 5445.453224269452, 5540.063411135829, 5622.960776804725]}, "wireSegments": [306, 308, 310, 312, 314, 316, 318, 320], "apaChannels": [306, 308, 310, 312, 314, 316, 318, 320], "measuredBy": "Chris Stanford", "stage": "Installation (Top)", "apaUuid": "43cd3950-268d-11ec-b6f5-a70e70a44436", "layer": "X", "headboardNum": "7", "side": "A"}