{"scanEndMode": 0, "0": {"freq": [20.0, 68.00000004249999, 116.00000061625, 164.00000102500002, 212.0000017225, 260.00000121875, 308.00000413875006, 356.00000178, 404.00000404, 452.00000113000004, 500.0, 548.0000054800001, 596.0000018625001, 644.0000128800003, 692.0000309237514, 740.0000127187502, 788.0000398925021, 836.0000428450022, 884.0000005525001, 932.0000393187518, 980.0000367500014, 1028.000071638755], "ampl": [71.60238538163978, 366.3528597279435, 708.7891646503626, 1050.5040665215256, 1379.2922473368537, 1692.7959777911467, 1985.7057835204791, 2261.564478974598, 2517.68885615076, 2752.3692595685925, 2966.9360098372476, 3162.8647643453996, 3340.6411216091587, 3500.100802093579, 3646.5138676976335, 3776.2350071076803, 3894.1472111215176, 3998.242808065809, 4093.683446565471, 4175.584994593951, 4249.448270004714, 4315.129209531577]}, "1": {"freq": [20.0, 68.00000004249999, 116.00000061625, 164.00000102500002, 212.0000017225, 260.00000121875, 308.00000413875006, 356.00000178, 404.00000404, 452.00000113000004, 500.0, 548.0000054800001, 596.0000018625001, 644.0000128800003, 692.0000309237514, 740.0000127187502, 788.0000398925021, 836.0000428450022, 884.0000005525001, 932.0000393187518, 980.0000367500014, 1028.000071638755], "ampl": [81.40548212526188, 446.12001756176556, 864.1131028194542, 1277.4056557893402, 1673.782833433385, 2050.928937873544, 2404.215721793108, 2730.9750946615777, 3032.913778092368, 3309.1624601164935, 3560.386263864175, 3787.2579849892754, 3994.038672450328, 4179.514151496219, 4345.807602526501, 4495.005399413309, 4627.994407476871, 4746.509639061897, 4853.3240361088865, 4944.852412822793, 5026.032025022876, 5098.904997939472]}, "2": {"freq": [20.0, 68.00000004249999, 116.00000061625, 164.00000102500002, 212.0000017225, 260.00000121875, 308.00000413875006, 356.00000178, 404.00000404, 452.00000113000004, 500.0, 548.0000054800001, 596.0000018625001, 644.0000128800003, 692.0000309237514, 740.0000127187502, 788.0000398925021, 836.0000428450022, 884.0000005525001, 932.0000393187518, 980.0000367500014, 1028.000071638755], "ampl": [72.82117547423648, 380.4483260166958, 740.547267515846, 1100.7762289253167, 1447.7024439557852, 1783.2433938982172, 2099.0093318290924, 2396.613199805693, 2673.2397605311135, 2930.10352061515, 3166.775865999481, 3383.445851147463, 3581.669458535532, 3760.838489278463, 3923.2367273453624, 4070.529486190614, 4204.076051275544, 4323.509085911078, 4431.678958903359, 4526.422033236835, 4610.778418284272, 4685.037558526451]}, "3": {"freq": [20.0, 68.00000004249999, 116.00000061625, 164.00000102500002, 212.0000017225, 260.00000121875, 308.00000413875006, 356.00000178, 404.00000404, 452.00000113000004, 500.0, 548.0000054800001, 596.0000018625001, 644.0000128800003, 692.0000309237514, 740.0000127187502, 788.0000398925021, 836.0000428450022, 884.0000005525001, 932.0000393187518, 980.0000367500014, 1028.000071638755], "ampl": [105.11269868370977, 589.674200827629, 1142.4376285105197, 1689.6453229351887, 2213.57438425047, 2709.0239080140846, 3170.624951627731, 3597.3941172684026, 3989.602421374584, 4346.20425182432, 4668.9318578006605, 4961.993996586477, 5223.194109148093, 5457.005643591664, 5666.920487063341, 5855.30977917419, 6022.838647785921, 6169.704364628418, 6304.476853461805, 6416.3862220523915, 6519.9430995743705, 6607.79189878253]}, "4": {"freq": [20.0, 68.00000004249999, 116.00000061625, 164.00000102500002, 212.0000017225, 260.00000121875, 308.00000413875006, 356.00000178, 404.00000404, 452.00000113000004, 500.0, 548.0000054800001, 596.0000018625001, 644.0000128800003, 692.0000309237514, 740.0000127187502, 788.0000398925021, 836.0000428450022, 884.0000005525001, 932.0000393187518, 980.0000367500014, 1028.000071638755], "ampl": [84.89821603943778, 473.2094064198374, 916.4699291738877, 1360.0680063891034, 1786.169386856364, 2193.961752225002, 2577.504112689683, 2934.6976743387254, 3267.6882225318423, 3574.98440290765, 3854.371430087411, 4110.568445277012, 4345.900253734786, 4555.941014756838, 4746.985240804309, 4918.0304402452075, 5073.544783806415, 5211.290610240929, 5337.439742729783, 5444.984775217014, 5541.661569627499, 5628.9966580927185]}, "5": {"freq": [20.0, 68.00000004249999, 116.00000061625, 164.00000102500002, 212.0000017225, 260.00000121875, 308.00000413875006, 356.00000178, 404.00000404, 452.00000113000004, 500.0, 548.0000054800001, 596.0000018625001, 644.0000128800003, 692.0000309237514, 740.0000127187502, 788.0000398925021, 836.0000428450022, 884.0000005525001, 932.0000393187518, 980.0000367500014, 1028.000071638755], "ampl": [90.63527681945166, 505.3466470820883, 977.5841245367391, 1448.8910966861547, 1901.170277056695, 2332.0821084915897, 2736.577421008677, 3114.405504651472, 3463.9982730205024, 3784.3773350110077, 4076.479443070551, 4346.536054221696, 4589.317037991202, 4806.780724146613, 5003.244652679098, 5179.84745349704, 5340.255058775089, 5482.223004549156, 5610.075809987154, 5719.941287852063, 5818.493185739103, 5906.724379035397]}, "6": {"freq": [20.0, 68.00000004249999, 116.00000061625, 164.00000102500002, 212.0000017225, 260.00000121875, 308.00000413875006, 356.00000178, 404.00000404, 452.00000113000004, 500.0, 548.0000054800001, 596.0000018625001, 644.0000128800003, 692.0000309237514, 740.0000127187502, 788.0000398925021, 836.0000428450022, 884.0000005525001, 932.0000393187518, 980.0000367500014, 1028.000071638755], "ampl": [86.24758075721225, 475.9647373143399, 924.1444228594327, 1369.2726429871739, 1798.8758408605188, 2207.79521031236, 2593.3305804241163, 2950.480612720915, 3282.6677318808233, 3587.8430893681234, 3867.8079427027324, 4122.040460322632, 4353.785944355707, 4561.0535839701615, 4748.368981802319, 4916.9750611725285, 5069.554287252161, 5203.5163713340535, 5326.717126195051, 5430.213356041798, 5525.5729274595815, 5608.987386286637]}, "7": {"freq": [20.0, 68.00000004249999, 116.00000061625, 164.00000102500002, 212.0000017225, 260.00000121875, 308.00000413875006, 356.00000178, 404.00000404, 452.00000113000004, 500.0, 548.0000054800001, 596.0000018625001, 644.0000128800003, 692.0000309237514, 740.0000127187502, 788.0000398925021, 836.0000428450022, 884.0000005525001, 932.0000393187518, 980.0000367500014, 1028.000071638755], "ampl": [91.30168358686036, 511.29593486984356, 993.2682304298339, 1469.1554714150316, 1926.1629941136534, 2359.1845827511183, 2764.585050784585, 3138.9483753384916, 3482.9459092556044, 3798.042416164002, 4085.923777041313, 4344.207235286877, 4578.853753430351, 4788.765383563601, 4977.033719041072, 5146.158862237218, 5296.492184842051, 5430.845027841763, 5550.471949718599, 5653.215871521389, 5744.62123229698, 5826.373758314775]}, "wireSegments": [50, 52, 54, 56, 58, 60, 62, 64], "apaChannels": [50, 52, 54, 56, 58, 60, 62, 64], "measuredBy": "Chris Stanford", "stage": "Installation (Top)", "apaUuid": "43cd3950-268d-11ec-b6f5-a70e70a44436", "layer": "G", "headboardNum": "2", "side": "B"}