{"scanEndMode": 0, "0": {"freq": [20.0, 68.00000004249999, 116.00000061625, 164.00000102500002, 212.0000017225, 260.00000121875, 308.00000413875006, 356.00000178, 404.00000404, 452.00000113000004, 500.0, 548.0000054800001, 596.0000018625001, 644.0000128800003, 692.0000309237514, 740.0000127187502, 788.0000398925021, 836.0000428450022, 884.0000005525001, 932.0000393187518, 980.0000367500014, 1028.000071638755], "ampl": [114.0782271116936, 594.133010503659, 1150.611974512565, 1691.467942145588, 2200.6768801794306, 2668.2819508692264, 3093.658532872415, 3472.012623096758, 3807.9044785750275, 4104.731724163509, 4364.445256092788, 4589.9927444115665, 4787.520467548052, 4957.783659100824, 5105.5307486291185, 5233.913018919547, 5342.988292351117, 5437.5821784123245, 5519.589162796721, 5588.145711502238, 5648.068669561596, 5698.429216812078]}, "1": {"freq": [20.0, 68.00000004249999, 116.00000061625, 164.00000102500002, 212.0000017225, 260.00000121875, 308.00000413875006, 356.00000178, 404.00000404, 452.00000113000004, 500.0, 548.0000054800001, 596.0000018625001, 644.0000128800003, 692.0000309237514, 740.0000127187502, 788.0000398925021, 836.0000428450022, 884.0000005525001, 932.0000393187518, 980.0000367500014, 1028.000071638755], "ampl": [110.18034788913135, 584.4608546276661, 1126.8963177685275, 1653.854463341317, 2146.0282092204548, 2597.948065220497, 3006.8652998677953, 3367.7714979406264, 3687.696558910888, 3967.207873752544, 4214.334971926102, 4428.143361911569, 4612.473893790904, 4771.821089687668, 4910.001570550326, 5029.876906654529, 5130.238830799531, 5221.5159802016215, 5295.318577654341, 5359.461657139916, 5413.9945363229635, 5459.873574055855]}, "2": {"freq": [20.0, 68.00000004249999, 116.00000061625, 164.00000102500002, 212.0000017225, 260.00000121875, 308.00000413875006, 356.00000178, 404.00000404, 452.00000113000004, 500.0, 548.0000054800001, 596.0000018625001, 644.0000128800003, 692.0000309237514, 740.0000127187502, 788.0000398925021, 836.0000428450022, 884.0000005525001, 932.0000393187518, 980.0000367500014, 1028.000071638755], "ampl": [92.58585883845805, 501.42964315792005, 972.2372893646271, 1427.671104560487, 1855.8182956507637, 2251.1798282366453, 2608.563274271541, 2928.102769694371, 3210.943077559384, 3460.4099132323654, 3678.319146191464, 3868.10900076633, 4034.3408292420504, 4177.40360554341, 4302.48663310835, 4410.1655772286795, 4499.59132844175, 4581.391430640373, 4648.854115001918, 4705.423957836016, 4757.069795202675, 4799.332252168266]}, "3": {"freq": [20.0, 68.00000004249999, 116.00000061625, 164.00000102500002, 212.0000017225, 260.00000121875, 308.00000413875006, 356.00000178, 404.00000404, 452.00000113000004, 500.0, 548.0000054800001, 596.0000018625001, 644.0000128800003, 692.0000309237514, 740.0000127187502, 788.0000398925021, 836.0000428450022, 884.0000005525001, 932.0000393187518, 980.0000367500014, 1028.000071638755], "ampl": [76.30801697339973, 424.96171335182356, 818.0008729299735, 1197.5149223598517, 1552.143057524716, 1875.7814991288121, 2168.17380146228, 2427.5591835414452, 2656.199718235892, 2854.134215075067, 3027.947107845215, 3178.9798664152167, 3308.4494515408455, 3420.2927759348695, 3516.513815073068, 3601.4253243557387, 3671.5817145492047, 3734.219125656554, 3787.1430170575686, 3829.3360313308153, 3867.0363394330834, 3899.2944050557403]}, "4": {"freq": [], "ampl": []}, "5": {"freq": [], "ampl": []}, "6": {"freq": [], "ampl": []}, "7": {"freq": [], "ampl": []}, "wireSegments": [73, 75, 77, 79, 473, 475, 477, 479, 873, 875, 877, 879], "apaChannels": [73, 75, 77, 79, null, null, null, null], "measuredBy": "Chris Stanford", "stage": "Installation (Top)", "apaUuid": "43cd3950-268d-11ec-b6f5-a70e70a44436", "layer": "V", "headboardNum": "2", "side": "B"}