{"scanEndMode": 0, "0": {"freq": [], "ampl": []}, "1": {"freq": [], "ampl": []}, "2": {"freq": [], "ampl": []}, "3": {"freq": [], "ampl": []}, "4": {"freq": [100.0, 150.0000005859375, 200.0, 250.0, 300.0000046875001, 350.0000054687501, 400.0, 450.0000070312501, 500.0, 550.0000064453126, 600.0000093750002, 650.0000228515634, 700.0000109375002, 750.0000292968762, 800.0, 850.0000298828136, 900.0000140625002, 950.0000148437501, 1000.0], "ampl": [5359.572594086453, 7751.04042744953, 9738.781245964541, 11350.15170128511, 12641.17202605029, 13645.981079836412, 14433.090699851644, 15053.656346360514, 15548.459049932508, 15940.603288331946, 16256.320740714977, 16496.654195788546, 16694.378523435254, 16843.24016939407, 16961.18758543629, 17053.565415865363, 17121.228245580092, 17179.00763118518, 17207.60010085757]}, "5": {"freq": [100.0, 150.0000005859375, 200.0, 250.0, 300.0000046875001, 350.0000054687501, 400.0, 450.0000070312501, 500.0, 550.0000064453126, 600.0000093750002, 650.0000228515634, 700.0000109375002, 750.0000292968762, 800.0, 850.0000298828136, 900.0000140625002, 950.0000148437501, 1000.0], "ampl": [4913.486969515823, 7167.877853212827, 9086.166933729484, 10681.207933196642, 11990.838864445283, 13034.94856931438, 13869.696003176552, 14542.142409536858, 15083.23723321841, 15519.846215981808, 15872.713309283841, 16150.266084220922, 16379.213896949013, 16553.93075021682, 16695.885859476795, 16809.762459038542, 16897.19587967849, 16971.623704435697, 17014.38501292695]}, "6": {"freq": [100.0, 150.0000005859375, 200.0, 250.0, 300.0000046875001, 350.0000054687501, 400.0, 450.0000070312501, 500.0, 550.0000064453126, 600.0000093750002, 650.0000228515634, 700.0000109375002, 750.0000292968762, 800.0, 850.0000298828136, 900.0000140625002, 950.0000148437501, 1000.0], "ampl": [5290.393542644954, 7649.162305806945, 9608.8510446336, 11196.19738991601, 12465.679853864069, 13455.072591758666, 14232.278869721436, 14842.872241556008, 15329.104619758546, 15714.091611211026, 16023.451093406227, 16260.886543807703, 16454.10942004307, 16600.131876960113, 16715.89466276384, 16807.372992117173, 16873.01337955691, 16928.981941519793, 16956.499142008877]}, "7": {"freq": [100.0, 150.0000005859375, 200.0, 250.0, 300.0000046875001, 350.0000054687501, 400.0, 450.0000070312501, 500.0, 550.0000064453126, 600.0000093750002, 650.0000228515634, 700.0000109375002, 750.0000292968762, 800.0, 850.0000298828136, 900.0000140625002, 950.0000148437501, 1000.0], "ampl": [4936.213085311499, 7188.93320827152, 9097.223944855976, 10678.839379977817, 11971.032805130213, 12995.286351885361, 13812.074007558565, 14465.981883328652, 14991.385167862949, 15413.266939698684, 15754.91239117909, 16022.0172897138, 16241.947726722567, 16408.460646628424, 16544.883104547527, 16650.854202710176, 16734.447350211907, 16802.7430119165, 16842.700993909926]}, "wireSegments": [33, 35, 37, 39, 433, 435, 437, 439, 833, 835, 837, 839], "apaChannels": [null, null, null, null, 39, 37, 35, 33], "measuredBy": "", "stage": "DWA Development", "apaUuid": "continuity150-12", "layer": "V", "headboardNum": "1", "side": "A"}