{"scanEndMode": 0, "0": {"freq": [100.0, 150.0000005859375, 200.0, 250.0, 300.0000046875001, 350.0000054687501, 400.0, 450.0000070312501, 500.0, 550.0000064453126, 600.0000093750002, 650.0000228515634, 700.0000109375002, 750.0000292968762, 800.0, 850.0000298828136, 900.0000140625002, 950.0000148437501, 1000.0], "ampl": [5163.034265948904, 7492.065888924978, 9452.316396840364, 11057.750669838348, 12346.966921553714, 13379.145096417924, 14194.961841156812, 14844.187378991768, 15361.264057720611, 15774.032986099883, 16110.195491628865, 16364.559163524782, 16573.127911629486, 16747.30199810385, 16868.984145744336, 16975.367036815533, 17052.752292655776, 17108.919685284112, 17159.856451630687]}, "1": {"freq": [100.0, 150.0000005859375, 200.0, 250.0, 300.0000046875001, 350.0000054687501, 400.0, 450.0000070312501, 500.0, 550.0000064453126, 600.0000093750002, 650.0000228515634, 700.0000109375002, 750.0000292968762, 800.0, 850.0000298828136, 900.0000140625002, 950.0000148437501, 1000.0], "ampl": [4987.280968043524, 7254.782908972426, 9178.989313235108, 10765.506855862825, 12045.755574873912, 13078.49297142598, 13896.179214629812, 14549.601959725676, 15070.538307375393, 15492.468550085832, 15833.58464487881, 16092.320415537413, 16304.423406936843, 16484.212997940158, 16609.723555051954, 16718.636677199695, 16798.223632445166, 16858.524232178177, 16911.97606327527]}, "2": {"freq": [100.0, 150.0000005859375, 200.0, 250.0, 300.0000046875001, 350.0000054687501, 400.0, 450.0000070312501, 500.0, 550.0000064453126, 600.0000093750002, 650.0000228515634, 700.0000109375002, 750.0000292968762, 800.0, 850.0000298828136, 900.0000140625002, 950.0000148437501, 1000.0], "ampl": [5187.766079554165, 7522.730980168793, 9489.224058438283, 11097.627171906854, 12386.169012368586, 13416.735937239315, 14228.34515331233, 14875.786749298777, 15391.00222392654, 15802.416380464985, 16135.880449369028, 16390.87495144601, 16592.963528696284, 16769.341045398018, 16889.176286148566, 16994.31463712607, 17070.460253020836, 17126.452950618826, 17176.384639429925]}, "3": {"freq": [100.0, 150.0000005859375, 200.0, 250.0, 300.0000046875001, 350.0000054687501, 400.0, 450.0000070312501, 500.0, 550.0000064453126, 600.0000093750002, 650.0000228515634, 700.0000109375002, 750.0000292968762, 800.0, 850.0000298828136, 900.0000140625002, 950.0000148437501, 1000.0], "ampl": [4932.523911331677, 7178.112242083568, 9088.034181013978, 10661.364672846976, 11933.788596596645, 12958.195748481781, 13770.250980885534, 14418.759723559844, 14936.682791787935, 15352.705252015272, 15692.188276363295, 15949.865533070471, 16160.498737982625, 16336.55218009403, 16461.88711137847, 16570.113219093317, 16650.100178310746, 16710.24643402676, 16760.273821968574]}, "4": {"freq": [100.0, 150.0000005859375, 200.0, 250.0, 300.0000046875001, 350.0000054687501, 400.0, 450.0000070312501, 500.0, 550.0000064453126, 600.0000093750002, 650.0000228515634, 700.0000109375002, 750.0000292968762, 800.0, 850.0000298828136, 900.0000140625002, 950.0000148437501, 1000.0], "ampl": [5228.4373576070275, 7563.9302168836775, 9521.197113883534, 11112.36217408978, 12380.563134971808, 13388.197338882477, 14180.76343453585, 14807.36696477482, 15303.975035302981, 15702.188279791695, 16022.864073252073, 16262.917340502809, 16456.86581019231, 16622.82481005998, 16737.246072265138, 16834.63133559378, 16905.60299331866, 16957.226109705745, 17005.09398115294]}, "5": {"freq": [100.0, 150.0000005859375, 200.0, 250.0, 300.0000046875001, 350.0000054687501, 400.0, 450.0000070312501, 500.0, 550.0000064453126, 600.0000093750002, 650.0000228515634, 700.0000109375002, 750.0000292968762, 800.0, 850.0000298828136, 900.0000140625002, 950.0000148437501, 1000.0], "ampl": [4938.561736050426, 7168.343239617777, 9050.982348336527, 10592.85039548418, 11828.026170422034, 12817.52753860516, 13598.757722873943, 14217.06378907333, 14710.138822914687, 15107.036581926108, 15426.998218091767, 15668.851391030446, 15865.919585360214, 16031.72348459206, 16146.668770343833, 16245.43161916069, 16319.842357023406, 16373.341143005708, 16422.54490934389]}, "6": {"freq": [100.0, 150.0000005859375, 200.0, 250.0, 300.0000046875001, 350.0000054687501, 400.0, 450.0000070312501, 500.0, 550.0000064453126, 600.0000093750002, 650.0000228515634, 700.0000109375002, 750.0000292968762, 800.0, 850.0000298828136, 900.0000140625002, 950.0000148437501, 1000.0], "ampl": [5214.73630222366, 7539.315160492679, 9482.443523878277, 11058.253425642755, 12309.644559691047, 13303.353063144968, 14083.840663981511, 14696.959208777338, 15183.930866907118, 15571.467799668688, 15885.279416667883, 16118.88457516772, 16310.041536198645, 16469.45042736358, 16580.413742154506, 16673.83010416591, 16742.943962165104, 16791.34434895894, 16836.717818834208]}, "7": {"freq": [100.0, 150.0000005859375, 200.0, 250.0, 300.0000046875001, 350.0000054687501, 400.0, 450.0000070312501, 500.0, 550.0000064453126, 600.0000093750002, 650.0000228515634, 700.0000109375002, 750.0000292968762, 800.0, 850.0000298828136, 900.0000140625002, 950.0000148437501, 1000.0], "ampl": [4980.973431913954, 7218.441524944846, 9098.473110088105, 10631.012343064105, 11854.92788993279, 12830.215670853717, 13595.155097775314, 14201.920401037574, 14683.35231044466, 15067.689810663518, 15378.666027386438, 15612.283386186491, 15800.805284194197, 15961.472415748714, 16071.231402929256, 16166.590583746534, 16234.13366258656, 16283.664093968144, 16330.36370773264]}, "wireSegments": [18, 20, 22, 24, 26, 28, 30, 32, 418, 420, 422, 424, 426, 428, 430, 432, 818, 820, 822, 824, 826, 828, 830, 832], "apaChannels": [32, 30, 28, 26, 24, 22, 20, 18], "measuredBy": "", "stage": "DWA Development", "apaUuid": "continuity150-12", "layer": "V", "headboardNum": "1", "side": "A"}