{"scanEndMode": 0, "0": {"freq": [100.0, 150.0000005859375, 200.0, 250.0, 300.0000046875001, 350.0000054687501, 400.0, 450.0000070312501, 500.0, 550.0000064453126, 600.0000093750002, 650.0000228515634, 700.0000109375002, 750.0000292968762, 800.0, 850.0000298828136, 900.0000140625002, 950.0000148437501, 1000.0], "ampl": [5244.973302045058, 7606.448697430395, 9597.26918833645, 11219.629030252268, 12524.38840705592, 13568.562838619493, 14404.451509359595, 15058.440655873825, 15585.720847169276, 15998.049255519245, 16328.302252329579, 16595.664901362215, 16817.2520243784, 16983.06910211919, 17107.389754041364, 17210.00760939291, 17291.28320916794, 17355.520416057316, 17391.218083029427]}, "1": {"freq": [100.0, 150.0000005859375, 200.0, 250.0, 300.0000046875001, 350.0000054687501, 400.0, 450.0000070312501, 500.0, 550.0000064453126, 600.0000093750002, 650.0000228515634, 700.0000109375002, 750.0000292968762, 800.0, 850.0000298828136, 900.0000140625002, 950.0000148437501, 1000.0], "ampl": [4930.972222313263, 7172.331875637061, 9078.394788935873, 10650.315516644336, 11923.487105233695, 12948.98141418174, 13773.486002661175, 14421.80670732226, 14949.985618245253, 15360.358170201498, 15694.790375043875, 15964.666349684103, 16189.432499384198, 16356.48179171358, 16484.929297572977, 16589.875503543717, 16674.843967396137, 16742.43179790551, 16782.475319103647]}, "2": {"freq": [100.0, 150.0000005859375, 200.0, 250.0, 300.0000046875001, 350.0000054687501, 400.0, 450.0000070312501, 500.0, 550.0000064453126, 600.0000093750002, 650.0000228515634, 700.0000109375002, 750.0000292968762, 800.0, 850.0000298828136, 900.0000140625002, 950.0000148437501, 1000.0], "ampl": [5285.503435514004, 7658.958449331523, 9656.014106609555, 11282.25078632764, 12584.347027850754, 13623.147486404472, 14454.27441015389, 15102.237748130005, 15624.686888817012, 16030.920785272849, 16359.097452434951, 16621.589004887835, 16840.488917711427, 17002.087950018322, 17125.036434052483, 17224.076703539435, 17303.686978949496, 17366.200969192163, 17402.86412563919]}, "3": {"freq": [100.0, 150.0000005859375, 200.0, 250.0, 300.0000046875001, 350.0000054687501, 400.0, 450.0000070312501, 500.0, 550.0000064453126, 600.0000093750002, 650.0000228515634, 700.0000109375002, 750.0000292968762, 800.0, 850.0000298828136, 900.0000140625002, 950.0000148437501, 1000.0], "ampl": [5043.965483470076, 7331.63539100078, 9271.147872947502, 10861.271931717178, 12143.16621053986, 13169.777872251292, 13994.637683461782, 14639.906132807482, 15161.683160902407, 15567.42277450824, 15896.052320966766, 16161.042854354304, 16383.966119153969, 16545.76674242499, 16669.34002546789, 16772.626440358858, 16854.05151994255, 16918.207914872724, 16956.02899000969]}, "4": {"freq": [100.0, 150.0000005859375, 200.0, 250.0, 300.0000046875001, 350.0000054687501, 400.0, 450.0000070312501, 500.0, 550.0000064453126, 600.0000093750002, 650.0000228515634, 700.0000109375002, 750.0000292968762, 800.0, 850.0000298828136, 900.0000140625002, 950.0000148437501, 1000.0], "ampl": [5253.513494596694, 7606.370443756597, 9581.739835730632, 11186.285707070601, 12471.794113836626, 13492.45657933397, 14307.388209148148, 14941.57945868428, 15453.649642901875, 15850.842379344242, 16170.79513673546, 16426.783654837604, 16638.71223513687, 16796.56603158655, 16914.725009032034, 17012.791213187236, 17088.589622729596, 17148.48303210927, 17183.530208049306]}, "5": {"freq": [100.0, 150.0000005859375, 200.0, 250.0, 300.0000046875001, 350.0000054687501, 400.0, 450.0000070312501, 500.0, 550.0000064453126, 600.0000093750002, 650.0000228515634, 700.0000109375002, 750.0000292968762, 800.0, 850.0000298828136, 900.0000140625002, 950.0000148437501, 1000.0], "ampl": [5031.990998366221, 7312.597351312789, 9242.463213848641, 10821.984424380742, 12096.350039096806, 13113.367869362119, 13930.368865815999, 14570.643520384276, 15088.283996317148, 15490.888218658189, 15815.411113448727, 16077.630483056475, 16295.740824670007, 16457.130462875633, 16578.61802676997, 16682.111922776392, 16760.61621902597, 16826.236283434926, 16862.048707641487]}, "6": {"freq": [100.0, 150.0000005859375, 200.0, 250.0, 300.0000046875001, 350.0000054687501, 400.0, 450.0000070312501, 500.0, 550.0000064453126, 600.0000093750002, 650.0000228515634, 700.0000109375002, 750.0000292968762, 800.0, 850.0000298828136, 900.0000140625002, 950.0000148437501, 1000.0], "ampl": [5205.491072627512, 7540.512027401827, 9500.728929147173, 11094.052357857901, 12369.515790057485, 13382.84122435771, 14194.59541798914, 14824.34893047546, 15334.033991098984, 15726.3075792035, 16043.94875219878, 16299.7542364696, 16511.701101790786, 16668.72096694698, 16785.783431840307, 16881.75176979115, 16957.234332981643, 17018.261786655683, 17052.338277046587]}, "7": {"freq": [100.0, 150.0000005859375, 200.0, 250.0, 300.0000046875001, 350.0000054687501, 400.0, 450.0000070312501, 500.0, 550.0000064453126, 600.0000093750002, 650.0000228515634, 700.0000109375002, 750.0000292968762, 800.0, 850.0000298828136, 900.0000140625002, 950.0000148437501, 1000.0], "ampl": [5014.816557918052, 7283.068961501072, 9201.375486940846, 10769.710415616708, 12031.46772720473, 13042.53222006708, 13849.271978112136, 14480.607749161638, 14991.591220972805, 15389.529143901738, 15710.10965991641, 15968.509902067342, 16184.129026048558, 16342.35153185536, 16462.50534820524, 16560.74547536975, 16640.753668637455, 16701.661315686426, 16738.683581827554]}, "wireSegments": [18, 20, 22, 24, 26, 28, 30, 32], "apaChannels": [32, 30, 28, 26, 24, 22, 20, 18], "measuredBy": "", "stage": "DWA Development", "apaUuid": "continuity150-12", "layer": "X", "headboardNum": "1", "side": "A"}