{"scanEndMode": 0, "0": {"freq": [100.0, 150.0000005859375, 200.0, 250.0, 300.0000046875001, 350.0000054687501, 400.0, 450.0000070312501, 500.0, 550.0000064453126, 600.0000093750002, 650.0000228515634, 700.0000109375002, 750.0000292968762, 800.0, 850.0000298828136, 900.0000140625002, 950.0000148437501, 1000.0], "ampl": [5378.043822099438, 7793.676983693951, 9813.025393864524, 11458.262683218263, 12775.724447647623, 13820.094058784382, 14648.657263016072, 15297.65046507113, 15819.6118940653, 16224.992148348423, 16551.550039344154, 16817.283444150533, 17017.504116450797, 17189.97022164482, 17314.58039169223, 17418.59596770171, 17486.68384646348, 17551.851481766327, 17580.44446434141]}, "1": {"freq": [100.0, 150.0000005859375, 200.0, 250.0, 300.0000046875001, 350.0000054687501, 400.0, 450.0000070312501, 500.0, 550.0000064453126, 600.0000093750002, 650.0000228515634, 700.0000109375002, 750.0000292968762, 800.0, 850.0000298828136, 900.0000140625002, 950.0000148437501, 1000.0], "ampl": [4945.597889330042, 7216.5611533866895, 9155.855761100336, 10770.600101160344, 12087.19513146963, 13153.768828469909, 14013.33770643153, 14697.746847462671, 15252.76721091519, 15694.314520380243, 16050.318945881932, 16343.590327616239, 16569.255850434634, 16762.087354639305, 16906.308336574377, 17029.480612040803, 17112.08411744301, 17191.911757701248, 17233.32124239732]}, "2": {"freq": [100.0, 150.0000005859375, 200.0, 250.0, 300.0000046875001, 350.0000054687501, 400.0, 450.0000070312501, 500.0, 550.0000064453126, 600.0000093750002, 650.0000228515634, 700.0000109375002, 750.0000292968762, 800.0, 850.0000298828136, 900.0000140625002, 950.0000148437501, 1000.0], "ampl": [5380.02362492289, 7792.086709450587, 9801.432750028345, 11432.665549781588, 12737.0022107809, 13767.158206177866, 14583.536959847419, 15220.341646909614, 15730.970358898248, 16131.711969155675, 16451.27879686472, 16712.56028814367, 16910.037725228147, 17077.019662884977, 17199.359794158314, 17301.04974478664, 17365.95419934788, 17432.342443143236, 17460.1338359994]}, "3": {"freq": [100.0, 150.0000005859375, 200.0, 250.0, 300.0000046875001, 350.0000054687501, 400.0, 450.0000070312501, 500.0, 550.0000064453126, 600.0000093750002, 650.0000228515634, 700.0000109375002, 750.0000292968762, 800.0, 850.0000298828136, 900.0000140625002, 950.0000148437501, 1000.0], "ampl": [2533.022925382345, 3797.3071142215167, 4973.588961014976, 6048.359460806897, 7016.319768959736, 7875.90547819796, 8636.515618102294, 9297.355588849916, 9876.072966944352, 10371.721430526552, 10800.355696500565, 11173.642548375909, 11485.82636044058, 11764.60197861885, 11991.844540762288, 12196.251249326688, 12357.395655749293, 12507.696726604447, 12620.906162446418]}, "4": {"freq": [], "ampl": []}, "5": {"freq": [], "ampl": []}, "6": {"freq": [], "ampl": []}, "7": {"freq": [], "ampl": []}, "wireSegments": [34, 36, 38, 40, 434, 436, 438, 440, 834, 836, 838, 840], "apaChannels": [34, 36, 38, 40, null, null, null, null], "measuredBy": "", "stage": "DWA Development", "apaUuid": "continuity150-12", "layer": "U", "headboardNum": "10", "side": "A"}