{"scanEndMode": 0, "0": {"freq": [100.0, 150.0000005859375, 200.0, 250.0, 300.0000046875001, 350.0000054687501, 400.0, 450.0000070312501, 500.0, 550.0000064453126, 600.0000093750002, 650.0000228515634, 700.0000109375002, 750.0000292968762, 800.0, 850.0000298828136, 900.0000140625002, 950.0000148437501, 1000.0], "ampl": [2140.4937889561243, 3212.3259162610534, 4219.347832718199, 5156.258537963521, 6014.411149680189, 6790.612241520368, 7488.6652853727965, 8114.020973746248, 8673.50817423805, 9158.814930004657, 9591.20481163008, 9969.126562672816, 10295.989527404638, 10591.868061522595, 10842.086340865324, 11056.503558813467, 11248.15220827949, 11412.458188227854, 11557.033040835575]}, "1": {"freq": [100.0, 150.0000005859375, 200.0, 250.0, 300.0000046875001, 350.0000054687501, 400.0, 450.0000070312501, 500.0, 550.0000064453126, 600.0000093750002, 650.0000228515634, 700.0000109375002, 750.0000292968762, 800.0, 850.0000298828136, 900.0000140625002, 950.0000148437501, 1000.0], "ampl": [1682.4349127263433, 2541.574626212017, 3358.9986224162776, 4132.097994347972, 4856.55194009688, 5529.308455852415, 6147.668153904647, 6714.910808771603, 7233.411152584305, 7696.032078519557, 8115.542888847755, 8489.477339403727, 8821.882549017819, 9126.344636765862, 9388.881691723427, 9622.666069882893, 9830.07892907465, 10014.214507446792, 10176.022493452638]}, "2": {"freq": [100.0, 150.0000005859375, 200.0, 250.0, 300.0000046875001, 350.0000054687501, 400.0, 450.0000070312501, 500.0, 550.0000064453126, 600.0000093750002, 650.0000228515634, 700.0000109375002, 750.0000292968762, 800.0, 850.0000298828136, 900.0000140625002, 950.0000148437501, 1000.0], "ampl": [2134.936459840291, 3204.0311508026384, 4205.906847061632, 5140.7326465723445, 5995.514081176358, 6768.20548455146, 7466.113390866863, 8087.622471501484, 8645.489152698754, 9128.111115172584, 9559.579338301059, 9935.50794865239, 10262.939429104981, 10556.287219742244, 10804.537146899955, 11019.835770780277, 11209.215532945836, 11371.723906133035, 11516.04571319452]}, "3": {"freq": [100.0, 150.0000005859375, 200.0, 250.0, 300.0000046875001, 350.0000054687501, 400.0, 450.0000070312501, 500.0, 550.0000064453126, 600.0000093750002, 650.0000228515634, 700.0000109375002, 750.0000292968762, 800.0, 850.0000298828136, 900.0000140625002, 950.0000148437501, 1000.0], "ampl": [1659.9740523887244, 2508.9972740194926, 3317.999989618232, 4084.1382729645416, 4801.981801742065, 5467.186798724398, 6079.274661037439, 6641.144025918842, 7156.540609347501, 7610.724971447633, 8025.407849209198, 8395.764266669934, 8726.330079916539, 9026.916100009603, 9286.456260405128, 9517.215890869811, 9723.021183493065, 9904.336804899876, 10065.89225226396]}, "4": {"freq": [100.0, 150.0000005859375, 200.0, 250.0, 300.0000046875001, 350.0000054687501, 400.0, 450.0000070312501, 500.0, 550.0000064453126, 600.0000093750002, 650.0000228515634, 700.0000109375002, 750.0000292968762, 800.0, 850.0000298828136, 900.0000140625002, 950.0000148437501, 1000.0], "ampl": [2140.7486390395106, 3209.1449472906806, 4211.91320042229, 5139.467895822554, 5986.354069804709, 6755.224751819611, 7442.385591401141, 8053.2489042594425, 8601.451767640408, 9074.120455243581, 9492.947661428545, 9858.747823104493, 10175.14908475389, 10458.800944036226, 10699.847883537079, 10906.0899521686, 11087.532561395816, 11242.856657209659, 11380.44848318801]}, "5": {"freq": [100.0, 150.0000005859375, 200.0, 250.0, 300.0000046875001, 350.0000054687501, 400.0, 450.0000070312501, 500.0, 550.0000064453126, 600.0000093750002, 650.0000228515634, 700.0000109375002, 750.0000292968762, 800.0, 850.0000298828136, 900.0000140625002, 950.0000148437501, 1000.0], "ampl": [1708.1925164654567, 2574.875040473157, 3401.286443212302, 4180.8762073713315, 4908.398585775772, 5582.193912608968, 6201.55122460106, 6767.611876529481, 7282.580358713781, 7741.150678605284, 8155.497257757079, 8525.69204178118, 8851.009326230533, 9151.686957760649, 9406.963950398142, 9635.025613094544, 9837.277492462337, 10014.659928492027, 10174.082753678804]}, "6": {"freq": [100.0, 150.0000005859375, 200.0, 250.0, 300.0000046875001, 350.0000054687501, 400.0, 450.0000070312501, 500.0, 550.0000064453126, 600.0000093750002, 650.0000228515634, 700.0000109375002, 750.0000292968762, 800.0, 850.0000298828136, 900.0000140625002, 950.0000148437501, 1000.0], "ampl": [2132.7956048320234, 3194.573060333406, 4185.1402709427675, 5100.77850434628, 5930.533799619985, 6676.032296308399, 7341.084640082073, 7929.934450494863, 8454.958886052364, 8902.972697815414, 9301.493186200296, 9645.290603120447, 9944.363880350593, 10210.169088012746, 10432.663774304761, 10624.151091014133, 10793.045387507282, 10934.166496299382, 11061.135683542698]}, "7": {"freq": [100.0, 150.0000005859375, 200.0, 250.0, 300.0000046875001, 350.0000054687501, 400.0, 450.0000070312501, 500.0, 550.0000064453126, 600.0000093750002, 650.0000228515634, 700.0000109375002, 750.0000292968762, 800.0, 850.0000298828136, 900.0000140625002, 950.0000148437501, 1000.0], "ampl": [888.2333700938018, 1353.5295580382597, 1801.255271377912, 2232.530937549714, 2643.0082271580113, 3032.505749904249, 3398.475072544473, 3742.8479733757276, 4066.142139149068, 4358.75457739739, 4631.200229407232, 4880.416663769194, 5108.985995386948, 5318.045760413869, 5506.2075197928825, 5674.717555019081, 5827.895483659764, 5966.436310516065, 6092.8048531124505]}, "wireSegments": [1, 3, 5, 7, 9, 11, 13, 15, 401, 403, 405, 407, 409, 411, 413, 415, 801, 803, 805, 807, 809, 811, 813, 815], "apaChannels": [15, 13, 11, 9, 7, 5, 3, 1], "measuredBy": "", "stage": "DWA Development", "apaUuid": "continuity47-12", "layer": "V", "headboardNum": "1", "side": "A"}