{"0": {"freq": [20.0, 68.00000004249999, 116.00000061625, 164.00000102500002, 212.0000017225, 260.00000121875, 308.00000413875006, 356.00000178, 404.00000404, 452.00000113000004, 500.0, 548.0000054800001, 596.0000018625001, 644.0000128800003, 692.0000309237514, 740.0000127187502, 788.0000398925021, 836.0000428450022, 884.0000005525001, 932.0000393187518, 980.0000367500014, 1028.000071638755], "ampl": [702.9644642618427, 3416.02235080256, 6447.832331371314, 9205.564603884945, 11591.251268962651, 13589.083730352486, 15230.228304168593, 16564.309482275137, 17642.3978750449, 18525.848045959312, 19222.127164168454, 19803.68418538964, 20258.078301161062, 20630.58941049274, 20942.762334776733, 21189.24923161338, 21385.531234896956, 21546.419436691216, 21702.38853006676, 21771.624913093892, 21849.13443105386, 21904.66789608875]}, "1": {"freq": [20.0, 68.00000004249999, 116.00000061625, 164.00000102500002, 212.0000017225, 260.00000121875, 308.00000413875006, 356.00000178, 404.00000404, 452.00000113000004, 500.0, 548.0000054800001, 596.0000018625001, 644.0000128800003, 692.0000309237514, 740.0000127187502, 788.0000398925021, 836.0000428450022, 884.0000005525001, 932.0000393187518, 980.0000367500014, 1028.000071638755], "ampl": [682.7107647586147, 3322.0324762496975, 6287.623694044173, 9000.051316919862, 11357.461345055182, 13342.257753193093, 14979.33737499326, 16316.291816639443, 17400.727757612156, 18292.673575185, 18997.49495895773, 19576.37154977052, 20053.92471033078, 20433.991246667338, 20753.076528897665, 21006.686538941107, 21208.125796158223, 21378.116579590394, 21536.691774422696, 21612.198921829884, 21694.590119571036, 21753.882906597995]}, "2": {"freq": [20.0, 68.00000004249999, 116.00000061625, 164.00000102500002, 212.0000017225, 260.00000121875, 308.00000413875006, 356.00000178, 404.00000404, 452.00000113000004, 500.0, 548.0000054800001, 596.0000018625001, 644.0000128800003, 692.0000309237514, 740.0000127187502, 788.0000398925021, 836.0000428450022, 884.0000005525001, 932.0000393187518, 980.0000367500014, 1028.000071638755], "ampl": [698.0272253184424, 3398.983344131891, 6418.529764290288, 9168.640282364026, 11549.850888089386, 13547.13025733887, 15191.099482520183, 16529.760813355457, 17612.86139760164, 18504.907200127738, 19204.491370466723, 19780.65364240022, 20254.50753219358, 20633.57542673736, 20948.218799004284, 21198.46521522725, 21398.42241786815, 21565.07278093393, 21723.87895931328, 21796.433762196975, 21877.75105154391, 21934.45196558937]}, "3": {"freq": [20.0, 68.00000004249999, 116.00000061625, 164.00000102500002, 212.0000017225, 260.00000121875, 308.00000413875006, 356.00000178, 404.00000404, 452.00000113000004, 500.0, 548.0000054800001, 596.0000018625001, 644.0000128800003, 692.0000309237514, 740.0000127187502, 788.0000398925021, 836.0000428450022, 884.0000005525001, 932.0000393187518, 980.0000367500014, 1028.000071638755], "ampl": [368.324413033523, 1797.2966332003907, 3485.969832668637, 5126.787988565636, 6648.683885710147, 8020.479973903657, 9232.952423123537, 10289.970177816182, 11203.04833141652, 11995.382704195506, 12657.215447272363, 13228.143783300211, 13713.654995215247, 14120.734825012643, 14472.047243653884, 14767.162629197184, 15014.109647669093, 15223.944901969548, 15420.041558485746, 15550.198285876058, 15673.565137869373, 15774.981310146537]}, "4": {"freq": [20.0, 68.00000004249999, 116.00000061625, 164.00000102500002, 212.0000017225, 260.00000121875, 308.00000413875006, 356.00000178, 404.00000404, 452.00000113000004, 500.0, 548.0000054800001, 596.0000018625001, 644.0000128800003, 692.0000309237514, 740.0000127187502, 788.0000398925021, 836.0000428450022, 884.0000005525001, 932.0000393187518, 980.0000367500014, 1028.000071638755], "ampl": [691.5583408658986, 3344.2155019726915, 6314.399496448779, 9029.511845605648, 11392.458934540706, 13378.976612050532, 15025.135090243197, 16369.352928235332, 17460.602797077274, 18358.98955357672, 19070.293384806097, 19656.439501562414, 20134.711105945178, 20518.96948297139, 20839.806336968846, 21097.455696521083, 21301.468311272452, 21470.11514823349, 21632.830888019664, 21711.559121254457, 21794.15046099671, 21852.524061311262]}, "5": {"freq": [20.0, 68.00000004249999, 116.00000061625, 164.00000102500002, 212.0000017225, 260.00000121875, 308.00000413875006, 356.00000178, 404.00000404, 452.00000113000004, 500.0, 548.0000054800001, 596.0000018625001, 644.0000128800003, 692.0000309237514, 740.0000127187502, 788.0000398925021, 836.0000428450022, 884.0000005525001, 932.0000393187518, 980.0000367500014, 1028.000071638755], "ampl": [680.1542747349532, 3314.201244305957, 6277.261571035231, 8996.101556207832, 11366.910184868128, 13367.840617856758, 15027.338043661237, 16384.50371210705, 17491.792026363946, 18400.24083023218, 19122.883379273106, 19718.570117519947, 20205.111750858017, 20596.91039411069, 20926.308662885083, 21187.691240234042, 21407.78715632023, 21572.033962797515, 21741.490132741652, 21820.64193497589, 21906.614467645468, 21968.450647073376]}, "6": {"freq": [20.0, 68.00000004249999, 116.00000061625, 164.00000102500002, 212.0000017225, 260.00000121875, 308.00000413875006, 356.00000178, 404.00000404, 452.00000113000004, 500.0, 548.0000054800001, 596.0000018625001, 644.0000128800003, 692.0000309237514, 740.0000127187502, 788.0000398925021, 836.0000428450022, 884.0000005525001, 932.0000393187518, 980.0000367500014, 1028.000071638755], "ampl": [693.3584302122101, 3357.6378289787312, 6337.1269389838335, 9048.594138229431, 11394.255585727604, 13357.362788950397, 14972.046019778849, 16283.71006869475, 17344.98648434563, 18216.273699457328, 18902.558441782443, 19474.833610790407, 19925.84218460882, 20294.597120478906, 20599.37041141454, 20845.12920706856, 21040.446890583833, 21199.00871128355, 21352.78436477152, 21423.41708823521, 21500.798404588935, 21556.25706651894]}, "7": {"freq": [20.0, 68.00000004249999, 116.00000061625, 164.00000102500002, 212.0000017225, 260.00000121875, 308.00000413875006, 356.00000178, 404.00000404, 452.00000113000004, 500.0, 548.0000054800001, 596.0000018625001, 644.0000128800003, 692.0000309237514, 740.0000127187502, 788.0000398925021, 836.0000428450022, 884.0000005525001, 932.0000393187518, 980.0000367500014, 1028.000071638755], "ampl": [361.0374243186105, 1770.4669626006068, 3439.878716621401, 5062.875349952497, 6569.018476512312, 7927.241688143863, 9130.774817519668, 10180.62088374763, 11089.457612065396, 11877.906614200492, 12537.885866194983, 13105.516684124615, 13590.048761752814, 13997.423177628536, 14347.830033508586, 14643.923711410343, 14892.423971755026, 15104.000469043482, 15305.467854674114, 15430.219958770444, 15554.01433990969, 15655.733833182985]}, "wireSegments": null, "apaChannels": null, "measuredBy": null, "stage": null, "apaUuid": null, "layer": null, "headboardNum": null, "side": null}