{"0": {"freq": [20.0, 68.00000004249999, 116.00000061625, 164.00000102500002, 212.0000017225, 260.00000121875, 308.00000413875006, 356.00000178, 404.00000404, 452.00000113000004, 500.0, 548.0000054800001, 596.0000018625001, 644.0000128800003, 692.0000309237514, 740.0000127187502, 788.0000398925021, 836.0000428450022, 884.0000005525001, 932.0000393187518, 980.0000367500014, 1028.000071638755], "ampl": [691.2778437211159, 3402.0537962116273, 6469.93942553933, 9282.83615116778, 11726.646491308382, 13773.607690432109, 15463.784082514081, 16836.61109138819, 17952.564204629234, 18851.35049490805, 19585.87446595249, 20175.70467961111, 20657.765374106984, 21044.950604857095, 21363.3948913023, 21625.1790393253, 21832.54949262725, 22001.23513583349, 22132.69604764915, 22241.599074119826, 22315.34979157878, 22376.668331603552]}, "1": {"freq": [20.0, 68.00000004249999, 116.00000061625, 164.00000102500002, 212.0000017225, 260.00000121875, 308.00000413875006, 356.00000178, 404.00000404, 452.00000113000004, 500.0, 548.0000054800001, 596.0000018625001, 644.0000128800003, 692.0000309237514, 740.0000127187502, 788.0000398925021, 836.0000428450022, 884.0000005525001, 932.0000393187518, 980.0000367500014, 1028.000071638755], "ampl": [681.8268431785373, 3290.895260134085, 6250.436078876068, 8975.111538350611, 11355.315413127382, 13357.013075947572, 15015.028467583632, 16369.89797231294, 17476.743498523963, 18369.650728370027, 19101.304180103372, 19690.56701587444, 20175.410762426, 20565.4705934063, 20885.72675496319, 21152.057491042924, 21361.289618225586, 21534.82173622162, 21668.72718300338, 21778.64736249856, 21858.165438465618, 21922.276458782046]}, "2": {"freq": [20.0, 68.00000004249999, 116.00000061625, 164.00000102500002, 212.0000017225, 260.00000121875, 308.00000413875006, 356.00000178, 404.00000404, 452.00000113000004, 500.0, 548.0000054800001, 596.0000018625001, 644.0000128800003, 692.0000309237514, 740.0000127187502, 788.0000398925021, 836.0000428450022, 884.0000005525001, 932.0000393187518, 980.0000367500014, 1028.000071638755], "ampl": [702.8678834163682, 3466.695850642297, 6583.537094624326, 9432.98584934386, 11899.044204287531, 13956.456051766154, 15647.059114875552, 17021.79576982268, 18134.245965587394, 19029.7090739998, 19757.716944303942, 20347.738421151083, 20825.27822549279, 21210.528934753154, 21525.6193250236, 21783.921650148142, 21987.785647802808, 22156.49625277271, 22287.316814784866, 22391.722682746928, 22467.13604870763, 22525.554873358207]}, "3": {"freq": [20.0, 68.00000004249999, 116.00000061625, 164.00000102500002, 212.0000017225, 260.00000121875, 308.00000413875006, 356.00000178, 404.00000404, 452.00000113000004, 500.0, 548.0000054800001, 596.0000018625001, 644.0000128800003, 692.0000309237514, 740.0000127187502, 788.0000398925021, 836.0000428450022, 884.0000005525001, 932.0000393187518, 980.0000367500014, 1028.000071638755], "ampl": [350.2435367429454, 1717.424760345088, 3329.298709123581, 4896.438222841108, 6349.372991548693, 7650.82547458192, 8805.671778440266, 9811.769980678644, 10679.559845475187, 11422.078418073446, 12058.392984984224, 12596.599269415336, 13057.902544464358, 13446.12715445498, 13775.909132281617, 14054.306897025039, 14289.09560013977, 14490.545638153082, 14658.882457751288, 14800.821021857642, 14916.383334794436, 15013.684869702605]}, "4": {"freq": [20.0, 68.00000004249999, 116.00000061625, 164.00000102500002, 212.0000017225, 260.00000121875, 308.00000413875006, 356.00000178, 404.00000404, 452.00000113000004, 500.0, 548.0000054800001, 596.0000018625001, 644.0000128800003, 692.0000309237514, 740.0000127187502, 788.0000398925021, 836.0000428450022, 884.0000005525001, 932.0000393187518, 980.0000367500014, 1028.000071638755], "ampl": [1.652899033433309, 15.585210624766013, 30.69356477553521, 46.16818155920406, 62.61198127961631, 76.088447123765, 92.1537853247818, 107.15312907151055, 122.81003616462108, 136.96435371079787, 152.4028507880963, 166.88873926346926, 182.81703412954283, 196.645037844704, 210.6096703501891, 225.16843681197082, 239.8633221083662, 252.91573417660314, 266.7186271891642, 279.6498768070211, 292.85792674128334, 306.55828022662155]}, "5": {"freq": [20.0, 68.00000004249999, 116.00000061625, 164.00000102500002, 212.0000017225, 260.00000121875, 308.00000413875006, 356.00000178, 404.00000404, 452.00000113000004, 500.0, 548.0000054800001, 596.0000018625001, 644.0000128800003, 692.0000309237514, 740.0000127187502, 788.0000398925021, 836.0000428450022, 884.0000005525001, 932.0000393187518, 980.0000367500014, 1028.000071638755], "ampl": [2.199911449696231, 16.779220324277038, 32.07681056105626, 48.46549422284408, 64.4579055973131, 77.9191903019021, 92.55229375479888, 108.63181878660457, 123.28473705217462, 137.46187321856695, 150.95917708223217, 165.26526118297613, 179.16574806009328, 193.07200342065303, 207.02342841923453, 219.07109340479306, 232.2178183693303, 245.50153816425512, 258.0575655910934, 271.580791545503, 282.45696395449113, 295.280140870391]}, "6": {"freq": [20.0, 68.00000004249999, 116.00000061625, 164.00000102500002, 212.0000017225, 260.00000121875, 308.00000413875006, 356.00000178, 404.00000404, 452.00000113000004, 500.0, 548.0000054800001, 596.0000018625001, 644.0000128800003, 692.0000309237514, 740.0000127187502, 788.0000398925021, 836.0000428450022, 884.0000005525001, 932.0000393187518, 980.0000367500014, 1028.000071638755], "ampl": [2.189336735990979, 16.835632829356406, 33.03891136680415, 48.86701395804805, 66.3321095707369, 79.64557119382565, 95.24007605090227, 109.49134134292828, 124.10148974358701, 138.05035160572407, 153.82452524926572, 167.24799668401445, 181.2841540893899, 195.7495576499915, 209.19199541021925, 222.1841228233855, 235.20190803635694, 247.7472225870244, 259.87667735272925, 272.7714956911889, 284.18231668483514, 296.4784831547356]}, "7": {"freq": [20.0, 68.00000004249999, 116.00000061625, 164.00000102500002, 212.0000017225, 260.00000121875, 308.00000413875006, 356.00000178, 404.00000404, 452.00000113000004, 500.0, 548.0000054800001, 596.0000018625001, 644.0000128800003, 692.0000309237514, 740.0000127187502, 788.0000398925021, 836.0000428450022, 884.0000005525001, 932.0000393187518, 980.0000367500014, 1028.000071638755], "ampl": [2.9118801547779682, 20.851254257414677, 41.20240331377251, 59.70055246091327, 78.69955516478922, 97.39793782682875, 115.76446848935873, 135.32170369934747, 153.67300458905808, 170.96409433097568, 189.44363415434572, 206.51466514293784, 223.75959485606114, 240.48228460480507, 257.4730276492486, 274.48825904578223, 290.15568381677576, 305.227365301869, 322.2053518848182, 336.7278964930331, 350.808462896441, 364.84679802271324]}, "wireSegments": null, "apaChannels": null, "measuredBy": null, "stage": null, "apaUuid": null, "layer": null, "headboardNum": null, "side": null}