{"0": {"freq": [20.0, 68.00000004249999, 116.00000061625, 164.00000102500002, 212.0000017225, 260.00000121875, 308.00000413875006, 356.00000178, 404.00000404, 452.00000113000004, 500.0, 548.0000054800001, 596.0000018625001, 644.0000128800003, 692.0000309237514, 740.0000127187502, 788.0000398925021, 836.0000428450022, 884.0000005525001, 932.0000393187518, 980.0000367500014, 1028.000071638755], "ampl": [385.5069085695566, 1860.4520903072387, 3580.3304469975005, 5237.927812194501, 6756.715687448893, 8115.285730018649, 9301.942686579263, 10324.63802444118, 11196.976202649457, 11938.272303796613, 12570.90578322551, 13092.55487518771, 13537.639662498272, 13912.862277881854, 14226.199585151222, 14492.944684287635, 14712.98091939883, 14899.264327418263, 15053.751640372737, 15179.992378215735, 15303.060507446336, 15380.81415403712]}, "1": {"freq": [20.0, 68.00000004249999, 116.00000061625, 164.00000102500002, 212.0000017225, 260.00000121875, 308.00000413875006, 356.00000178, 404.00000404, 452.00000113000004, 500.0, 548.0000054800001, 596.0000018625001, 644.0000128800003, 692.0000309237514, 740.0000127187502, 788.0000398925021, 836.0000428450022, 884.0000005525001, 932.0000393187518, 980.0000367500014, 1028.000071638755], "ampl": [687.3371692382107, 3336.9481552800285, 6291.752372292256, 8977.527917204536, 11293.530013818097, 13233.108377627068, 14823.835204004576, 16112.139419815625, 17157.563127911446, 17999.73880683942, 18695.06624043644, 19233.907624595497, 19687.65509683659, 20052.916187072417, 20348.502148142285, 20592.73242898717, 20785.498301838088, 20939.614068681818, 21064.6350846794, 21162.405532254885, 21260.024551884053, 21299.90842322852]}, "2": {"freq": [20.0, 68.00000004249999, 116.00000061625, 164.00000102500002, 212.0000017225, 260.00000121875, 308.00000413875006, 356.00000178, 404.00000404, 452.00000113000004, 500.0, 548.0000054800001, 596.0000018625001, 644.0000128800003, 692.0000309237514, 740.0000127187502, 788.0000398925021, 836.0000428450022, 884.0000005525001, 932.0000393187518, 980.0000367500014, 1028.000071638755], "ampl": [696.313820117388, 3378.591447500105, 6379.569139261472, 9117.281065393669, 11489.466269560602, 13485.272081135477, 15125.937854594442, 16462.06451612107, 17547.056638738686, 18425.44438340719, 19148.7329322432, 19712.905110376596, 20184.44773520105, 20565.54047278851, 20874.062264853987, 21130.82048839626, 21332.040544262327, 21494.316335306623, 21626.032385103463, 21727.662538524502, 21827.929081053728, 21874.414626931422]}, "3": {"freq": [20.0, 68.00000004249999, 116.00000061625, 164.00000102500002, 212.0000017225, 260.00000121875, 308.00000413875006, 356.00000178, 404.00000404, 452.00000113000004, 500.0, 548.0000054800001, 596.0000018625001, 644.0000128800003, 692.0000309237514, 740.0000127187502, 788.0000398925021, 836.0000428450022, 884.0000005525001, 932.0000393187518, 980.0000367500014, 1028.000071638755], "ampl": [688.4011019771528, 3359.2586252190463, 6344.926009989479, 9064.461796026611, 11416.439474110564, 13387.723769418515, 15006.68732559258, 16320.436858208514, 17386.428415101997, 18247.470796001187, 18955.508537490918, 19504.112257171102, 19967.992000757466, 20339.613033511294, 20639.425674126378, 20888.84027296014, 21084.53142261119, 21240.313839097358, 21367.482194609645, 21466.23829085986, 21563.24481695178, 21605.587035110097]}, "4": {"freq": [20.0, 68.00000004249999, 116.00000061625, 164.00000102500002, 212.0000017225, 260.00000121875, 308.00000413875006, 356.00000178, 404.00000404, 452.00000113000004, 500.0, 548.0000054800001, 596.0000018625001, 644.0000128800003, 692.0000309237514, 740.0000127187502, 788.0000398925021, 836.0000428450022, 884.0000005525001, 932.0000393187518, 980.0000367500014, 1028.000071638755], "ampl": [370.35864507795475, 1777.7460374813418, 3429.361452652097, 5033.643259009561, 6523.851978633061, 7869.682369785826, 9057.277877255816, 10092.255122416233, 10987.860029932885, 11752.066312905556, 12411.212075177946, 12958.02842440353, 13434.08644116418, 13831.56899141495, 14168.43392039703, 14458.044002440178, 14698.373439594056, 14901.499524486086, 15073.322366649427, 15215.04202872844, 15352.32866117826, 15440.702315767508]}, "5": {"freq": [20.0, 68.00000004249999, 116.00000061625, 164.00000102500002, 212.0000017225, 260.00000121875, 308.00000413875006, 356.00000178, 404.00000404, 452.00000113000004, 500.0, 548.0000054800001, 596.0000018625001, 644.0000128800003, 692.0000309237514, 740.0000127187502, 788.0000398925021, 836.0000428450022, 884.0000005525001, 932.0000393187518, 980.0000367500014, 1028.000071638755], "ampl": [682.8882225752332, 3324.1027420709274, 6282.30435447435, 8981.987311205488, 11320.932104572737, 13289.097287967139, 14911.218199847426, 16233.81116649641, 17306.87561155992, 18177.632582000613, 18898.0966614991, 19457.68431081488, 19933.063690377996, 20313.430661172184, 20621.630496533948, 20880.992484933206, 21080.848074981226, 21247.521314228703, 21380.027787389095, 21484.98343171788, 21589.08618944449, 21634.901476196872]}, "6": {"freq": [20.0, 68.00000004249999, 116.00000061625, 164.00000102500002, 212.0000017225, 260.00000121875, 308.00000413875006, 356.00000178, 404.00000404, 452.00000113000004, 500.0, 548.0000054800001, 596.0000018625001, 644.0000128800003, 692.0000309237514, 740.0000127187502, 788.0000398925021, 836.0000428450022, 884.0000005525001, 932.0000393187518, 980.0000367500014, 1028.000071638755], "ampl": [687.767365487287, 3337.052933141597, 6303.095788527666, 9006.175184391988, 11345.299778818004, 13309.96540565734, 14924.367483995627, 16236.70173388271, 17302.56819627807, 18161.262809209748, 18870.683186698338, 19421.389568665803, 19884.750545383908, 20255.18824956658, 20557.782652477574, 20807.763717822334, 21003.80191982281, 21161.2116508178, 21287.920858009427, 21388.26528713677, 21485.831447807468, 21527.588479340084]}, "7": {"freq": [20.0, 68.00000004249999, 116.00000061625, 164.00000102500002, 212.0000017225, 260.00000121875, 308.00000413875006, 356.00000178, 404.00000404, 452.00000113000004, 500.0, 548.0000054800001, 596.0000018625001, 644.0000128800003, 692.0000309237514, 740.0000127187502, 788.0000398925021, 836.0000428450022, 884.0000005525001, 932.0000393187518, 980.0000367500014, 1028.000071638755], "ampl": [688.7546989490774, 3352.682135678542, 6331.351608974108, 9043.698915414609, 11388.222757748652, 13358.182150449766, 14975.267090321206, 16286.01643900183, 17349.945405795992, 18209.008800770298, 18915.304999077336, 19465.229874198703, 19927.10333864543, 20296.60074033268, 20597.19672887864, 20846.78775462252, 21041.95303065715, 21200.435801857497, 21326.02067691008, 21425.50041644619, 21531.42066583762, 21561.618561148833]}, "wireSegments": null, "apaChannels": null, "measuredBy": null, "stage": null, "apaUuid": null, "layer": null, "headboardNum": null, "side": null}