{"0": {"freq": [20.0, 68.00000004249999, 116.00000061625, 164.00000102500002, 212.0000017225, 260.00000121875, 308.00000413875006, 356.00000178, 404.00000404, 452.00000113000004, 500.0, 548.0000054800001, 596.0000018625001, 644.0000128800003, 692.0000309237514, 740.0000127187502, 788.0000398925021, 836.0000428450022, 884.0000005525001, 932.0000393187518, 980.0000367500014, 1028.000071638755], "ampl": [391.64795039596476, 1839.5734211797912, 3556.331868077955, 5229.834438587815, 6776.941291640727, 8169.810633484354, 9390.391820605722, 10449.641115475491, 11359.562368397024, 12132.150154072546, 12793.344016138126, 13346.372994317464, 13825.596101349836, 14214.191326906863, 14549.222854414165, 14832.65982679683, 15071.059022154997, 15278.82534236402, 15435.630368386528, 15578.701405573294, 15692.007213217381, 15791.706004198266]}, "1": {"freq": [20.0, 68.00000004249999, 116.00000061625, 164.00000102500002, 212.0000017225, 260.00000121875, 308.00000413875006, 356.00000178, 404.00000404, 452.00000113000004, 500.0, 548.0000054800001, 596.0000018625001, 644.0000128800003, 692.0000309237514, 740.0000127187502, 788.0000398925021, 836.0000428450022, 884.0000005525001, 932.0000393187518, 980.0000367500014, 1028.000071638755], "ampl": [667.4981870554057, 3274.8644496268957, 6223.643831025707, 8921.30555228909, 11259.44240056264, 13226.996699692183, 14847.563556231316, 16166.199718368658, 17235.26305095424, 18102.24009198759, 18810.843107775694, 19376.18186446833, 19858.694168273454, 20222.247762258623, 20531.206095538248, 20788.477729926453, 20991.525279012087, 21166.446696766783, 21286.697632218777, 21392.5691955568, 21468.16287543572, 21533.656546284044]}, "2": {"freq": [20.0, 68.00000004249999, 116.00000061625, 164.00000102500002, 212.0000017225, 260.00000121875, 308.00000413875006, 356.00000178, 404.00000404, 452.00000113000004, 500.0, 548.0000054800001, 596.0000018625001, 644.0000128800003, 692.0000309237514, 740.0000127187502, 788.0000398925021, 836.0000428450022, 884.0000005525001, 932.0000393187518, 980.0000367500014, 1028.000071638755], "ampl": [700.5408326646246, 3430.187452906644, 6519.43513698083, 9341.574861177927, 11783.510834231087, 13835.097692469784, 15518.810511133763, 16891.28704172775, 17993.43860533965, 18889.429117126936, 19618.16657924759, 20197.946892804364, 20690.555009189524, 21059.421685101715, 21373.88385142709, 21633.34611764189, 21838.626667867244, 22015.206631780704, 22133.52987968323, 22239.470415994987, 22313.575190828506, 22379.879286496962]}, "3": {"freq": [20.0, 68.00000004249999, 116.00000061625, 164.00000102500002, 212.0000017225, 260.00000121875, 308.00000413875006, 356.00000178, 404.00000404, 452.00000113000004, 500.0, 548.0000054800001, 596.0000018625001, 644.0000128800003, 692.0000309237514, 740.0000127187502, 788.0000398925021, 836.0000428450022, 884.0000005525001, 932.0000393187518, 980.0000367500014, 1028.000071638755], "ampl": [685.589055153545, 3371.708568097129, 6411.978580199711, 9187.064702011738, 11586.917692729363, 13601.85548209123, 15254.695093613538, 16593.598480613335, 17676.382217208247, 18548.505031213375, 19260.519524263804, 19826.57974310468, 20306.213266520466, 20665.279931932935, 20972.309710042933, 21224.28300934663, 21423.047203492053, 21593.894395353982, 21710.64789770687, 21811.886385350863, 21885.351135046483, 21945.342279236094]}, "4": {"freq": [20.0, 68.00000004249999, 116.00000061625, 164.00000102500002, 212.0000017225, 260.00000121875, 308.00000413875006, 356.00000178, 404.00000404, 452.00000113000004, 500.0, 548.0000054800001, 596.0000018625001, 644.0000128800003, 692.0000309237514, 740.0000127187502, 788.0000398925021, 836.0000428450022, 884.0000005525001, 932.0000393187518, 980.0000367500014, 1028.000071638755], "ampl": [2.354301464660928, 16.020756777380928, 30.380147805643244, 47.46377224386728, 63.514934531134074, 78.55220964916177, 95.5451915771121, 111.46105040088864, 126.48148326147543, 142.6516488595447, 159.53717610697547, 173.5693909027183, 189.28683078128014, 203.56004112304961, 219.09903129901983, 233.8728175855046, 248.13571874718707, 262.1715377118862, 276.3928036694872, 289.79964976774437, 303.4195796863592, 317.07974698667397]}, "5": {"freq": [20.0, 68.00000004249999, 116.00000061625, 164.00000102500002, 212.0000017225, 260.00000121875, 308.00000413875006, 356.00000178, 404.00000404, 452.00000113000004, 500.0, 548.0000054800001, 596.0000018625001, 644.0000128800003, 692.0000309237514, 740.0000127187502, 788.0000398925021, 836.0000428450022, 884.0000005525001, 932.0000393187518, 980.0000367500014, 1028.000071638755], "ampl": [2.3126399076677417, 15.724799563490329, 32.64451064494837, 47.903082990275216, 64.0603415878578, 77.8129828458803, 92.80950263821197, 108.53031464686045, 123.04155467671596, 137.33238925035465, 151.7689177505898, 165.4732490046426, 180.09798629472522, 193.90204550971666, 206.16738655862292, 220.00535207098577, 234.42243352691054, 246.0823544862097, 259.6869214259719, 272.21775036842143, 283.54261067896124, 295.81734516217375]}, "6": {"freq": [20.0, 68.00000004249999, 116.00000061625, 164.00000102500002, 212.0000017225, 260.00000121875, 308.00000413875006, 356.00000178, 404.00000404, 452.00000113000004, 500.0, 548.0000054800001, 596.0000018625001, 644.0000128800003, 692.0000309237514, 740.0000127187502, 788.0000398925021, 836.0000428450022, 884.0000005525001, 932.0000393187518, 980.0000367500014, 1028.000071638755], "ampl": [1.9316198644181224, 16.653672677760717, 34.10415313380819, 49.54195377482767, 65.39561189542526, 80.17048615761072, 94.12457151725599, 110.74649192317851, 123.7746376003353, 139.60205763875925, 153.19085616857785, 167.34983136873902, 181.89910719451882, 195.37665114554264, 208.8355397414905, 222.3537903393614, 235.50962492590494, 249.48796085312438, 260.81116781542664, 273.29277690844424, 285.38625073612366, 298.2487466253838]}, "7": {"freq": [20.0, 68.00000004249999, 116.00000061625, 164.00000102500002, 212.0000017225, 260.00000121875, 308.00000413875006, 356.00000178, 404.00000404, 452.00000113000004, 500.0, 548.0000054800001, 596.0000018625001, 644.0000128800003, 692.0000309237514, 740.0000127187502, 788.0000398925021, 836.0000428450022, 884.0000005525001, 932.0000393187518, 980.0000367500014, 1028.000071638755], "ampl": [3.0914238789245694, 20.733697643347174, 43.206841537979244, 63.31031186250384, 83.47145325027817, 103.53010839244335, 124.14520379703505, 143.97735751103892, 162.45960083605436, 182.5320701629448, 201.84818200112497, 218.18789955247115, 238.2958495476488, 255.99870857292393, 274.19506192888116, 290.9081021830009, 307.4563111761714, 325.7011391777191, 342.2599151896891, 357.01460448206325, 373.632164013126, 389.01558682096015]}, "wireSegments": null, "apaChannels": null, "measuredBy": null, "stage": null, "apaUuid": null, "layer": null, "headboardNum": null, "side": null}