{"0": {"freq": [20.0, 68.00000004249999, 116.00000061625, 164.00000102500002, 212.0000017225, 260.00000121875, 308.00000413875006, 356.00000178, 404.00000404, 452.00000113000004, 500.0, 548.0000054800001, 596.0000018625001, 644.0000128800003, 692.0000309237514, 740.0000127187502, 788.0000398925021, 836.0000428450022, 884.0000005525001, 932.0000393187518, 980.0000367500014, 1028.000071638755], "ampl": [371.34647785402404, 1802.4440471354612, 3474.759752569717, 5091.5541459619435, 6586.131807902113, 7932.105618884973, 9116.456713399526, 10143.089144278676, 11031.52143626448, 11788.292979552469, 12431.272628481996, 12980.251350182283, 13443.500546628355, 13835.57390160821, 14163.55012620291, 14445.892704064354, 14678.040160557175, 14878.577310727043, 15044.21779367616, 15181.591719975564, 15295.889353995499, 15392.969995235357]}, "1": {"freq": [20.0, 68.00000004249999, 116.00000061625, 164.00000102500002, 212.0000017225, 260.00000121875, 308.00000413875006, 356.00000178, 404.00000404, 452.00000113000004, 500.0, 548.0000054800001, 596.0000018625001, 644.0000128800003, 692.0000309237514, 740.0000127187502, 788.0000398925021, 836.0000428450022, 884.0000005525001, 932.0000393187518, 980.0000367500014, 1028.000071638755], "ampl": [682.4118856888073, 3314.287657694124, 6260.039091589448, 8945.115976571993, 11269.682542233042, 13226.94806167569, 14835.486645554605, 16144.485538084511, 17212.364918100986, 18072.904687169263, 18774.981595114947, 19343.926538087802, 19810.880494872214, 20187.347055298178, 20491.277951612974, 20745.2427819451, 20943.519599658735, 21110.170390190233, 21237.451009960172, 21339.03842639969, 21415.39805785126, 21478.51915750196]}, "2": {"freq": [20.0, 68.00000004249999, 116.00000061625, 164.00000102500002, 212.0000017225, 260.00000121875, 308.00000413875006, 356.00000178, 404.00000404, 452.00000113000004, 500.0, 548.0000054800001, 596.0000018625001, 644.0000128800003, 692.0000309237514, 740.0000127187502, 788.0000398925021, 836.0000428450022, 884.0000005525001, 932.0000393187518, 980.0000367500014, 1028.000071638755], "ampl": [687.6748988626806, 3349.756017075565, 6334.1075501292935, 9060.365128800055, 11427.261234266198, 13427.865972820015, 15072.301405919952, 16414.4746134375, 17512.610249398007, 18397.494918977267, 19116.836787881377, 19704.775500536605, 20182.215394318024, 20571.79830656765, 20883.224487683266, 21145.075089071688, 21348.404445908523, 21520.694219851004, 21650.504811899846, 21755.657187952642, 21835.696817661545, 21899.922024898297]}, "3": {"freq": [20.0, 68.00000004249999, 116.00000061625, 164.00000102500002, 212.0000017225, 260.00000121875, 308.00000413875006, 356.00000178, 404.00000404, 452.00000113000004, 500.0, 548.0000054800001, 596.0000018625001, 644.0000128800003, 692.0000309237514, 740.0000127187502, 788.0000398925021, 836.0000428450022, 884.0000005525001, 932.0000393187518, 980.0000367500014, 1028.000071638755], "ampl": [680.5477747902438, 3323.1490256827383, 6288.489296652765, 8997.94612486495, 11349.670599158198, 13334.686626292802, 14966.69382920647, 16298.92074705261, 17385.44090151896, 18261.32336960211, 18975.286578460913, 19554.162282851274, 20027.342924730878, 20411.65167668353, 20719.911243431816, 20976.659897078018, 21178.283317118603, 21348.594846493885, 21477.070892042277, 21578.398378489757, 21658.49046939818, 21719.717405907286]}, "4": {"freq": [20.0, 68.00000004249999, 116.00000061625, 164.00000102500002, 212.0000017225, 260.00000121875, 308.00000413875006, 356.00000178, 404.00000404, 452.00000113000004, 500.0, 548.0000054800001, 596.0000018625001, 644.0000128800003, 692.0000309237514, 740.0000127187502, 788.0000398925021, 836.0000428450022, 884.0000005525001, 932.0000393187518, 980.0000367500014, 1028.000071638755], "ampl": [376.6164506973148, 1802.7417272578564, 3473.0892668760816, 5095.694601028026, 6600.515013608271, 7960.095692011458, 9156.818181577064, 10202.226609365138, 11104.63749301937, 11876.160011780436, 12534.41557584943, 13094.168874493638, 13569.55086122463, 13970.45803210406, 14309.115907480027, 14599.03098787462, 14840.646736147266, 15046.104496545024, 15216.829949008456, 15361.557305389972, 15479.374599563133, 15581.823951348606]}, "5": {"freq": [20.0, 68.00000004249999, 116.00000061625, 164.00000102500002, 212.0000017225, 260.00000121875, 308.00000413875006, 356.00000178, 404.00000404, 452.00000113000004, 500.0, 548.0000054800001, 596.0000018625001, 644.0000128800003, 692.0000309237514, 740.0000127187502, 788.0000398925021, 836.0000428450022, 884.0000005525001, 932.0000393187518, 980.0000367500014, 1028.000071638755], "ampl": [681.396449284217, 3320.489795824673, 6273.500463359781, 8962.832342676089, 11290.083672437262, 13247.955090336069, 14855.547216134366, 16167.590948818883, 17234.171194910792, 18095.557016557857, 18798.55816018989, 19367.82537858541, 19833.718006571045, 20210.717833508133, 20516.591746907405, 20771.612156289844, 20969.23464335832, 21135.622212868035, 21261.858686026142, 21366.403620795194, 21444.779169702313, 21506.84123688081]}, "6": {"freq": [20.0, 68.00000004249999, 116.00000061625, 164.00000102500002, 212.0000017225, 260.00000121875, 308.00000413875006, 356.00000178, 404.00000404, 452.00000113000004, 500.0, 548.0000054800001, 596.0000018625001, 644.0000128800003, 692.0000309237514, 740.0000127187502, 788.0000398925021, 836.0000428450022, 884.0000005525001, 932.0000393187518, 980.0000367500014, 1028.000071638755], "ampl": [696.1158847792888, 3369.8388384584573, 6357.417102904816, 9070.953334198222, 11413.84804793419, 13382.627883191257, 14991.67108812971, 16298.539889770924, 17360.298323765855, 18216.88455339819, 18908.162999637876, 19469.254637326438, 19923.16785192471, 20293.59064271847, 20590.006084097906, 20836.343973996234, 21025.930810540598, 21187.938568259935, 21309.015597360798, 21404.617478064607, 21477.585199389203, 21535.680073644715]}, "7": {"freq": [20.0, 68.00000004249999, 116.00000061625, 164.00000102500002, 212.0000017225, 260.00000121875, 308.00000413875006, 356.00000178, 404.00000404, 452.00000113000004, 500.0, 548.0000054800001, 596.0000018625001, 644.0000128800003, 692.0000309237514, 740.0000127187502, 788.0000398925021, 836.0000428450022, 884.0000005525001, 932.0000393187518, 980.0000367500014, 1028.000071638755], "ampl": [694.3925512157032, 3369.350080108444, 6354.543247551789, 9062.214017981929, 11398.482254767869, 13355.56614585882, 14954.27626564972, 16246.44609980813, 17302.14092811878, 18144.84377739442, 18827.099898203847, 19382.051658133918, 19828.945675384926, 20193.373901359486, 20484.001183392917, 20727.132676245903, 20915.13939039535, 21071.99105678729, 21191.220365983347, 21286.560216206504, 21356.48210666101, 21412.599613744922]}, "wireSegments": null, "apaChannels": null, "measuredBy": null, "stage": null, "apaUuid": null, "layer": null, "headboardNum": null, "side": null}