{"0": {"freq": [20.0, 68.00000004249999, 116.00000061625, 164.00000102500002, 212.0000017225, 260.00000121875, 308.00000413875006, 356.00000178, 404.00000404, 452.00000113000004, 500.0, 548.0000054800001, 596.0000018625001, 644.0000128800003, 692.0000309237514, 740.0000127187502, 788.0000398925021, 836.0000428450022, 884.0000005525001, 932.0000393187518, 980.0000367500014, 1028.000071638755], "ampl": [691.2973866908835, 3368.4405401410622, 6364.938290125178, 9106.601067892414, 11487.082049920185, 13488.024879789453, 15143.953134734245, 16492.96719173533, 17588.68687150926, 18478.84643628582, 19199.057406201195, 19786.235174906953, 20261.50000698961, 20650.463677258445, 20964.86944653071, 21219.212743631262, 21432.65737382004, 21600.85896898669, 21729.71005526604, 21858.60771607434, 21915.986911530046, 21975.0150595106]}, "1": {"freq": [20.0, 68.00000004249999, 116.00000061625, 164.00000102500002, 212.0000017225, 260.00000121875, 308.00000413875006, 356.00000178, 404.00000404, 452.00000113000004, 500.0, 548.0000054800001, 596.0000018625001, 644.0000128800003, 692.0000309237514, 740.0000127187502, 788.0000398925021, 836.0000428450022, 884.0000005525001, 932.0000393187518, 980.0000367500014, 1028.000071638755], "ampl": [670.9704684873562, 3275.305178122941, 6200.2264354853505, 8884.853143769205, 11225.090309426058, 13198.937948865232, 14842.108210693734, 16183.07293385776, 17276.7561717127, 18167.65537106622, 18892.1247893048, 19484.121481261405, 19964.562267637, 20358.519259277116, 20677.163706755917, 20938.491487180152, 21153.829374515, 21326.49087029466, 21459.969987576576, 21580.122376630363, 21653.922983056927, 21716.87572016717]}, "2": {"freq": [20.0, 68.00000004249999, 116.00000061625, 164.00000102500002, 212.0000017225, 260.00000121875, 308.00000413875006, 356.00000178, 404.00000404, 452.00000113000004, 500.0, 548.0000054800001, 596.0000018625001, 644.0000128800003, 692.0000309237514, 740.0000127187502, 788.0000398925021, 836.0000428450022, 884.0000005525001, 932.0000393187518, 980.0000367500014, 1028.000071638755], "ampl": [693.5609549421873, 3386.163258627342, 6397.266090642331, 9149.80262359839, 11541.13055227416, 13551.287901629501, 15211.542152994718, 16565.029412879943, 17666.76004726672, 18561.689097493134, 19286.91417984051, 19876.321308538296, 20355.359955957218, 20750.435612586316, 21067.024991887916, 21326.659853413654, 21538.889790867754, 21708.350206828276, 21841.02176826031, 21960.01451780047, 22031.025431718896, 22093.33220794458]}, "3": {"freq": [20.0, 68.00000004249999, 116.00000061625, 164.00000102500002, 212.0000017225, 260.00000121875, 308.00000413875006, 356.00000178, 404.00000404, 452.00000113000004, 500.0, 548.0000054800001, 596.0000018625001, 644.0000128800003, 692.0000309237514, 740.0000127187502, 788.0000398925021, 836.0000428450022, 884.0000005525001, 932.0000393187518, 980.0000367500014, 1028.000071638755], "ampl": [353.59788030062236, 1743.7993549224523, 3382.668108448772, 4985.503904361247, 6477.484412615288, 7827.797402592609, 9037.747790007223, 10095.51637123546, 11014.643755629248, 11809.584517759396, 12490.73564661981, 13075.87569599171, 13575.671207542584, 13999.20133763966, 14359.764508000835, 14667.632554286336, 14931.848071465894, 15152.87352769189, 15338.50692681953, 15511.34992193209, 15627.732790526028, 15735.87855634144]}, "4": {"freq": [20.0, 68.00000004249999, 116.00000061625, 164.00000102500002, 212.0000017225, 260.00000121875, 308.00000413875006, 356.00000178, 404.00000404, 452.00000113000004, 500.0, 548.0000054800001, 596.0000018625001, 644.0000128800003, 692.0000309237514, 740.0000127187502, 788.0000398925021, 836.0000428450022, 884.0000005525001, 932.0000393187518, 980.0000367500014, 1028.000071638755], "ampl": [690.1459443819807, 3352.7360063375104, 6326.701283194914, 9047.569996883722, 11412.451374225771, 13400.236177655202, 15045.32550848157, 16386.943606360477, 17479.02766447778, 18364.28675562414, 19082.405815309536, 19668.273971984963, 20142.696945663458, 20528.78637316037, 20843.652216052487, 21101.45668800816, 21311.87552831297, 21479.288747687915, 21610.348361965258, 21735.717882319448, 21797.460719948038, 21855.59951196099]}, "5": {"freq": [20.0, 68.00000004249999, 116.00000061625, 164.00000102500002, 212.0000017225, 260.00000121875, 308.00000413875006, 356.00000178, 404.00000404, 452.00000113000004, 500.0, 548.0000054800001, 596.0000018625001, 644.0000128800003, 692.0000309237514, 740.0000127187502, 788.0000398925021, 836.0000428450022, 884.0000005525001, 932.0000393187518, 980.0000367500014, 1028.000071638755], "ampl": [684.1859063790646, 3315.346285935566, 6268.068797199643, 8975.594042941, 11333.340200505709, 13320.304124949464, 14968.895145690236, 16313.670639416438, 17411.084026023007, 18302.525734688876, 19027.45393677653, 19617.166396644687, 20097.09653582991, 20491.522967796645, 20809.093611860244, 21070.338470773488, 21284.24651404538, 21455.729908819274, 21588.944573956363, 21714.467626801368, 21782.743539872616, 21844.32501949517]}, "6": {"freq": [20.0, 68.00000004249999, 116.00000061625, 164.00000102500002, 212.0000017225, 260.00000121875, 308.00000413875006, 356.00000178, 404.00000404, 452.00000113000004, 500.0, 548.0000054800001, 596.0000018625001, 644.0000128800003, 692.0000309237514, 740.0000127187502, 788.0000398925021, 836.0000428450022, 884.0000005525001, 932.0000393187518, 980.0000367500014, 1028.000071638755], "ampl": [700.3394488050768, 3397.7063968904595, 6401.018773957138, 9129.235139329197, 11480.139158278445, 13438.746386987403, 15047.187583845685, 16348.104295146235, 17401.304317854894, 18251.013685713056, 18935.144095860705, 19491.20039456247, 19939.06971489447, 20307.38061666894, 20600.348737437434, 20841.15241779154, 21036.581576710774, 21192.809184236434, 21311.278375450933, 21429.682063590837, 21481.37584702697, 21534.301883252483]}, "7": {"freq": [20.0, 68.00000004249999, 116.00000061625, 164.00000102500002, 212.0000017225, 260.00000121875, 308.00000413875006, 356.00000178, 404.00000404, 452.00000113000004, 500.0, 548.0000054800001, 596.0000018625001, 644.0000128800003, 692.0000309237514, 740.0000127187502, 788.0000398925021, 836.0000428450022, 884.0000005525001, 932.0000393187518, 980.0000367500014, 1028.000071638755], "ampl": [363.35041044265375, 1751.9301287559492, 3377.820383082342, 4951.253673509583, 6404.152873386174, 7708.006777880637, 8865.68536798055, 9869.759252654156, 10735.516561101069, 11478.433339777946, 12110.98727886387, 12650.438822119617, 13105.127994283484, 13493.277947538167, 13820.795313832266, 14099.308040691554, 14335.586935452438, 14530.458554912268, 14696.531907301418, 14848.894296312275, 14949.309941707337, 15042.510750905312]}, "wireSegments": null, "apaChannels": null, "measuredBy": null, "stage": null, "apaUuid": null, "layer": null, "headboardNum": null, "side": null}