{"0": {"freq": [20.0, 68.00000004249999, 116.00000061625, 164.00000102500002, 212.0000017225, 260.00000121875, 308.00000413875006, 356.00000178, 404.00000404, 452.00000113000004, 500.0, 548.0000054800001, 596.0000018625001, 644.0000128800003, 692.0000309237514, 740.0000127187502, 788.0000398925021, 836.0000428450022, 884.0000005525001, 932.0000393187518, 980.0000367500014, 1028.000071638755], "ampl": [1.5380434487709893, 11.008947845482487, 20.1428152660963, 28.437112935624587, 37.54643747478116, 45.440734530218165, 53.4818945279119, 61.79600349032884, 69.30660548383916, 77.38141627437119, 85.98885030655588, 92.14673333573784, 99.15717525724266, 107.2823655357085, 115.26498951706436, 122.19238173325347, 129.1512382232856, 135.5588908345846, 143.82867384908587, 150.13934617699843, 156.5335546094335, 162.61485720604608]}, "1": {"freq": [20.0, 68.00000004249999, 116.00000061625, 164.00000102500002, 212.0000017225, 260.00000121875, 308.00000413875006, 356.00000178, 404.00000404, 452.00000113000004, 500.0, 548.0000054800001, 596.0000018625001, 644.0000128800003, 692.0000309237514, 740.0000127187502, 788.0000398925021, 836.0000428450022, 884.0000005525001, 932.0000393187518, 980.0000367500014, 1028.000071638755], "ampl": [2.451098661053584, 16.046860129121665, 32.847678211721835, 47.51117888539609, 62.65018487040968, 77.50852470560692, 93.3453534511364, 107.02734177081173, 121.13174684686417, 135.09597242180786, 148.12365477305818, 162.3146752876604, 175.26809480789933, 188.61345299316022, 202.54146526785237, 216.14000870930766, 227.59858729309974, 240.08594954452695, 251.34681718411042, 265.31081116225624, 277.0727594420894, 287.926153570949]}, "2": {"freq": [20.0, 68.00000004249999, 116.00000061625, 164.00000102500002, 212.0000017225, 260.00000121875, 308.00000413875006, 356.00000178, 404.00000404, 452.00000113000004, 500.0, 548.0000054800001, 596.0000018625001, 644.0000128800003, 692.0000309237514, 740.0000127187502, 788.0000398925021, 836.0000428450022, 884.0000005525001, 932.0000393187518, 980.0000367500014, 1028.000071638755], "ampl": [1.7354408152136178, 15.773662127729091, 31.965991746366043, 47.092118992921634, 63.56134499763944, 77.39207985241052, 92.1693015048003, 106.23791743486103, 121.48473705205522, 136.30697956120707, 149.7170145812142, 162.56402692148473, 177.02260523941783, 190.05712843009272, 203.3611482439241, 216.25081470044728, 229.81765697948353, 241.99235060288987, 253.93957895778348, 266.69503495284033, 277.1749580560667, 290.1536825548165]}, "3": {"freq": [20.0, 68.00000004249999, 116.00000061625, 164.00000102500002, 212.0000017225, 260.00000121875, 308.00000413875006, 356.00000178, 404.00000404, 452.00000113000004, 500.0, 548.0000054800001, 596.0000018625001, 644.0000128800003, 692.0000309237514, 740.0000127187502, 788.0000398925021, 836.0000428450022, 884.0000005525001, 932.0000393187518, 980.0000367500014, 1028.000071638755], "ampl": [2.1443210632009277, 16.884643145359615, 33.5215195935095, 49.59944530058575, 67.83941698061605, 84.7108453481662, 101.00570710538258, 117.41868603846682, 134.02066314179706, 149.9102521423504, 166.04015848823508, 183.7646341450881, 199.1703060211642, 215.4012042145038, 231.21688028861539, 246.44317922297162, 262.7720811544452, 277.29112425250537, 291.6099246745367, 306.60624759699357, 320.59167255426644, 335.2217008396531]}, "4": {"freq": [20.0, 68.00000004249999, 116.00000061625, 164.00000102500002, 212.0000017225, 260.00000121875, 308.00000413875006, 356.00000178, 404.00000404, 452.00000113000004, 500.0, 548.0000054800001, 596.0000018625001, 644.0000128800003, 692.0000309237514, 740.0000127187502, 788.0000398925021, 836.0000428450022, 884.0000005525001, 932.0000393187518, 980.0000367500014, 1028.000071638755], "ampl": [381.86276996371697, 1840.7624528363356, 3556.307710889562, 5208.863747714313, 6724.149886349987, 8081.264272662025, 9263.638667056834, 10282.646991207122, 11150.975319494024, 11887.34744192954, 12510.630366671348, 13036.32143738943, 13477.38895404582, 13850.873656607311, 14165.068392144227, 14428.8520897202, 14647.184895557428, 14833.846530878574, 14990.176481105203, 15119.34403051266, 15223.686300030602, 15315.895746838554]}, "5": {"freq": [20.0, 68.00000004249999, 116.00000061625, 164.00000102500002, 212.0000017225, 260.00000121875, 308.00000413875006, 356.00000178, 404.00000404, 452.00000113000004, 500.0, 548.0000054800001, 596.0000018625001, 644.0000128800003, 692.0000309237514, 740.0000127187502, 788.0000398925021, 836.0000428450022, 884.0000005525001, 932.0000393187518, 980.0000367500014, 1028.000071638755], "ampl": [682.1986722648694, 3351.8905033891947, 6367.849736032571, 9119.938812908536, 11489.793721575465, 13481.156273515522, 15112.674025289589, 16433.61328685239, 17505.675546952694, 18367.053084049898, 19064.86272915106, 19628.988422342718, 20087.905873432126, 20461.74014151394, 20767.78227459372, 21011.842707401065, 21209.385493790713, 21372.250228250356, 21501.652147187393, 21599.827307810436, 21674.16030639369, 21738.848595597185]}, "6": {"freq": [20.0, 68.00000004249999, 116.00000061625, 164.00000102500002, 212.0000017225, 260.00000121875, 308.00000413875006, 356.00000178, 404.00000404, 452.00000113000004, 500.0, 548.0000054800001, 596.0000018625001, 644.0000128800003, 692.0000309237514, 740.0000127187502, 788.0000398925021, 836.0000428450022, 884.0000005525001, 932.0000393187518, 980.0000367500014, 1028.000071638755], "ampl": [692.4247978534113, 3378.2679994689306, 6412.093080600933, 9179.850298829997, 11565.938883209323, 13569.367941799572, 15210.383589444722, 16537.98667493584, 17613.710813569684, 18478.301685668568, 19175.768885353373, 19741.114806372767, 20197.166109040932, 20570.97319314526, 20873.660646874472, 21116.207875305612, 21311.002129473578, 21472.895060173036, 21600.633575594125, 21696.02051670788, 21771.602534789556, 21830.804334465316]}, "7": {"freq": [20.0, 68.00000004249999, 116.00000061625, 164.00000102500002, 212.0000017225, 260.00000121875, 308.00000413875006, 356.00000178, 404.00000404, 452.00000113000004, 500.0, 548.0000054800001, 596.0000018625001, 644.0000128800003, 692.0000309237514, 740.0000127187502, 788.0000398925021, 836.0000428450022, 884.0000005525001, 932.0000393187518, 980.0000367500014, 1028.000071638755], "ampl": [693.7033651428168, 3399.259337863513, 6452.1335408944615, 9227.240570124328, 11612.521809614685, 13610.58974310449, 15241.14334455147, 16555.26184438561, 17617.999883235527, 18471.664386688404, 19156.53339520538, 19710.61760711429, 20158.521342479617, 20523.842335521695, 20820.38736957238, 21057.406369242053, 21246.08562673605, 21402.07927354021, 21525.194105052004, 21618.75918079268, 21690.494732378484, 21745.379491641193]}, "wireSegments": null, "apaChannels": null, "measuredBy": null, "stage": null, "apaUuid": null, "layer": null, "headboardNum": null, "side": null}