{"0": {"freq": [20.0, 68.00000004249999, 116.00000061625, 164.00000102500002, 212.0000017225, 260.00000121875, 308.00000413875006, 356.00000178, 404.00000404, 452.00000113000004, 500.0, 548.0000054800001, 596.0000018625001, 644.0000128800003, 692.0000309237514, 740.0000127187502, 788.0000398925021, 836.0000428450022, 884.0000005525001, 932.0000393187518, 980.0000367500014, 1028.000071638755], "ampl": [1.0763228461390166, 11.416681501317312, 21.249638026350443, 32.062559162152084, 41.80896272440319, 50.281804128505094, 59.176115531573636, 69.58151855686235, 77.43309925900178, 86.03897542680842, 95.1773588676493, 104.5162120411761, 111.93812429852494, 120.63511224355553, 128.0283403194409, 137.54789369902207, 145.27181783963525, 152.4924518362051, 160.35475330676854, 169.0677745307342, 175.36081344728206, 183.77689064419764]}, "1": {"freq": [20.0, 68.00000004249999, 116.00000061625, 164.00000102500002, 212.0000017225, 260.00000121875, 308.00000413875006, 356.00000178, 404.00000404, 452.00000113000004, 500.0, 548.0000054800001, 596.0000018625001, 644.0000128800003, 692.0000309237514, 740.0000127187502, 788.0000398925021, 836.0000428450022, 884.0000005525001, 932.0000393187518, 980.0000367500014, 1028.000071638755], "ampl": [2.2067509945492705, 15.816185753053649, 31.591392366108032, 47.85524602696106, 62.29287186159927, 77.31215702778489, 92.13112064087275, 105.90018456509742, 120.97130247179696, 134.50416782792192, 148.05408559888633, 162.21045147915711, 176.10200448316073, 188.90827137772192, 202.32087219838922, 215.27904234976862, 228.2385122545761, 241.03571252564532, 252.75784021348812, 266.0264557859362, 275.9411736166219, 288.3634021211606]}, "2": {"freq": [20.0, 68.00000004249999, 116.00000061625, 164.00000102500002, 212.0000017225, 260.00000121875, 308.00000413875006, 356.00000178, 404.00000404, 452.00000113000004, 500.0, 548.0000054800001, 596.0000018625001, 644.0000128800003, 692.0000309237514, 740.0000127187502, 788.0000398925021, 836.0000428450022, 884.0000005525001, 932.0000393187518, 980.0000367500014, 1028.000071638755], "ampl": [1.3688024433185673, 16.16260084213409, 30.299037399752503, 47.30071167094951, 62.448383646878405, 76.2369117375138, 91.67660994151389, 106.33113479094065, 122.18086153894357, 136.156076175758, 148.88060970329443, 163.83120616981532, 177.3240904263848, 189.97746013307625, 202.56846694190915, 217.07279853701425, 229.3560965194941, 242.38838146120486, 254.42396175960056, 267.61754391072367, 279.54092295603806, 290.37432989673874]}, "3": {"freq": [20.0, 68.00000004249999, 116.00000061625, 164.00000102500002, 212.0000017225, 260.00000121875, 308.00000413875006, 356.00000178, 404.00000404, 452.00000113000004, 500.0, 548.0000054800001, 596.0000018625001, 644.0000128800003, 692.0000309237514, 740.0000127187502, 788.0000398925021, 836.0000428450022, 884.0000005525001, 932.0000393187518, 980.0000367500014, 1028.000071638755], "ampl": [1.2541745764041878, 15.762688802549434, 32.10466150089373, 48.275848910603194, 63.868440227114704, 80.89623524714, 97.33705025509772, 112.95472489038607, 129.98992537332128, 145.0901194346277, 162.0065258135363, 178.20676065763945, 193.25835389139564, 208.88138029446432, 223.70713786098995, 239.55223980790024, 254.35134913947553, 270.09397952536074, 283.0107013002095, 298.40734420750135, 310.8741714114766, 325.0650795079702]}, "4": {"freq": [20.0, 68.00000004249999, 116.00000061625, 164.00000102500002, 212.0000017225, 260.00000121875, 308.00000413875006, 356.00000178, 404.00000404, 452.00000113000004, 500.0, 548.0000054800001, 596.0000018625001, 644.0000128800003, 692.0000309237514, 740.0000127187502, 788.0000398925021, 836.0000428450022, 884.0000005525001, 932.0000393187518, 980.0000367500014, 1028.000071638755], "ampl": [698.4772939031773, 3418.0341515745254, 6488.465679787774, 9289.995949816366, 11714.55051771147, 13743.980180961174, 15407.353799167346, 16764.138415414323, 17852.724907647415, 18732.63591380399, 19446.611166490733, 20025.99790245508, 20494.14555374259, 20874.66820233458, 21182.01879119614, 21429.918661501055, 21633.269535401654, 21794.820865893875, 21919.359957596305, 22046.865062759694, 22098.08789509304, 22150.83632486264]}, "5": {"freq": [20.0, 68.00000004249999, 116.00000061625, 164.00000102500002, 212.0000017225, 260.00000121875, 308.00000413875006, 356.00000178, 404.00000404, 452.00000113000004, 500.0, 548.0000054800001, 596.0000018625001, 644.0000128800003, 692.0000309237514, 740.0000127187502, 788.0000398925021, 836.0000428450022, 884.0000005525001, 932.0000393187518, 980.0000367500014, 1028.000071638755], "ampl": [682.7788903730919, 3351.9303146062725, 6380.64656531418, 9160.23923117273, 11573.646973079516, 13603.501805376096, 15272.459146874286, 16637.067152182222, 17738.576302254507, 18630.830365390182, 19356.043327588766, 19946.605612518873, 20423.43080539078, 20813.657270794298, 21126.750071588, 21384.94851787655, 21590.24395019071, 21761.76437462265, 21890.734193061886, 22020.78596894047, 22076.214971628648, 22131.186601268295]}, "6": {"freq": [20.0, 68.00000004249999, 116.00000061625, 164.00000102500002, 212.0000017225, 260.00000121875, 308.00000413875006, 356.00000178, 404.00000404, 452.00000113000004, 500.0, 548.0000054800001, 596.0000018625001, 644.0000128800003, 692.0000309237514, 740.0000127187502, 788.0000398925021, 836.0000428450022, 884.0000005525001, 932.0000393187518, 980.0000367500014, 1028.000071638755], "ampl": [698.5116644556205, 3409.9499294705333, 6464.458573125016, 9240.99029099058, 11633.96371965215, 13630.176575748972, 15259.622506216974, 16582.46242467174, 17645.688425483284, 18499.427415052658, 19193.737882555262, 19755.110739097716, 20206.5015589789, 20574.03291832924, 20869.687441751154, 21111.456420552353, 21304.768591450666, 21461.15703090847, 21579.87777127296, 21696.956311940492, 21749.89275589551, 21799.823951587907]}, "7": {"freq": [20.0, 68.00000004249999, 116.00000061625, 164.00000102500002, 212.0000017225, 260.00000121875, 308.00000413875006, 356.00000178, 404.00000404, 452.00000113000004, 500.0, 548.0000054800001, 596.0000018625001, 644.0000128800003, 692.0000309237514, 740.0000127187502, 788.0000398925021, 836.0000428450022, 884.0000005525001, 932.0000393187518, 980.0000367500014, 1028.000071638755], "ampl": [370.6491689199134, 1800.7485633991907, 3503.473984348977, 5159.086456345758, 6678.624715551553, 8039.068785487514, 9233.919249293132, 10269.649759074558, 11155.173854860277, 11909.034271552962, 12549.743017989424, 13093.776796881577, 13552.080061549439, 13939.828519179282, 14264.705636103969, 14542.5151644007, 14775.783310489887, 14969.811390372519, 15130.499098299942, 15287.51904078031, 15382.358523993544, 15469.462029326354]}, "wireSegments": null, "apaChannels": null, "measuredBy": null, "stage": null, "apaUuid": null, "layer": null, "headboardNum": null, "side": null}