{"0": {"freq": [20.0, 68.00000004249999, 116.00000061625, 164.00000102500002, 212.0000017225, 260.00000121875, 308.00000413875006, 356.00000178, 404.00000404, 452.00000113000004, 500.0, 548.0000054800001, 596.0000018625001, 644.0000128800003, 692.0000309237514, 740.0000127187502, 788.0000398925021, 836.0000428450022, 884.0000005525001, 932.0000393187518, 980.0000367500014, 1028.000071638755], "ampl": [680.0827307938524, 3324.6256357206676, 6293.433392116599, 9015.066395375163, 11386.988893727203, 13404.165568438651, 15070.183506598496, 16431.415703162795, 17540.073550203575, 18446.050904036525, 19181.4181382315, 19782.73779552038, 20288.551515055013, 20667.693128461677, 20990.717931808984, 21258.691280583582, 21468.365826505564, 21661.24891077677, 21804.384038104505, 21895.796204190625, 21978.27848943906, 22038.973926669732]}, "1": {"freq": [20.0, 68.00000004249999, 116.00000061625, 164.00000102500002, 212.0000017225, 260.00000121875, 308.00000413875006, 356.00000178, 404.00000404, 452.00000113000004, 500.0, 548.0000054800001, 596.0000018625001, 644.0000128800003, 692.0000309237514, 740.0000127187502, 788.0000398925021, 836.0000428450022, 884.0000005525001, 932.0000393187518, 980.0000367500014, 1028.000071638755], "ampl": [667.361842441728, 3256.178783027696, 6167.719218422482, 8841.665663962345, 11178.171933297757, 13163.268721204486, 14808.769328909182, 16155.088999461797, 17252.997797780852, 18151.17807344882, 18883.01599960733, 19480.779398406172, 19984.6104684479, 20361.40360888655, 20684.40889226532, 20953.460895311215, 21166.84813349928, 21361.29335237091, 21490.96470137716, 21594.500765571767, 21677.46193397997, 21739.98697888049]}, "2": {"freq": [20.0, 68.00000004249999, 116.00000061625, 164.00000102500002, 212.0000017225, 260.00000121875, 308.00000413875006, 356.00000178, 404.00000404, 452.00000113000004, 500.0, 548.0000054800001, 596.0000018625001, 644.0000128800003, 692.0000309237514, 740.0000127187502, 788.0000398925021, 836.0000428450022, 884.0000005525001, 932.0000393187518, 980.0000367500014, 1028.000071638755], "ampl": [691.5242889972525, 3381.6147612657496, 6390.693117654757, 9141.016454847753, 11530.704848064224, 13551.100182438564, 15218.650529582988, 16575.930142572088, 17680.19641710388, 18579.175422702643, 19312.17406173656, 19905.861154799888, 20408.97429736322, 20781.8356536889, 21104.21807533725, 21367.62024610729, 21579.133979585615, 21770.85544095884, 21896.92072597474, 21999.945917321405, 22078.006713463405, 22140.651964283887]}, "3": {"freq": [20.0, 68.00000004249999, 116.00000061625, 164.00000102500002, 212.0000017225, 260.00000121875, 308.00000413875006, 356.00000178, 404.00000404, 452.00000113000004, 500.0, 548.0000054800001, 596.0000018625001, 644.0000128800003, 692.0000309237514, 740.0000127187502, 788.0000398925021, 836.0000428450022, 884.0000005525001, 932.0000393187518, 980.0000367500014, 1028.000071638755], "ampl": [356.3406960268755, 1752.2795737855783, 3389.9513051974845, 4988.335861425671, 6472.0882228615, 7822.430790750104, 9020.736700689444, 10071.086154255168, 10980.83836419284, 11769.490148224479, 12445.063021311606, 13022.824875123075, 13526.729328682784, 13932.681759446468, 14289.051441017731, 14594.998019635203, 14851.531365211475, 15080.743709790187, 15262.869100893562, 15410.58884110339, 15539.37510621786, 15644.260667698027]}, "4": {"freq": [20.0, 68.00000004249999, 116.00000061625, 164.00000102500002, 212.0000017225, 260.00000121875, 308.00000413875006, 356.00000178, 404.00000404, 452.00000113000004, 500.0, 548.0000054800001, 596.0000018625001, 644.0000128800003, 692.0000309237514, 740.0000127187502, 788.0000398925021, 836.0000428450022, 884.0000005525001, 932.0000393187518, 980.0000367500014, 1028.000071638755], "ampl": [702.5061706608915, 3413.6504093379426, 6437.50621878553, 9189.768894482564, 11567.658912938767, 13565.713929939842, 15199.960520891385, 16526.95034479311, 17599.64459858843, 18467.955816033307, 19172.417327907322, 19742.28621738836, 20222.00057790229, 20576.24046716467, 20881.07608246608, 21129.682479458734, 21327.927694946084, 21503.576751838056, 21628.723576024135, 21716.649208928626, 21788.509534375167, 21843.218551861555]}, "5": {"freq": [20.0, 68.00000004249999, 116.00000061625, 164.00000102500002, 212.0000017225, 260.00000121875, 308.00000413875006, 356.00000178, 404.00000404, 452.00000113000004, 500.0, 548.0000054800001, 596.0000018625001, 644.0000128800003, 692.0000309237514, 740.0000127187502, 788.0000398925021, 836.0000428450022, 884.0000005525001, 932.0000393187518, 980.0000367500014, 1028.000071638755], "ampl": [689.1038812811723, 3359.314951502835, 6349.637291514146, 9081.397499005761, 11448.52326762486, 13446.760634159491, 15086.829832093834, 16421.613660609077, 17504.534354548498, 18383.66966079402, 19099.630244396372, 19677.27423952628, 20166.93506717358, 20529.623977958476, 20841.405080055192, 21096.561966030364, 21301.474838352202, 21483.099947698123, 21610.57402292636, 21704.37426488502, 21779.86990495584, 21836.324364361695]}, "6": {"freq": [20.0, 68.00000004249999, 116.00000061625, 164.00000102500002, 212.0000017225, 260.00000121875, 308.00000413875006, 356.00000178, 404.00000404, 452.00000113000004, 500.0, 548.0000054800001, 596.0000018625001, 644.0000128800003, 692.0000309237514, 740.0000127187502, 788.0000398925021, 836.0000428450022, 884.0000005525001, 932.0000393187518, 980.0000367500014, 1028.000071638755], "ampl": [712.6356276833853, 3451.384713937846, 6495.251253603715, 9245.022049873234, 11604.97941183619, 13571.711655923476, 15170.833891493983, 16460.0431778111, 17497.469908710107, 18331.5209526847, 19005.328956215057, 19547.852684935555, 20002.647855325653, 20339.031733330008, 20625.604132418703, 20859.233841480996, 21044.013546920316, 21210.929994106973, 21328.62687196764, 21405.840555657014, 21471.649916058665, 21518.410506712804]}, "7": {"freq": [20.0, 68.00000004249999, 116.00000061625, 164.00000102500002, 212.0000017225, 260.00000121875, 308.00000413875006, 356.00000178, 404.00000404, 452.00000113000004, 500.0, 548.0000054800001, 596.0000018625001, 644.0000128800003, 692.0000309237514, 740.0000127187502, 788.0000398925021, 836.0000428450022, 884.0000005525001, 932.0000393187518, 980.0000367500014, 1028.000071638755], "ampl": [355.89316717517676, 1723.1263179241548, 3319.454964373737, 4861.538644235211, 6279.031005412331, 7551.7272003958715, 8669.20734414676, 9639.07006463734, 10468.81717779727, 11180.438981934214, 11784.534269591339, 12294.97669859858, 12741.483856423294, 13092.50265100449, 13400.099679227693, 13660.924176406475, 13878.688925538745, 14074.56601137976, 14226.60477878907, 14347.761735940414, 14455.407954328375, 14539.94157962294]}, "wireSegments": null, "apaChannels": null, "measuredBy": null, "stage": null, "apaUuid": null, "layer": null, "headboardNum": null, "side": null}