{"0": {"freq": [20.0, 68.00000004249999, 116.00000061625, 164.00000102500002, 212.0000017225, 260.00000121875, 308.00000413875006, 356.00000178, 404.00000404, 452.00000113000004, 500.0, 548.0000054800001, 596.0000018625001, 644.0000128800003, 692.0000309237514, 740.0000127187502, 788.0000398925021, 836.0000428450022, 884.0000005525001, 932.0000393187518, 980.0000367500014, 1028.000071638755], "ampl": [364.7678114367713, 1786.9317674747144, 3470.958888784827, 5114.414932427332, 6640.745947024134, 8017.504811764316, 9235.445121238734, 10300.100259671757, 11219.112557208446, 12006.647305792085, 12686.531817544888, 13255.074970226984, 13744.258910284005, 14152.820291040876, 14505.340791492634, 14802.167553735862, 15053.513007785315, 15266.14382272001, 15441.505412723325, 15589.123778841225, 15735.81786083685, 15814.753875716246]}, "1": {"freq": [20.0, 68.00000004249999, 116.00000061625, 164.00000102500002, 212.0000017225, 260.00000121875, 308.00000413875006, 356.00000178, 404.00000404, 452.00000113000004, 500.0, 548.0000054800001, 596.0000018625001, 644.0000128800003, 692.0000309237514, 740.0000127187502, 788.0000398925021, 836.0000428450022, 884.0000005525001, 932.0000393187518, 980.0000367500014, 1028.000071638755], "ampl": [670.1632924101835, 3266.071325328824, 6179.1859884357755, 8845.449171868293, 11165.57692399489, 13118.887885653687, 14734.488788881037, 16059.088924019692, 17132.742775365867, 18005.922080987086, 18725.42352372424, 19298.264803723592, 19772.18877311197, 20156.101727080422, 20473.150793008586, 20727.589562407644, 20940.874735994097, 21112.420944745543, 21237.891153356268, 21346.72301634198, 21456.77595776758, 21489.543961534204]}, "2": {"freq": [20.0, 68.00000004249999, 116.00000061625, 164.00000102500002, 212.0000017225, 260.00000121875, 308.00000413875006, 356.00000178, 404.00000404, 452.00000113000004, 500.0, 548.0000054800001, 596.0000018625001, 644.0000128800003, 692.0000309237514, 740.0000127187502, 788.0000398925021, 836.0000428450022, 884.0000005525001, 932.0000393187518, 980.0000367500014, 1028.000071638755], "ampl": [687.433184421491, 3343.837404156474, 6319.227164041809, 9043.498173312288, 11414.957619861641, 13411.320897173327, 15060.207237957817, 16411.920399380517, 17505.645910408148, 18395.578954778524, 19126.588075256794, 19709.207562261978, 20190.355882303335, 20578.13304067399, 20899.465364034542, 21154.552505222106, 21369.758185197265, 21541.349116617024, 21666.432052904718, 21775.18686340982, 21887.207810522443, 21918.823446074082]}, "3": {"freq": [20.0, 68.00000004249999, 116.00000061625, 164.00000102500002, 212.0000017225, 260.00000121875, 308.00000413875006, 356.00000178, 404.00000404, 452.00000113000004, 500.0, 548.0000054800001, 596.0000018625001, 644.0000128800003, 692.0000309237514, 740.0000127187502, 788.0000398925021, 836.0000428450022, 884.0000005525001, 932.0000393187518, 980.0000367500014, 1028.000071638755], "ampl": [684.3048144854845, 3335.6353109766064, 6308.987506297122, 9028.587438712439, 11390.74420641234, 13375.618265592284, 15014.128427360838, 16351.478003011598, 17433.230450969273, 18310.185871421196, 19031.755661366748, 19604.82426615725, 20075.39005491894, 20455.99260955595, 20772.069736395133, 21023.774678898553, 21231.27831832826, 21399.805132177076, 21525.020991821817, 21627.991978921295, 21735.460737623907, 21762.81948409182]}, "4": {"freq": [20.0, 68.00000004249999, 116.00000061625, 164.00000102500002, 212.0000017225, 260.00000121875, 308.00000413875006, 356.00000178, 404.00000404, 452.00000113000004, 500.0, 548.0000054800001, 596.0000018625001, 644.0000128800003, 692.0000309237514, 740.0000127187502, 788.0000398925021, 836.0000428450022, 884.0000005525001, 932.0000393187518, 980.0000367500014, 1028.000071638755], "ampl": [381.8717350208499, 1857.9124584970966, 3597.8710623595125, 5282.767782601944, 6836.604628395832, 8230.719280975522, 9452.487749844478, 10513.167703351834, 11419.132936407847, 12190.426108775042, 12853.17716325995, 13404.91899179381, 13872.968058699202, 14263.843120352325, 14598.913452248406, 14878.074613917022, 15115.865182015446, 15316.166080974821, 15476.872920930817, 15613.973881553771, 15748.445559242931, 15819.722268085447]}, "5": {"freq": [20.0, 68.00000004249999, 116.00000061625, 164.00000102500002, 212.0000017225, 260.00000121875, 308.00000413875006, 356.00000178, 404.00000404, 452.00000113000004, 500.0, 548.0000054800001, 596.0000018625001, 644.0000128800003, 692.0000309237514, 740.0000127187502, 788.0000398925021, 836.0000428450022, 884.0000005525001, 932.0000393187518, 980.0000367500014, 1028.000071638755], "ampl": [681.2009977231177, 3307.358340932045, 6241.495309265388, 8913.592937809955, 11222.321006256663, 13153.156913982255, 14740.95102039989, 16033.97932915341, 17076.676452159714, 17923.300895648885, 18615.892307541173, 19167.94910391347, 19621.45857038898, 19988.380447321375, 20290.322124537543, 20533.610030360964, 20732.352140020666, 20894.334527567924, 21014.44609727004, 21114.02190471118, 21216.869468864985, 21246.192745693654]}, "6": {"freq": [20.0, 68.00000004249999, 116.00000061625, 164.00000102500002, 212.0000017225, 260.00000121875, 308.00000413875006, 356.00000178, 404.00000404, 452.00000113000004, 500.0, 548.0000054800001, 596.0000018625001, 644.0000128800003, 692.0000309237514, 740.0000127187502, 788.0000398925021, 836.0000428450022, 884.0000005525001, 932.0000393187518, 980.0000367500014, 1028.000071638755], "ampl": [713.4183943444147, 3436.2769500342833, 6473.338901476473, 9225.577926869164, 11596.339576557602, 13569.08840031293, 15178.688663248347, 16483.856551220517, 17531.625675705112, 18374.095436143427, 19065.110748151183, 19608.164442429916, 20052.888969070398, 20409.784660425656, 20705.857111205976, 20939.86033386289, 21133.59063129767, 21285.337742054864, 21401.186563595285, 21490.191783490533, 21587.726236141265, 21611.353487626457]}, "7": {"freq": [20.0, 68.00000004249999, 116.00000061625, 164.00000102500002, 212.0000017225, 260.00000121875, 308.00000413875006, 356.00000178, 404.00000404, 452.00000113000004, 500.0, 548.0000054800001, 596.0000018625001, 644.0000128800003, 692.0000309237514, 740.0000127187502, 788.0000398925021, 836.0000428450022, 884.0000005525001, 932.0000393187518, 980.0000367500014, 1028.000071638755], "ampl": [697.0111820429947, 3378.068517863202, 6367.351578326844, 9075.36428350905, 11409.785233721788, 13352.554795410359, 14940.628071795132, 16226.772642026934, 17258.68697432599, 18091.852017124984, 18772.10722687478, 19310.05610202883, 19749.25089575908, 20103.90335010486, 20395.085854331453, 20627.730024442015, 20816.310468914373, 20969.246264055986, 21078.74451585285, 21173.726594109674, 21277.876548822358, 21294.01208264024]}, "wireSegments": null, "apaChannels": null, "measuredBy": null, "stage": null, "apaUuid": null, "layer": null, "headboardNum": null, "side": null}