{"scanEndMode": 0, "0": {"freq": [20.0, 68.00000004249999, 116.00000061625, 164.00000102500002, 212.0000017225, 260.00000121875, 308.00000413875006, 356.00000178, 404.00000404, 452.00000113000004, 500.0, 548.0000054800001, 596.0000018625001, 644.0000128800003, 692.0000309237514, 740.0000127187502, 788.0000398925021, 836.0000428450022, 884.0000005525001, 932.0000393187518, 980.0000367500014, 1028.000071638755], "ampl": [81.59279437016292, 455.0194084862075, 880.3517168619497, 1301.1485215623602, 1705.0374443598218, 2087.8207113466765, 2444.797847158481, 2776.767018154128, 3083.1178749396054, 3361.3189198231985, 3615.636088433547, 3843.668863730784, 4052.6468323597887, 4239.545718548198, 4406.696360035324, 4555.962556520301, 4689.002513135499, 4808.817981215446, 4909.973323945509, 4998.807928354387, 5083.864350912754, 5156.76900416935]}, "1": {"freq": [20.0, 68.00000004249999, 116.00000061625, 164.00000102500002, 212.0000017225, 260.00000121875, 308.00000413875006, 356.00000178, 404.00000404, 452.00000113000004, 500.0, 548.0000054800001, 596.0000018625001, 644.0000128800003, 692.0000309237514, 740.0000127187502, 788.0000398925021, 836.0000428450022, 884.0000005525001, 932.0000393187518, 980.0000367500014, 1028.000071638755], "ampl": [67.71280602579965, 371.30519210134037, 720.994013748702, 1067.0834325999808, 1402.0849389116106, 1721.0711285861746, 2021.508863513896, 2304.031910538217, 2565.3401206939548, 2805.53437457854, 3025.1106797612033, 3226.29946016873, 3408.899446050356, 3573.830165297238, 3723.2975076379043, 3858.47542763807, 3979.077010628095, 4087.0323430653534, 4183.55061878505, 4268.443101156979, 4346.018655324005, 4414.043808761138]}, "2": {"freq": [20.0, 68.00000004249999, 116.00000061625, 164.00000102500002, 212.0000017225, 260.00000121875, 308.00000413875006, 356.00000178, 404.00000404, 452.00000113000004, 500.0, 548.0000054800001, 596.0000018625001, 644.0000128800003, 692.0000309237514, 740.0000127187502, 788.0000398925021, 836.0000428450022, 884.0000005525001, 932.0000393187518, 980.0000367500014, 1028.000071638755], "ampl": [84.90358995487375, 477.00263771524675, 921.3752023772926, 1362.4943192658357, 1784.2352715534664, 2184.232726912789, 2556.847865407906, 2901.5194744392466, 3219.4858956256508, 3507.2826860099967, 3772.072323912793, 4008.077538686778, 4222.002975755011, 4414.059829085175, 4583.0854120597605, 4738.206895026593, 4873.730941580437, 4993.563523587737, 5099.228541468069, 5189.471294376748, 5275.027825899325, 5349.795722274784]}, "3": {"freq": [20.0, 68.00000004249999, 116.00000061625, 164.00000102500002, 212.0000017225, 260.00000121875, 308.00000413875006, 356.00000178, 404.00000404, 452.00000113000004, 500.0, 548.0000054800001, 596.0000018625001, 644.0000128800003, 692.0000309237514, 740.0000127187502, 788.0000398925021, 836.0000428450022, 884.0000005525001, 932.0000393187518, 980.0000367500014, 1028.000071638755], "ampl": [67.56428852925374, 370.86339059120996, 719.645463563009, 1067.0631901309152, 1404.2008553103776, 1724.1793160400127, 2023.4918606554504, 2306.704740521725, 2570.0029212446398, 2808.9229862375178, 3030.6545151263595, 3231.3923945728448, 3415.167508793823, 3580.755421640185, 3729.8589029067566, 3865.625675127272, 3987.504896582796, 4096.016841035621, 4189.88097691698, 4271.52301883147, 4351.710428882721, 4421.828289800855]}, "4": {"freq": [20.0, 68.00000004249999, 116.00000061625, 164.00000102500002, 212.0000017225, 260.00000121875, 308.00000413875006, 356.00000178, 404.00000404, 452.00000113000004, 500.0, 548.0000054800001, 596.0000018625001, 644.0000128800003, 692.0000309237514, 740.0000127187502, 788.0000398925021, 836.0000428450022, 884.0000005525001, 932.0000393187518, 980.0000367500014, 1028.000071638755], "ampl": [105.69684797422339, 578.3388726091478, 1113.1029772092272, 1639.1834322421341, 2139.956673725117, 2606.8292199733132, 3042.0144140401135, 3438.00660099662, 3797.1906464639187, 4121.839886133678, 4413.612198221629, 4671.864444148479, 4902.740734788367, 5107.66517171577, 5288.463194293104, 5447.717845105363, 5586.86272046717, 5709.615202385753, 5817.4267224901605, 5911.708382760782, 5993.602420267094, 6064.569624003273]}, "5": {"freq": [20.0, 68.00000004249999, 116.00000061625, 164.00000102500002, 212.0000017225, 260.00000121875, 308.00000413875006, 356.00000178, 404.00000404, 452.00000113000004, 500.0, 548.0000054800001, 596.0000018625001, 644.0000128800003, 692.0000309237514, 740.0000127187502, 788.0000398925021, 836.0000428450022, 884.0000005525001, 932.0000393187518, 980.0000367500014, 1028.000071638755], "ampl": [18.542463982331093, 110.4031915252732, 214.24477903145484, 318.8737900812311, 421.7030461985349, 523.4527656072889, 621.9082360100922, 719.406819649866, 811.2617810752982, 902.1707111865759, 989.8303479094379, 1074.2741761283764, 1153.5506284461196, 1231.5607516680152, 1305.673280164403, 1372.7879136720196, 1440.4098721696055, 1502.6735617995585, 1562.1472119478058, 1617.522730884599, 1669.807062494738, 1718.6829615186114]}, "6": {"freq": [20.0, 68.00000004249999, 116.00000061625, 164.00000102500002, 212.0000017225, 260.00000121875, 308.00000413875006, 356.00000178, 404.00000404, 452.00000113000004, 500.0, 548.0000054800001, 596.0000018625001, 644.0000128800003, 692.0000309237514, 740.0000127187502, 788.0000398925021, 836.0000428450022, 884.0000005525001, 932.0000393187518, 980.0000367500014, 1028.000071638755], "ampl": [108.45319900170135, 592.1452622793485, 1139.0272949379062, 1675.1925372474368, 2183.7124309824194, 2658.280770576732, 3094.6853692473537, 3491.2984796827614, 3847.607890373289, 4168.273174215043, 4453.630540695798, 4707.348907625319, 4931.602941533748, 5127.985548389165, 5300.7191287803, 5452.475358635249, 5584.545485379985, 5700.764367504341, 5801.9315029987665, 5890.181002499586, 5966.893532761848, 6030.529352268791]}, "7": {"freq": [20.0, 68.00000004249999, 116.00000061625, 164.00000102500002, 212.0000017225, 260.00000121875, 308.00000413875006, 356.00000178, 404.00000404, 452.00000113000004, 500.0, 548.0000054800001, 596.0000018625001, 644.0000128800003, 692.0000309237514, 740.0000127187502, 788.0000398925021, 836.0000428450022, 884.0000005525001, 932.0000393187518, 980.0000367500014, 1028.000071638755], "ampl": [25.610761884765004, 62.29051908274289, 99.71289767624786, 135.46046722539816, 172.320331769936, 207.89929224313573, 243.32016555310892, 278.33815008326286, 311.8529970210269, 343.3612627530966, 374.67119087486554, 406.37007397905046, 435.29522782266656, 462.86620958977886, 487.8628204396219, 512.5371467747216, 536.2705187532525, 558.777772766791, 579.3903365727577, 599.4820122693236, 618.0764695706165, 635.2954288499672]}, "wireSegments": [82, 84, 86, 88, 90, 92, 94, 96], "apaChannels": [82, 84, 86, 88, 90, 92, 94, 96], "measuredBy": "Chris Stanford", "stage": "Installation (Top)", "apaUuid": "43cd3950-268d-11ec-b6f5-a70e70a44436", "layer": "X", "headboardNum": "2", "side": "B"}