{"0": {"freq": [20.0, 68.00000004249999, 116.00000061625, 164.00000102500002, 212.0000017225, 260.00000121875, 308.00000413875006, 356.00000178, 404.00000404, 452.00000113000004, 500.0, 548.0000054800001, 596.0000018625001, 644.0000128800003, 692.0000309237514, 740.0000127187502, 788.0000398925021, 836.0000428450022, 884.0000005525001, 932.0000393187518, 980.0000367500014, 1028.000071638755], "ampl": [304.23018245017147, 1361.7378522443157, 2577.964131270406, 3783.080799117893, 4932.797175809998, 5997.312289121806, 6971.989120427196, 7846.201267972268, 8627.700948254627, 9317.687079693895, 9924.706854057082, 10457.0592711064, 10922.3935214671, 11331.889437623451, 11677.31911105055, 11985.702954697592, 12247.142360009144, 12478.64282596073, 12674.973087178558, 12850.325411607944, 12992.924097649628, 13115.50659062613]}, "1": {"freq": [20.0, 68.00000004249999, 116.00000061625, 164.00000102500002, 212.0000017225, 260.00000121875, 308.00000413875006, 356.00000178, 404.00000404, 452.00000113000004, 500.0, 548.0000054800001, 596.0000018625001, 644.0000128800003, 692.0000309237514, 740.0000127187502, 788.0000398925021, 836.0000428450022, 884.0000005525001, 932.0000393187518, 980.0000367500014, 1028.000071638755], "ampl": [441.20207318675693, 2232.3084380710484, 4304.294678456289, 6284.112930748787, 8093.992060305447, 9706.191809412134, 11115.852028278792, 12328.50990063703, 13374.650365529787, 14254.302801422988, 15005.441306261548, 15642.726859473407, 16182.859038620994, 16643.820479446073, 17020.32287183412, 17349.308042918547, 17618.857459946234, 17852.645848602606, 18048.315693059754, 18215.324150776636, 18344.763531916095, 18452.630844971547]}, "2": {"freq": [20.0, 68.00000004249999, 116.00000061625, 164.00000102500002, 212.0000017225, 260.00000121875, 308.00000413875006, 356.00000178, 404.00000404, 452.00000113000004, 500.0, 548.0000054800001, 596.0000018625001, 644.0000128800003, 692.0000309237514, 740.0000127187502, 788.0000398925021, 836.0000428450022, 884.0000005525001, 932.0000393187518, 980.0000367500014, 1028.000071638755], "ampl": [467.29540659631874, 2361.2140776384276, 4556.284998653842, 6653.293294593654, 8564.557294180566, 10268.230558150717, 11753.829639973215, 13031.90099839882, 14127.776792860202, 15047.8679910457, 15834.988991826232, 16496.63221790634, 17056.610761680968, 17534.607023899072, 17923.530819201933, 18262.638342395643, 18540.798099472926, 18778.342301476914, 18978.271773190412, 19150.898669771093, 19278.733250852467, 19391.49166937738]}, "3": {"freq": [20.0, 68.00000004249999, 116.00000061625, 164.00000102500002, 212.0000017225, 260.00000121875, 308.00000413875006, 356.00000178, 404.00000404, 452.00000113000004, 500.0, 548.0000054800001, 596.0000018625001, 644.0000128800003, 692.0000309237514, 740.0000127187502, 788.0000398925021, 836.0000428450022, 884.0000005525001, 932.0000393187518, 980.0000367500014, 1028.000071638755], "ampl": [452.32941228695154, 2296.414039582076, 4424.933132135908, 6459.157178688223, 8314.915387196343, 9966.285751303702, 11409.904674303554, 12649.143344120226, 13716.978018274755, 14614.299024189353, 15378.013406415635, 16024.819904349415, 16571.90648656479, 17037.983223183517, 17418.48013557805, 17750.481666196025, 18021.17422070419, 18255.55104984745, 18450.446911062754, 18619.558464991467, 18747.952548939644, 18856.964729840387]}, "4": {"freq": [20.0, 68.00000004249999, 116.00000061625, 164.00000102500002, 212.0000017225, 260.00000121875, 308.00000413875006, 356.00000178, 404.00000404, 452.00000113000004, 500.0, 548.0000054800001, 596.0000018625001, 644.0000128800003, 692.0000309237514, 740.0000127187502, 788.0000398925021, 836.0000428450022, 884.0000005525001, 932.0000393187518, 980.0000367500014, 1028.000071638755], "ampl": [2.3580884749358746, 18.947641172275603, 34.38774011384863, 48.746951535601816, 65.07984218233113, 79.48812823727019, 95.08490761484173, 110.2277814942288, 125.69021686888242, 141.0984231012486, 154.66031066596875, 170.08743178353558, 184.43327536382318, 199.60002337809263, 212.9333824851604, 227.7124901933825, 241.42059994539275, 255.03034948399954, 268.61198339390927, 281.6821186493356, 294.5271456345061, 307.5959098018886]}, "5": {"freq": [20.0, 68.00000004249999, 116.00000061625, 164.00000102500002, 212.0000017225, 260.00000121875, 308.00000413875006, 356.00000178, 404.00000404, 452.00000113000004, 500.0, 548.0000054800001, 596.0000018625001, 644.0000128800003, 692.0000309237514, 740.0000127187502, 788.0000398925021, 836.0000428450022, 884.0000005525001, 932.0000393187518, 980.0000367500014, 1028.000071638755], "ampl": [2.5695807208140176, 20.26985036469279, 38.94857816877939, 55.44207226927312, 72.67583096114953, 90.1175553268059, 106.50439588001208, 122.87705625033789, 137.43661883155596, 151.73672214495312, 167.81017244787793, 182.33573653389368, 197.23380849119474, 210.96685228714009, 224.88194441372667, 237.75720706722842, 252.0525843824699, 264.88735352083, 277.28022322194204, 291.2348030532158, 302.33461843379854, 314.7657429619893]}, "6": {"freq": [20.0, 68.00000004249999, 116.00000061625, 164.00000102500002, 212.0000017225, 260.00000121875, 308.00000413875006, 356.00000178, 404.00000404, 452.00000113000004, 500.0, 548.0000054800001, 596.0000018625001, 644.0000128800003, 692.0000309237514, 740.0000127187502, 788.0000398925021, 836.0000428450022, 884.0000005525001, 932.0000393187518, 980.0000367500014, 1028.000071638755], "ampl": [3.6563455424748317, 19.14086353506925, 37.87407618870334, 55.68076121917015, 71.65537881328561, 88.15976905284909, 103.38154559478062, 119.81043224941801, 135.22179064753544, 152.86186972304773, 166.52197345377996, 183.21440925464705, 196.58368880538416, 211.08587344434403, 224.8247160831953, 239.07729619910197, 252.419193187125, 266.5037617675599, 278.7594556830108, 291.702237394125, 304.60238553792817, 316.6385213726962]}, "7": {"freq": [20.0, 68.00000004249999, 116.00000061625, 164.00000102500002, 212.0000017225, 260.00000121875, 308.00000413875006, 356.00000178, 404.00000404, 452.00000113000004, 500.0, 548.0000054800001, 596.0000018625001, 644.0000128800003, 692.0000309237514, 740.0000127187502, 788.0000398925021, 836.0000428450022, 884.0000005525001, 932.0000393187518, 980.0000367500014, 1028.000071638755], "ampl": [4.302353984480681, 26.120232256603245, 47.203407119251494, 68.27194300403626, 89.74382496893219, 111.21106266381273, 131.32253415553308, 151.32665437766545, 172.17583383586697, 191.22735033112366, 210.12725634220735, 230.33792460144159, 248.4279101557287, 267.2545345969291, 284.70854838655083, 302.8003416476622, 320.6098804466666, 336.60792926913166, 354.8456349264916, 370.65222700137724, 386.76784981213183, 402.6727706834071]}, "wireSegments": null, "apaChannels": null, "measuredBy": null, "stage": null, "apaUuid": null, "layer": null, "headboardNum": null, "side": null}