{"0": {"freq": [20.0, 68.00000004249999, 116.00000061625, 164.00000102500002, 212.0000017225, 260.00000121875, 308.00000413875006, 356.00000178, 404.00000404, 452.00000113000004, 500.0, 548.0000054800001, 596.0000018625001, 644.0000128800003, 692.0000309237514, 740.0000127187502, 788.0000398925021, 836.0000428450022, 884.0000005525001, 932.0000393187518, 980.0000367500014, 1028.000071638755], "ampl": [268.0520016341039, 1329.3834700827722, 2573.363190401982, 3794.066125779299, 4947.021314965387, 6007.289442662402, 6971.739494354667, 7829.946634633183, 8592.502288720529, 9262.506501271711, 9848.963348085712, 10359.78518237085, 10807.814608386725, 11189.415642950635, 11520.910045082823, 11812.588507158616, 12057.08469318723, 12272.88521633606, 12456.463619040525, 12612.089457886226, 12764.527619150953, 12861.146917711309]}, "1": {"freq": [20.0, 68.00000004249999, 116.00000061625, 164.00000102500002, 212.0000017225, 260.00000121875, 308.00000413875006, 356.00000178, 404.00000404, 452.00000113000004, 500.0, 548.0000054800001, 596.0000018625001, 644.0000128800003, 692.0000309237514, 740.0000127187502, 788.0000398925021, 836.0000428450022, 884.0000005525001, 932.0000393187518, 980.0000367500014, 1028.000071638755], "ampl": [461.364233852539, 2311.7153598311957, 4423.08282614952, 6429.53415156347, 8248.687371618193, 9861.095626190343, 11263.826389223033, 12465.982387008225, 13489.812661193087, 14358.451858879787, 15090.336088860637, 15708.581741248623, 16233.470668244252, 16666.19627329562, 17032.491059540367, 17348.401241221047, 17607.77972829496, 17829.96219624958, 18010.632291273454, 18161.128828841163, 18308.882878340442, 18386.956211013272]}, "2": {"freq": [20.0, 68.00000004249999, 116.00000061625, 164.00000102500002, 212.0000017225, 260.00000121875, 308.00000413875006, 356.00000178, 404.00000404, 452.00000113000004, 500.0, 548.0000054800001, 596.0000018625001, 644.0000128800003, 692.0000309237514, 740.0000127187502, 788.0000398925021, 836.0000428450022, 884.0000005525001, 932.0000393187518, 980.0000367500014, 1028.000071638755], "ampl": [468.4302078889275, 2333.375221756217, 4464.766573688457, 6497.297338207555, 8351.947150697673, 10002.88566623793, 11447.306692419066, 12690.909145820562, 13755.759341246943, 14662.995056158936, 15430.945136706609, 16080.209578451682, 16634.66642853865, 17090.274207184942, 17480.134884736162, 17814.908449838636, 18089.66196269667, 18325.83364779258, 18520.23967240011, 18680.808419823305, 18838.790247558518, 18925.267695145638]}, "3": {"freq": [20.0, 68.00000004249999, 116.00000061625, 164.00000102500002, 212.0000017225, 260.00000121875, 308.00000413875006, 356.00000178, 404.00000404, 452.00000113000004, 500.0, 548.0000054800001, 596.0000018625001, 644.0000128800003, 692.0000309237514, 740.0000127187502, 788.0000398925021, 836.0000428450022, 884.0000005525001, 932.0000393187518, 980.0000367500014, 1028.000071638755], "ampl": [464.9898929102205, 2330.499350898318, 4462.119579098321, 6490.6555560025245, 8333.420721488434, 9967.106525813426, 11393.450486919819, 12617.030847108506, 13662.490118798396, 14550.577416145648, 15299.138144214268, 15933.910533311779, 16472.88606914662, 16918.283765121985, 17296.67528662752, 17622.674709829305, 17887.530067013926, 18115.747506287975, 18302.730779604397, 18460.56820704093, 18610.2204890281, 18693.82327100358]}, "4": {"freq": [20.0, 68.00000004249999, 116.00000061625, 164.00000102500002, 212.0000017225, 260.00000121875, 308.00000413875006, 356.00000178, 404.00000404, 452.00000113000004, 500.0, 548.0000054800001, 596.0000018625001, 644.0000128800003, 692.0000309237514, 740.0000127187502, 788.0000398925021, 836.0000428450022, 884.0000005525001, 932.0000393187518, 980.0000367500014, 1028.000071638755], "ampl": [263.2776158608687, 1251.7912104589016, 2394.054611536965, 3522.2656038567397, 4592.268426192404, 5591.233900905276, 6511.689814946916, 7344.446603180622, 8096.747108454301, 8767.43728561169, 9360.285819529245, 9885.783499794881, 10354.92491651196, 10758.672147864385, 11113.101285798208, 11429.940290604507, 11700.328778029698, 11942.016780878806, 12147.302895289155, 12325.067580570081, 12496.09202289526, 12615.391431010918]}, "5": {"freq": [20.0, 68.00000004249999, 116.00000061625, 164.00000102500002, 212.0000017225, 260.00000121875, 308.00000413875006, 356.00000178, 404.00000404, 452.00000113000004, 500.0, 548.0000054800001, 596.0000018625001, 644.0000128800003, 692.0000309237514, 740.0000127187502, 788.0000398925021, 836.0000428450022, 884.0000005525001, 932.0000393187518, 980.0000367500014, 1028.000071638755], "ampl": [452.5443329573774, 2279.279237017505, 4368.875630891774, 6362.71862081247, 8181.415842690757, 9798.88653975225, 11216.240869022973, 12436.657027319097, 13482.297800379463, 14372.406938664399, 15126.728785863992, 15768.562911282714, 16314.412475381965, 16766.14361187485, 17151.22571207008, 17484.29467156365, 17756.839793292034, 17990.786959116016, 18184.602646664862, 18346.811265330445, 18504.72099140249, 18593.809459331624]}, "6": {"freq": [20.0, 68.00000004249999, 116.00000061625, 164.00000102500002, 212.0000017225, 260.00000121875, 308.00000413875006, 356.00000178, 404.00000404, 452.00000113000004, 500.0, 548.0000054800001, 596.0000018625001, 644.0000128800003, 692.0000309237514, 740.0000127187502, 788.0000398925021, 836.0000428450022, 884.0000005525001, 932.0000393187518, 980.0000367500014, 1028.000071638755], "ampl": [460.5942089147854, 2302.279173790945, 4411.500440820844, 6420.343950436563, 8249.954311489444, 9875.754334014919, 11292.511283809486, 12510.934469397445, 13551.269346857922, 14434.71530904461, 15181.740140472582, 15810.55229378485, 16348.35903536096, 16789.10053913688, 17166.69928179846, 17489.70841873529, 17752.26193305078, 17980.996202474125, 18164.4844708207, 18321.696780419676, 18471.103056689735, 18552.66603782479]}, "7": {"freq": [20.0, 68.00000004249999, 116.00000061625, 164.00000102500002, 212.0000017225, 260.00000121875, 308.00000413875006, 356.00000178, 404.00000404, 452.00000113000004, 500.0, 548.0000054800001, 596.0000018625001, 644.0000128800003, 692.0000309237514, 740.0000127187502, 788.0000398925021, 836.0000428450022, 884.0000005525001, 932.0000393187518, 980.0000367500014, 1028.000071638755], "ampl": [464.7044019258154, 2328.24435749709, 4460.392740690962, 6489.348893306796, 8329.122425035852, 9962.631598636935, 11384.94422639499, 12605.309592529882, 13644.805552264175, 14526.569091216152, 15269.491091332833, 15895.66699225337, 16427.715443224406, 16867.2542519163, 17238.01689277805, 17558.638229091946, 17821.103194055788, 18045.06808072591, 18227.623798621935, 18382.278103505716, 18538.802228870925, 18607.870922337293]}, "wireSegments": null, "apaChannels": null, "measuredBy": null, "stage": null, "apaUuid": null, "layer": null, "headboardNum": null, "side": null}