{"0": {"freq": [20.0, 68.00000004249999, 116.00000061625, 164.00000102500002, 212.0000017225, 260.00000121875, 308.00000413875006, 356.00000178, 404.00000404, 452.00000113000004, 500.0, 548.0000054800001, 596.0000018625001, 644.0000128800003, 692.0000309237514, 740.0000127187502, 788.0000398925021, 836.0000428450022, 884.0000005525001, 932.0000393187518, 980.0000367500014, 1028.000071638755], "ampl": [459.65862834991907, 2343.815909478043, 4520.637738242938, 6601.956238536788, 8503.50733125156, 10201.920330404726, 11684.721634824858, 12968.625646197994, 14064.836979480766, 14993.794757498736, 15785.597133234549, 16453.495413537454, 17018.727974384303, 17497.18647943669, 17899.967794849967, 18241.288762392505, 18525.542560126138, 18770.86838716099, 18973.837542244066, 19142.07107745677, 19284.228226059968, 19394.362080801297]}, "1": {"freq": [20.0, 68.00000004249999, 116.00000061625, 164.00000102500002, 212.0000017225, 260.00000121875, 308.00000413875006, 356.00000178, 404.00000404, 452.00000113000004, 500.0, 548.0000054800001, 596.0000018625001, 644.0000128800003, 692.0000309237514, 740.0000127187502, 788.0000398925021, 836.0000428450022, 884.0000005525001, 932.0000393187518, 980.0000367500014, 1028.000071638755], "ampl": [482.404432818499, 2291.516571881176, 4358.370211252969, 6344.547164893, 8169.576619270263, 9808.753070609777, 11246.86737583723, 12496.575971105536, 13572.834874793638, 14486.767169252633, 15268.293962080435, 15931.322326768679, 16491.82511369617, 16970.702834152806, 17372.46693416285, 17715.24187183142, 17998.936723045186, 18248.201566663476, 18452.606710935543, 18623.49692523067, 18768.87257392901, 18881.995628616536]}, "2": {"freq": [20.0, 68.00000004249999, 116.00000061625, 164.00000102500002, 212.0000017225, 260.00000121875, 308.00000413875006, 356.00000178, 404.00000404, 452.00000113000004, 500.0, 548.0000054800001, 596.0000018625001, 644.0000128800003, 692.0000309237514, 740.0000127187502, 788.0000398925021, 836.0000428450022, 884.0000005525001, 932.0000393187518, 980.0000367500014, 1028.000071638755], "ampl": [468.82694414442045, 2386.018256743333, 4601.14987919592, 6713.89242163629, 8642.095908753356, 10358.683137020074, 11852.79018113785, 13142.332456169575, 14245.02179835931, 15175.003724383061, 15965.032300608404, 16631.777983901487, 17193.559002757513, 17671.763779877125, 18071.039827298053, 18410.794254282842, 18693.07792362001, 18935.200177081333, 19134.94346209719, 19302.037777681096, 19444.285083229403, 19551.788111969712]}, "3": {"freq": [20.0, 68.00000004249999, 116.00000061625, 164.00000102500002, 212.0000017225, 260.00000121875, 308.00000413875006, 356.00000178, 404.00000404, 452.00000113000004, 500.0, 548.0000054800001, 596.0000018625001, 644.0000128800003, 692.0000309237514, 740.0000127187502, 788.0000398925021, 836.0000428450022, 884.0000005525001, 932.0000393187518, 980.0000367500014, 1028.000071638755], "ampl": [236.40537933227048, 1191.893105764159, 2323.430863300799, 3440.8872719793203, 4500.862667278245, 5486.34520981327, 6387.698781538404, 7202.365230712661, 7931.385157207933, 8579.841630309369, 9149.584857698612, 9653.208403044358, 10094.655839346056, 10481.99074321263, 10817.286430211614, 11112.53034391881, 11366.678665715994, 11593.534797214217, 11784.724422707492, 11951.699616614183, 12097.372653303008, 12216.856406504327]}, "4": {"freq": [20.0, 68.00000004249999, 116.00000061625, 164.00000102500002, 212.0000017225, 260.00000121875, 308.00000413875006, 356.00000178, 404.00000404, 452.00000113000004, 500.0, 548.0000054800001, 596.0000018625001, 644.0000128800003, 692.0000309237514, 740.0000127187502, 788.0000398925021, 836.0000428450022, 884.0000005525001, 932.0000393187518, 980.0000367500014, 1028.000071638755], "ampl": [1.7441027459840004, 17.10364317687178, 33.63981945136896, 49.59189384809188, 64.01185690219616, 78.83935402567556, 93.11607497454239, 106.97629062997642, 122.5687241402182, 136.82423850578644, 151.2230425871267, 164.86068306950372, 178.9835831867264, 193.12230533899057, 207.22688001279207, 221.16211912656908, 234.38708840796681, 248.04085576576693, 259.86453484568165, 273.74533540268175, 286.2116392259253, 297.9388932523136]}, "5": {"freq": [20.0, 68.00000004249999, 116.00000061625, 164.00000102500002, 212.0000017225, 260.00000121875, 308.00000413875006, 356.00000178, 404.00000404, 452.00000113000004, 500.0, 548.0000054800001, 596.0000018625001, 644.0000128800003, 692.0000309237514, 740.0000127187502, 788.0000398925021, 836.0000428450022, 884.0000005525001, 932.0000393187518, 980.0000367500014, 1028.000071638755], "ampl": [2.331433304991883, 19.31641670717993, 38.82605452311249, 56.483230816733425, 73.58788158866044, 90.23462777327643, 105.8372605431644, 121.92185150481832, 136.70795075074577, 152.00417752406153, 167.36240813928544, 181.6116252862611, 195.53258866446282, 210.49208132897107, 223.7814850891294, 238.05388996104656, 250.54552587545416, 263.5595648968374, 275.86530512543203, 289.90431487278096, 301.7796453080415, 313.69637308666273]}, "6": {"freq": [20.0, 68.00000004249999, 116.00000061625, 164.00000102500002, 212.0000017225, 260.00000121875, 308.00000413875006, 356.00000178, 404.00000404, 452.00000113000004, 500.0, 548.0000054800001, 596.0000018625001, 644.0000128800003, 692.0000309237514, 740.0000127187502, 788.0000398925021, 836.0000428450022, 884.0000005525001, 932.0000393187518, 980.0000367500014, 1028.000071638755], "ampl": [2.9536985054239127, 20.237892929268703, 37.5624904799155, 55.28725657623263, 72.52353506643425, 87.84575273194177, 104.10928278774341, 120.40142119840674, 135.73526765513472, 150.71798179741918, 166.7078650141449, 181.30940268659006, 196.14371942349186, 209.85638963054916, 224.08038302816027, 237.923854005601, 251.49314870864345, 265.24979590634405, 278.3241634816212, 290.1317487529914, 304.1667162306133, 315.2586998418761]}, "7": {"freq": [20.0, 68.00000004249999, 116.00000061625, 164.00000102500002, 212.0000017225, 260.00000121875, 308.00000413875006, 356.00000178, 404.00000404, 452.00000113000004, 500.0, 548.0000054800001, 596.0000018625001, 644.0000128800003, 692.0000309237514, 740.0000127187502, 788.0000398925021, 836.0000428450022, 884.0000005525001, 932.0000393187518, 980.0000367500014, 1028.000071638755], "ampl": [3.847231679282414, 23.37609552214286, 44.05272040200789, 66.26107145913956, 85.52860123648003, 104.602731423377, 123.35970195694296, 143.41779128193835, 161.36388930177972, 180.42094402136348, 199.17570331225883, 217.1379632653057, 235.14680449610364, 253.04875772358736, 268.18034069428705, 285.15237413594934, 302.4484936343054, 318.4126356139949, 334.53494355306464, 349.16368534618084, 364.6680340544487, 379.9286209443922]}, "wireSegments": null, "apaChannels": null, "measuredBy": null, "stage": null, "apaUuid": null, "layer": null, "headboardNum": null, "side": null}