{"0": {"freq": [20.0, 68.00000004249999, 116.00000061625, 164.00000102500002, 212.0000017225, 260.00000121875, 308.00000413875006, 356.00000178, 404.00000404, 452.00000113000004, 500.0, 548.0000054800001, 596.0000018625001, 644.0000128800003, 692.0000309237514, 740.0000127187502, 788.0000398925021, 836.0000428450022, 884.0000005525001, 932.0000393187518, 980.0000367500014, 1028.000071638755], "ampl": [471.7931402392522, 2373.0633026262126, 4540.647218329023, 6599.821473311613, 8479.397635435871, 10144.050620489386, 11596.059135230049, 12848.538657142766, 13917.147053827028, 14821.014651696996, 15588.203560976994, 16236.393777653278, 16781.97206538941, 17244.48314739903, 17634.295279572663, 17959.317616043216, 18237.250801487568, 18465.945134294627, 18662.100183118553, 18821.203642648074, 18952.246563608747, 19060.06711653519]}, "1": {"freq": [20.0, 68.00000004249999, 116.00000061625, 164.00000102500002, 212.0000017225, 260.00000121875, 308.00000413875006, 356.00000178, 404.00000404, 452.00000113000004, 500.0, 548.0000054800001, 596.0000018625001, 644.0000128800003, 692.0000309237514, 740.0000127187502, 788.0000398925021, 836.0000428450022, 884.0000005525001, 932.0000393187518, 980.0000367500014, 1028.000071638755], "ampl": [452.58133586199966, 2277.9744320296627, 4375.408347278942, 6380.5383579611025, 8219.118461798527, 9857.110016216911, 11293.25658298244, 12534.352659994936, 13604.99976308039, 14513.504197318282, 15284.831243537812, 15943.302279162703, 16494.670626822535, 16967.30522877133, 17365.695154837453, 17700.130156040523, 17982.667212451895, 18220.26668775804, 18424.25658352893, 18586.62691825907, 18723.144707485764, 18838.629530632166]}, "2": {"freq": [20.0, 68.00000004249999, 116.00000061625, 164.00000102500002, 212.0000017225, 260.00000121875, 308.00000413875006, 356.00000178, 404.00000404, 452.00000113000004, 500.0, 548.0000054800001, 596.0000018625001, 644.0000128800003, 692.0000309237514, 740.0000127187502, 788.0000398925021, 836.0000428450022, 884.0000005525001, 932.0000393187518, 980.0000367500014, 1028.000071638755], "ampl": [470.5313708370493, 2364.1698170563595, 4524.867961578159, 6577.4326844036505, 8451.880480336433, 10112.44657707066, 11561.024338476544, 12809.778616603979, 13879.461155147847, 14785.422261884576, 15554.678419461867, 16206.987400437109, 16756.08133061776, 17221.336408225987, 17614.13603276416, 17943.65892321043, 18223.578114288972, 18456.417243585507, 18657.14965997751, 18817.606430338587, 18950.454580411857, 19062.065003187334]}, "3": {"freq": [20.0, 68.00000004249999, 116.00000061625, 164.00000102500002, 212.0000017225, 260.00000121875, 308.00000413875006, 356.00000178, 404.00000404, 452.00000113000004, 500.0, 548.0000054800001, 596.0000018625001, 644.0000128800003, 692.0000309237514, 740.0000127187502, 788.0000398925021, 836.0000428450022, 884.0000005525001, 932.0000393187518, 980.0000367500014, 1028.000071638755], "ampl": [260.8043185059227, 1290.9809816420282, 2507.5125435600116, 3706.5451904489832, 4846.178076354889, 5902.662389706916, 6868.989589069767, 7741.2036642249, 8523.762524432637, 9216.632482553705, 9831.249966470945, 10369.436335941044, 10845.390507527141, 11259.715871379369, 11622.41996602214, 11936.907609273263, 12212.03274874671, 12451.77850525221, 12660.098233427798, 12835.590815271666, 12989.461066513415, 13122.109966438558]}, "4": {"freq": [20.0, 68.00000004249999, 116.00000061625, 164.00000102500002, 212.0000017225, 260.00000121875, 308.00000413875006, 356.00000178, 404.00000404, 452.00000113000004, 500.0, 548.0000054800001, 596.0000018625001, 644.0000128800003, 692.0000309237514, 740.0000127187502, 788.0000398925021, 836.0000428450022, 884.0000005525001, 932.0000393187518, 980.0000367500014, 1028.000071638755], "ampl": [451.2048458165756, 2245.9314785723254, 4266.048194656223, 6190.79752830765, 7957.0969092440155, 9538.966073572892, 10937.206179110213, 12158.438503963804, 13218.254366559733, 14130.487308028116, 14918.00620560671, 15590.225972266478, 16159.620234199621, 16652.129271162856, 17072.091752868244, 17427.218124385647, 17730.828432575126, 17986.944361576992, 18208.783449037946, 18389.353078529442, 18542.332085975897, 18671.30432146792]}, "5": {"freq": [20.0, 68.00000004249999, 116.00000061625, 164.00000102500002, 212.0000017225, 260.00000121875, 308.00000413875006, 356.00000178, 404.00000404, 452.00000113000004, 500.0, 548.0000054800001, 596.0000018625001, 644.0000128800003, 692.0000309237514, 740.0000127187502, 788.0000398925021, 836.0000428450022, 884.0000005525001, 932.0000393187518, 980.0000367500014, 1028.000071638755], "ampl": [458.6557800230864, 2271.453356507469, 4348.303243895488, 6337.605754333608, 8168.106067803239, 9803.888091163664, 11243.228373436092, 12492.64409759479, 13573.394692346896, 14494.685491263823, 15277.191271262147, 15946.816021352397, 16514.727674825932, 16995.856395669278, 17405.130750219716, 17752.49001413859, 18043.722015338633, 18290.363077938102, 18502.18273831915, 18672.72137116576, 18815.94187346495, 18935.98180770626]}, "6": {"freq": [20.0, 68.00000004249999, 116.00000061625, 164.00000102500002, 212.0000017225, 260.00000121875, 308.00000413875006, 356.00000178, 404.00000404, 452.00000113000004, 500.0, 548.0000054800001, 596.0000018625001, 644.0000128800003, 692.0000309237514, 740.0000127187502, 788.0000398925021, 836.0000428450022, 884.0000005525001, 932.0000393187518, 980.0000367500014, 1028.000071638755], "ampl": [470.1952178141846, 2346.331823967368, 4491.217653014555, 6525.066342402395, 8380.844575833991, 10015.682255590693, 11441.273092173966, 12664.112536145389, 13708.042908347126, 14589.404785999177, 15333.420620052993, 15964.38514564755, 16493.446174230103, 16940.651822446554, 17317.580645460817, 17633.90976993226, 17898.148500069998, 18119.931392621886, 18309.99956696989, 18461.245686607755, 18584.913286625062, 18688.861560228786]}, "7": {"freq": [20.0, 68.00000004249999, 116.00000061625, 164.00000102500002, 212.0000017225, 260.00000121875, 308.00000413875006, 356.00000178, 404.00000404, 452.00000113000004, 500.0, 548.0000054800001, 596.0000018625001, 644.0000128800003, 692.0000309237514, 740.0000127187502, 788.0000398925021, 836.0000428450022, 884.0000005525001, 932.0000393187518, 980.0000367500014, 1028.000071638755], "ampl": [250.62190404499918, 1257.2153092407539, 2451.2266133858234, 3631.197526051853, 4753.442294825792, 5793.698138096734, 6745.317261085509, 7603.923882854062, 8374.454552135321, 9056.98201339045, 9660.224674779554, 10191.3534030529, 10658.094797897993, 11064.987965922632, 11419.39170560561, 11729.114245640736, 11998.740254519642, 12230.468524034311, 12433.975787428728, 12607.225642943913, 12756.838404884282, 12884.970155537356]}, "wireSegments": null, "apaChannels": null, "measuredBy": null, "stage": null, "apaUuid": null, "layer": null, "headboardNum": null, "side": null}