{"0": {"freq": [20.0, 68.00000004249999, 116.00000061625, 164.00000102500002, 212.0000017225, 260.00000121875, 308.00000413875006, 356.00000178, 404.00000404, 452.00000113000004, 500.0, 548.0000054800001, 596.0000018625001, 644.0000128800003, 692.0000309237514, 740.0000127187502, 788.0000398925021, 836.0000428450022, 884.0000005525001, 932.0000393187518, 980.0000367500014, 1028.000071638755], "ampl": [459.8379486608561, 2319.325689051304, 4449.799864390634, 6483.631132472887, 8339.254429553253, 9998.725496493942, 11449.700506055395, 12707.672570048597, 13784.995272190636, 14704.026415203209, 15480.444867156977, 16152.712801626834, 16710.012076970797, 17184.641962197416, 17581.10385148565, 17924.812818944683, 18213.573812367493, 18457.489568207635, 18655.804322802946, 18827.816060848425, 18969.022725686442, 19082.756800848263]}, "1": {"freq": [20.0, 68.00000004249999, 116.00000061625, 164.00000102500002, 212.0000017225, 260.00000121875, 308.00000413875006, 356.00000178, 404.00000404, 452.00000113000004, 500.0, 548.0000054800001, 596.0000018625001, 644.0000128800003, 692.0000309237514, 740.0000127187502, 788.0000398925021, 836.0000428450022, 884.0000005525001, 932.0000393187518, 980.0000367500014, 1028.000071638755], "ampl": [443.72839116156075, 2221.3913061684575, 4261.2217220246575, 6221.790117750985, 8022.05541475034, 9640.204012317385, 11066.46708193165, 12309.185637571903, 13379.335932556118, 14297.67059836513, 15078.14916132223, 15756.2902848128, 16319.678860648175, 16802.408919698304, 17206.35050989225, 17558.498074559157, 17854.980211475246, 18106.0959678575, 18311.944929812445, 18491.13821338074, 18638.306054579647, 18759.738660891064]}, "2": {"freq": [20.0, 68.00000004249999, 116.00000061625, 164.00000102500002, 212.0000017225, 260.00000121875, 308.00000413875006, 356.00000178, 404.00000404, 452.00000113000004, 500.0, 548.0000054800001, 596.0000018625001, 644.0000128800003, 692.0000309237514, 740.0000127187502, 788.0000398925021, 836.0000428450022, 884.0000005525001, 932.0000393187518, 980.0000367500014, 1028.000071638755], "ampl": [451.1261849750794, 2279.9616217310427, 4375.71547430107, 6380.339377162908, 8215.696502768815, 9860.763980057887, 11307.319970195775, 12563.62718994553, 13641.761886760421, 14567.405317693807, 15349.601274371516, 16030.798461709963, 16591.626738290986, 17074.977431359144, 17479.846111609517, 17829.561867067736, 18124.802141373355, 18375.909193311178, 18580.2145567956, 18756.446561084656, 18903.810678998998, 19022.163835039122]}, "3": {"freq": [20.0, 68.00000004249999, 116.00000061625, 164.00000102500002, 212.0000017225, 260.00000121875, 308.00000413875006, 356.00000178, 404.00000404, 452.00000113000004, 500.0, 548.0000054800001, 596.0000018625001, 644.0000128800003, 692.0000309237514, 740.0000127187502, 788.0000398925021, 836.0000428450022, 884.0000005525001, 932.0000393187518, 980.0000367500014, 1028.000071638755], "ampl": [246.18929339628934, 1236.7226613475268, 2402.2860045900516, 3556.4996650283483, 4654.349753994389, 5683.265139276119, 6626.0733664545405, 7485.129761977645, 8256.765206863645, 8953.125161661876, 9568.659460888432, 10121.274018033675, 10600.86278224554, 11028.111529026062, 11397.216320932084, 11728.607900083274, 12018.21037688758, 12270.099128327729, 12489.554978112226, 12680.174208841054, 12846.817274415122, 12990.189200494779]}, "4": {"freq": [20.0, 68.00000004249999, 116.00000061625, 164.00000102500002, 212.0000017225, 260.00000121875, 308.00000413875006, 356.00000178, 404.00000404, 452.00000113000004, 500.0, 548.0000054800001, 596.0000018625001, 644.0000128800003, 692.0000309237514, 740.0000127187502, 788.0000398925021, 836.0000428450022, 884.0000005525001, 932.0000393187518, 980.0000367500014, 1028.000071638755], "ampl": [445.82731107019475, 2223.6585670358977, 4216.503065161232, 6103.717630412831, 7824.580798873036, 9365.105890282413, 10727.24023543931, 11918.16192515964, 12950.714003135145, 13849.547462201328, 14619.088262159588, 15294.75705249334, 15862.020880743175, 16353.636868032552, 16773.602591869163, 17137.836619652164, 17451.410492523722, 17718.90544944643, 17940.820833220343, 18136.6222943254, 18300.85390589906, 18437.180476881487]}, "5": {"freq": [20.0, 68.00000004249999, 116.00000061625, 164.00000102500002, 212.0000017225, 260.00000121875, 308.00000413875006, 356.00000178, 404.00000404, 452.00000113000004, 500.0, 548.0000054800001, 596.0000018625001, 644.0000128800003, 692.0000309237514, 740.0000127187502, 788.0000398925021, 836.0000428450022, 884.0000005525001, 932.0000393187518, 980.0000367500014, 1028.000071638755], "ampl": [463.7607475595838, 2269.6792813927955, 4329.611545489731, 6304.161160622056, 8113.018911255376, 9736.10751524605, 11164.782760668879, 12406.044332831787, 13471.476322056371, 14385.968892350253, 15162.231822113723, 15835.455210661217, 16392.757542883763, 16872.34562286173, 17269.69126963953, 17619.228708451712, 17911.297684737547, 18159.281145898687, 18361.327197775496, 18538.419483785896, 18682.35976756824, 18799.11725661951]}, "6": {"freq": [20.0, 68.00000004249999, 116.00000061625, 164.00000102500002, 212.0000017225, 260.00000121875, 308.00000413875006, 356.00000178, 404.00000404, 452.00000113000004, 500.0, 548.0000054800001, 596.0000018625001, 644.0000128800003, 692.0000309237514, 740.0000127187502, 788.0000398925021, 836.0000428450022, 884.0000005525001, 932.0000393187518, 980.0000367500014, 1028.000071638755], "ampl": [470.5489138767645, 2352.6254845371614, 4499.747138939392, 6535.380643280224, 8379.62940930954, 10011.264399372125, 11429.864536105732, 12644.495371695115, 13677.358932542487, 14552.032197361199, 15286.880856172023, 15919.616953725434, 16436.588749328355, 16877.999847500498, 17244.194943365503, 17557.490880766873, 17822.801657072298, 18043.458059884444, 18222.357461474527, 18375.335853774126, 18502.0395160471, 18603.101198077777]}, "7": {"freq": [20.0, 68.00000004249999, 116.00000061625, 164.00000102500002, 212.0000017225, 260.00000121875, 308.00000413875006, 356.00000178, 404.00000404, 452.00000113000004, 500.0, 548.0000054800001, 596.0000018625001, 644.0000128800003, 692.0000309237514, 740.0000127187502, 788.0000398925021, 836.0000428450022, 884.0000005525001, 932.0000393187518, 980.0000367500014, 1028.000071638755], "ampl": [254.73904188038262, 1243.059827552592, 2395.5899215141762, 3529.7615088666867, 4603.053943482297, 5598.631520961828, 6505.844627697516, 7323.565575776303, 8051.730224705679, 8700.835519325878, 9269.652309329014, 9774.874400751203, 10211.639331636283, 10595.801369299164, 10925.219287176164, 11218.820972439931, 11471.584176989156, 11693.942060107449, 11878.787136716299, 12044.322628862577, 12184.515850504691, 12303.303979079206]}, "wireSegments": null, "apaChannels": null, "measuredBy": null, "stage": null, "apaUuid": null, "layer": null, "headboardNum": null, "side": null}