{"0": {"freq": [20.0, 68.00000004249999, 116.00000061625, 164.00000102500002, 212.0000017225, 260.00000121875, 308.00000413875006, 356.00000178, 404.00000404, 452.00000113000004, 500.0, 548.0000054800001, 596.0000018625001, 644.0000128800003, 692.0000309237514, 740.0000127187502, 788.0000398925021, 836.0000428450022, 884.0000005525001, 932.0000393187518, 980.0000367500014, 1028.000071638755], "ampl": [263.72470876987506, 1291.996908051904, 2493.9123898177822, 3677.1968804935964, 4797.070702711219, 5839.9545677877, 6788.1739818300075, 7643.875998286003, 8406.598936890456, 9084.19446995222, 9679.142768524867, 10202.586910304039, 10660.211212960645, 11059.394539678115, 11405.923278607259, 11708.789120977259, 11971.268527027223, 12198.926247167139, 12393.452343664943, 12563.8244753671, 12708.966990320087, 12833.033476612]}, "1": {"freq": [20.0, 68.00000004249999, 116.00000061625, 164.00000102500002, 212.0000017225, 260.00000121875, 308.00000413875006, 356.00000178, 404.00000404, 452.00000113000004, 500.0, 548.0000054800001, 596.0000018625001, 644.0000128800003, 692.0000309237514, 740.0000127187502, 788.0000398925021, 836.0000428450022, 884.0000005525001, 932.0000393187518, 980.0000367500014, 1028.000071638755], "ampl": [447.08195531521403, 2251.818605543531, 4317.4392489130505, 6286.9081316210095, 8088.760710261941, 9696.536934307935, 11100.775993778632, 12317.148437912858, 13361.513072055637, 14250.135595813004, 15005.326986397049, 15645.305190417092, 16190.823638370508, 16651.226667456627, 17041.906048638477, 17371.29439190797, 17648.32387393044, 17887.197394637922, 18081.65160073675, 18248.48389439542, 18383.53942214811, 18496.08926125202]}, "2": {"freq": [20.0, 68.00000004249999, 116.00000061625, 164.00000102500002, 212.0000017225, 260.00000121875, 308.00000413875006, 356.00000178, 404.00000404, 452.00000113000004, 500.0, 548.0000054800001, 596.0000018625001, 644.0000128800003, 692.0000309237514, 740.0000127187502, 788.0000398925021, 836.0000428450022, 884.0000005525001, 932.0000393187518, 980.0000367500014, 1028.000071638755], "ampl": [449.93893336046114, 2260.977683777811, 4339.53493475116, 6327.459867188795, 8147.302166594514, 9781.230930874859, 11211.913702144016, 12449.724517417, 13520.217383840885, 14430.078896733205, 15206.80654128475, 15866.23533573057, 16426.091030146123, 16903.0783829649, 17304.371828117793, 17645.97341068106, 17932.45356156307, 18178.704905847306, 18382.285052556206, 18553.394907523907, 18695.8909608513, 18812.349420210823]}, "3": {"freq": [20.0, 68.00000004249999, 116.00000061625, 164.00000102500002, 212.0000017225, 260.00000121875, 308.00000413875006, 356.00000178, 404.00000404, 452.00000113000004, 500.0, 548.0000054800001, 596.0000018625001, 644.0000128800003, 692.0000309237514, 740.0000127187502, 788.0000398925021, 836.0000428450022, 884.0000005525001, 932.0000393187518, 980.0000367500014, 1028.000071638755], "ampl": [454.00728187315593, 2280.7162341316684, 4372.506995221514, 6365.2902456942675, 8187.59968050143, 9816.931527007859, 11238.945656953827, 12471.143187543083, 13530.564886146945, 14431.09348670649, 15199.195604542796, 15850.85964849055, 16403.631881339108, 16874.40321636275, 17268.17976942547, 17606.971622146317, 17888.53633735731, 18132.6859828137, 18330.201539600395, 18501.241659686366, 18639.533581042215, 18754.753382148996]}, "4": {"freq": [20.0, 68.00000004249999, 116.00000061625, 164.00000102500002, 212.0000017225, 260.00000121875, 308.00000413875006, 356.00000178, 404.00000404, 452.00000113000004, 500.0, 548.0000054800001, 596.0000018625001, 644.0000128800003, 692.0000309237514, 740.0000127187502, 788.0000398925021, 836.0000428450022, 884.0000005525001, 932.0000393187518, 980.0000367500014, 1028.000071638755], "ampl": [266.4164455088706, 1250.9536675673764, 2369.2925065626746, 3461.9917086940204, 4498.071667441885, 5465.885842995938, 6352.221449009128, 7160.80639268967, 7892.432065888362, 8549.605160874622, 9134.469573518618, 9655.604264011576, 10121.277948189461, 10531.51202770377, 10893.891456915042, 11210.659527508104, 11491.029008209021, 11739.0660326977, 11953.188673959667, 12141.450871952162, 12306.877654881657, 12449.867957085504]}, "5": {"freq": [20.0, 68.00000004249999, 116.00000061625, 164.00000102500002, 212.0000017225, 260.00000121875, 308.00000413875006, 356.00000178, 404.00000404, 452.00000113000004, 500.0, 548.0000054800001, 596.0000018625001, 644.0000128800003, 692.0000309237514, 740.0000127187502, 788.0000398925021, 836.0000428450022, 884.0000005525001, 932.0000393187518, 980.0000367500014, 1028.000071638755], "ampl": [450.6205715759221, 2265.3518575983903, 4342.476361504378, 6318.669342644155, 8121.456114271875, 9728.239560966767, 11128.955352790535, 12336.984591773724, 13373.619665690401, 14255.025467494002, 15001.388838193081, 15635.516668581387, 16172.808637753167, 16628.363877239077, 17011.83029249527, 17337.787384508538, 17611.30816430098, 17845.786614856723, 18036.077712434268, 18198.102280653482, 18334.083543417673, 18442.641618307483]}, "6": {"freq": [20.0, 68.00000004249999, 116.00000061625, 164.00000102500002, 212.0000017225, 260.00000121875, 308.00000413875006, 356.00000178, 404.00000404, 452.00000113000004, 500.0, 548.0000054800001, 596.0000018625001, 644.0000128800003, 692.0000309237514, 740.0000127187502, 788.0000398925021, 836.0000428450022, 884.0000005525001, 932.0000393187518, 980.0000367500014, 1028.000071638755], "ampl": [471.89892289236604, 2329.571603429685, 4453.623980376883, 6470.8495195678215, 8307.142880039717, 9935.169717568473, 11350.170159188596, 12565.462382701337, 13603.935868571743, 14481.317973374655, 15224.448205577612, 15848.951360163517, 16377.33578051728, 16825.223697903908, 17199.48065694573, 17514.229948979155, 17779.032228006196, 18002.183140323115, 18185.106639998026, 18337.605580688843, 18467.777267073434, 18569.769836363615]}, "7": {"freq": [20.0, 68.00000004249999, 116.00000061625, 164.00000102500002, 212.0000017225, 260.00000121875, 308.00000413875006, 356.00000178, 404.00000404, 452.00000113000004, 500.0, 548.0000054800001, 596.0000018625001, 644.0000128800003, 692.0000309237514, 740.0000127187502, 788.0000398925021, 836.0000428450022, 884.0000005525001, 932.0000393187518, 980.0000367500014, 1028.000071638755], "ampl": [468.2303531090422, 2332.9784164387615, 4463.062804840955, 6481.968839457125, 8311.976807688057, 9934.50745713046, 11339.326939341172, 12543.169876501383, 13570.0613926166, 14436.135752130103, 15166.777961811867, 15780.310915020264, 16299.509131341647, 16738.136029921043, 17103.752223474025, 17411.53767878818, 17668.839848815496, 17888.531203054878, 18065.288659865713, 18214.447112119768, 18338.54146991654, 18436.398505036872]}, "wireSegments": null, "apaChannels": null, "measuredBy": null, "stage": null, "apaUuid": null, "layer": null, "headboardNum": null, "side": null}