{"0": {"freq": [20.0, 68.00000004249999, 116.00000061625, 164.00000102500002, 212.0000017225, 260.00000121875, 308.00000413875006, 356.00000178, 404.00000404, 452.00000113000004, 500.0, 548.0000054800001, 596.0000018625001, 644.0000128800003, 692.0000309237514, 740.0000127187502, 788.0000398925021, 836.0000428450022, 884.0000005525001, 932.0000393187518, 980.0000367500014, 1028.000071638755], "ampl": [3.2939605126502487, 13.413309682649196, 24.650117508093686, 34.515332112518536, 44.27897391209995, 54.87799973988854, 63.958950787141305, 73.0458230008197, 83.19509165626198, 93.01951702270355, 100.75156852532909, 109.80715310294379, 119.67882279386971, 127.75053154226372, 135.48616664612643, 144.98439432365987, 152.86296279433435, 160.91637490260916, 167.9689426395126, 176.4517670701762, 185.25632782849766, 192.7767383406926]}, "1": {"freq": [20.0, 68.00000004249999, 116.00000061625, 164.00000102500002, 212.0000017225, 260.00000121875, 308.00000413875006, 356.00000178, 404.00000404, 452.00000113000004, 500.0, 548.0000054800001, 596.0000018625001, 644.0000128800003, 692.0000309237514, 740.0000127187502, 788.0000398925021, 836.0000428450022, 884.0000005525001, 932.0000393187518, 980.0000367500014, 1028.000071638755], "ampl": [3.1348729311539363, 18.65959530911222, 36.407371189515125, 52.749917823240644, 68.50761055116881, 84.78096983186686, 98.31461312155565, 112.92722161020738, 128.45142538508335, 141.997028055289, 156.34612076605126, 171.21455326575418, 184.2677576791352, 197.596543397573, 211.41826647359213, 224.08483501520104, 236.61549414371166, 249.7539792939944, 261.7063763106792, 274.40138936232466, 285.1300671566881, 298.6738064428682]}, "2": {"freq": [20.0, 68.00000004249999, 116.00000061625, 164.00000102500002, 212.0000017225, 260.00000121875, 308.00000413875006, 356.00000178, 404.00000404, 452.00000113000004, 500.0, 548.0000054800001, 596.0000018625001, 644.0000128800003, 692.0000309237514, 740.0000127187502, 788.0000398925021, 836.0000428450022, 884.0000005525001, 932.0000393187518, 980.0000367500014, 1028.000071638755], "ampl": [2.065097133244713, 17.64109552530271, 34.52067934923724, 51.12187952463539, 66.1404878542642, 81.05911856112205, 97.53836039165412, 112.59737410097652, 126.76530986427647, 142.87550529901162, 157.66107854068562, 170.60272814358618, 184.91695431665113, 199.4129728677323, 213.33670131280454, 227.06743065008575, 239.99148104155697, 252.8656341157165, 264.5120436082828, 277.3260626416946, 289.62399560255665, 302.74965900587483]}, "3": {"freq": [20.0, 68.00000004249999, 116.00000061625, 164.00000102500002, 212.0000017225, 260.00000121875, 308.00000413875006, 356.00000178, 404.00000404, 452.00000113000004, 500.0, 548.0000054800001, 596.0000018625001, 644.0000128800003, 692.0000309237514, 740.0000127187502, 788.0000398925021, 836.0000428450022, 884.0000005525001, 932.0000393187518, 980.0000367500014, 1028.000071638755], "ampl": [3.3269995279379176, 17.59871514956453, 34.02893603760389, 50.88832939710994, 66.99706683564953, 83.46915150799227, 99.6256437792295, 116.90607936402681, 132.47984459546174, 149.28851698490192, 164.8901858662505, 180.08985657184593, 196.9438245923961, 212.5632299024992, 228.6396794578071, 243.3686578993378, 258.08391775520084, 272.73974997597696, 287.18112346886215, 301.95914375411087, 315.55495518444, 329.1674897423629]}, "4": {"freq": [20.0, 68.00000004249999, 116.00000061625, 164.00000102500002, 212.0000017225, 260.00000121875, 308.00000413875006, 356.00000178, 404.00000404, 452.00000113000004, 500.0, 548.0000054800001, 596.0000018625001, 644.0000128800003, 692.0000309237514, 740.0000127187502, 788.0000398925021, 836.0000428450022, 884.0000005525001, 932.0000393187518, 980.0000367500014, 1028.000071638755], "ampl": [457.17958223079864, 2298.6562945854907, 4397.574915765166, 6384.114870567478, 8192.552875043808, 9809.279819237316, 11217.156211934003, 12447.248760665334, 13506.242186149506, 14411.568362083486, 15190.849312314136, 15851.498485864748, 16418.090663828563, 16903.386822573248, 17317.00199863765, 17682.316915833613, 17964.907652502054, 18220.901888580785, 18436.078622694255, 18600.11662147871, 18765.604114004887, 18891.802668212073]}, "5": {"freq": [20.0, 68.00000004249999, 116.00000061625, 164.00000102500002, 212.0000017225, 260.00000121875, 308.00000413875006, 356.00000178, 404.00000404, 452.00000113000004, 500.0, 548.0000054800001, 596.0000018625001, 644.0000128800003, 692.0000309237514, 740.0000127187502, 788.0000398925021, 836.0000428450022, 884.0000005525001, 932.0000393187518, 980.0000367500014, 1028.000071638755], "ampl": [449.59118031906576, 2278.9896338278413, 4400.679615987644, 6438.292486133353, 8300.590278918526, 9971.584629894107, 11421.259716796638, 12684.048003816306, 13762.546168219753, 14679.069701277293, 15461.109593773244, 16121.713940627387, 16680.012150040842, 17153.78758203153, 17558.106032715663, 17910.763784997383, 18179.946398144577, 18419.66046475713, 18621.83002211516, 18774.421686811856, 18927.488034720365, 19042.22588947777]}, "6": {"freq": [20.0, 68.00000004249999, 116.00000061625, 164.00000102500002, 212.0000017225, 260.00000121875, 308.00000413875006, 356.00000178, 404.00000404, 452.00000113000004, 500.0, 548.0000054800001, 596.0000018625001, 644.0000128800003, 692.0000309237514, 740.0000127187502, 788.0000398925021, 836.0000428450022, 884.0000005525001, 932.0000393187518, 980.0000367500014, 1028.000071638755], "ampl": [470.58392825025294, 2366.829271441302, 4553.47406856991, 6629.598185462577, 8512.773330061316, 10183.036944826692, 11619.319659337512, 12854.363994330906, 13901.954878988567, 14781.396799556825, 15528.371431809059, 16150.961808530592, 16677.856738217786, 17120.472400039227, 17493.67945518206, 17818.85556765172, 18066.187856430788, 18284.918011703663, 18468.18406306063, 18596.563717334542, 18740.451992803155, 18840.908340442387]}, "7": {"freq": [20.0, 68.00000004249999, 116.00000061625, 164.00000102500002, 212.0000017225, 260.00000121875, 308.00000413875006, 356.00000178, 404.00000404, 452.00000113000004, 500.0, 548.0000054800001, 596.0000018625001, 644.0000128800003, 692.0000309237514, 740.0000127187502, 788.0000398925021, 836.0000428450022, 884.0000005525001, 932.0000393187518, 980.0000367500014, 1028.000071638755], "ampl": [261.51316732076907, 1282.221554565394, 2498.302830322928, 3698.1835693777093, 4834.375006993518, 5884.38440953428, 6830.53863882088, 7681.171795100417, 8436.509320918178, 9101.41838327258, 9687.664635343655, 10197.101744286436, 10641.073813250525, 11028.43193661987, 11366.423275788058, 11667.16251987137, 11908.69219499284, 12128.136375308088, 12314.959471454617, 12459.841978003658, 12612.921051712927, 12730.037976246866]}, "wireSegments": null, "apaChannels": null, "measuredBy": null, "stage": null, "apaUuid": null, "layer": null, "headboardNum": null, "side": null}