{"0": {"freq": [20.0, 68.00000004249999, 116.00000061625, 164.00000102500002, 212.0000017225, 260.00000121875, 308.00000413875006, 356.00000178, 404.00000404, 452.00000113000004, 500.0, 548.0000054800001, 596.0000018625001, 644.0000128800003, 692.0000309237514, 740.0000127187502, 788.0000398925021, 836.0000428450022, 884.0000005525001, 932.0000393187518, 980.0000367500014, 1028.000071638755], "ampl": [449.28878292383547, 2271.6452442685995, 4363.451330055248, 6365.849236297264, 8211.250943150024, 9854.309904158434, 11306.245149799264, 12566.888898821851, 13656.808409506722, 14582.228847481125, 15374.936075553282, 16053.048501789533, 16624.66719754552, 17113.431233666604, 17530.33482744692, 17879.219423025286, 18177.686556948825, 18425.757021022408, 18639.409909301514, 18832.673297375528, 18964.74865970747, 19084.253495561967]}, "1": {"freq": [20.0, 68.00000004249999, 116.00000061625, 164.00000102500002, 212.0000017225, 260.00000121875, 308.00000413875006, 356.00000178, 404.00000404, 452.00000113000004, 500.0, 548.0000054800001, 596.0000018625001, 644.0000128800003, 692.0000309237514, 740.0000127187502, 788.0000398925021, 836.0000428450022, 884.0000005525001, 932.0000393187518, 980.0000367500014, 1028.000071638755], "ampl": [432.05284815178106, 2164.0825229682528, 4156.880319877996, 6077.548681452869, 7851.112936734272, 9445.732605286847, 10857.850267505164, 12091.391826983876, 13160.760427037481, 14079.430135868492, 14866.005112048804, 15541.053937093933, 16113.044482414236, 16603.487155345912, 17021.661648376747, 17372.94978086922, 17675.01454534978, 17927.974749209843, 18144.784255449733, 18344.876063129097, 18478.29472343083, 18598.617295632303]}, "2": {"freq": [20.0, 68.00000004249999, 116.00000061625, 164.00000102500002, 212.0000017225, 260.00000121875, 308.00000413875006, 356.00000178, 404.00000404, 452.00000113000004, 500.0, 548.0000054800001, 596.0000018625001, 644.0000128800003, 692.0000309237514, 740.0000127187502, 788.0000398925021, 836.0000428450022, 884.0000005525001, 932.0000393187518, 980.0000367500014, 1028.000071638755], "ampl": [457.90218023225634, 2319.5394582867275, 4450.568339138623, 6485.163409567028, 8354.982275170549, 10016.302641817181, 11478.577721544372, 12744.636686373728, 13836.123265958893, 14762.115414876469, 15549.566100614598, 16225.630166948093, 16792.912040959305, 17277.72056528177, 17690.524234442233, 18033.08011000863, 18329.690449311365, 18572.748323017415, 18784.82673840832, 18977.578237878166, 19103.937414908884, 19220.7374224537]}, "3": {"freq": [20.0, 68.00000004249999, 116.00000061625, 164.00000102500002, 212.0000017225, 260.00000121875, 308.00000413875006, 356.00000178, 404.00000404, 452.00000113000004, 500.0, 548.0000054800001, 596.0000018625001, 644.0000128800003, 692.0000309237514, 740.0000127187502, 788.0000398925021, 836.0000428450022, 884.0000005525001, 932.0000393187518, 980.0000367500014, 1028.000071638755], "ampl": [246.54538954001904, 1227.4709692635233, 2375.078214721272, 3511.44572867144, 4596.323113868194, 5604.3627171368435, 6535.670824068819, 7380.30449170571, 8144.58194231139, 8828.561264315334, 9433.124912403933, 9975.379825299835, 10451.152298878324, 10870.27633652323, 11241.115212276458, 11562.647786743006, 11847.35727123128, 12093.005919824742, 12310.355814720186, 12510.624430830121, 12662.208369965743, 12802.182225044333]}, "4": {"freq": [20.0, 68.00000004249999, 116.00000061625, 164.00000102500002, 212.0000017225, 260.00000121875, 308.00000413875006, 356.00000178, 404.00000404, 452.00000113000004, 500.0, 548.0000054800001, 596.0000018625001, 644.0000128800003, 692.0000309237514, 740.0000127187502, 788.0000398925021, 836.0000428450022, 884.0000005525001, 932.0000393187518, 980.0000367500014, 1028.000071638755], "ampl": [463.96086718958895, 2306.844289058541, 4380.318785672962, 6335.016643612367, 8116.775539538671, 9694.486712173208, 11080.660471577105, 12283.683966741031, 13326.253885911985, 14217.347738987712, 14981.62689398374, 15636.91821005148, 16197.12435297465, 16673.14251050933, 17083.738507991537, 17430.064924153983, 17726.888349416284, 17978.992212313144, 18193.31981054226, 18391.21994119758, 18526.30463855168, 18651.537571015342]}, "5": {"freq": [20.0, 68.00000004249999, 116.00000061625, 164.00000102500002, 212.0000017225, 260.00000121875, 308.00000413875006, 356.00000178, 404.00000404, 452.00000113000004, 500.0, 548.0000054800001, 596.0000018625001, 644.0000128800003, 692.0000309237514, 740.0000127187502, 788.0000398925021, 836.0000428450022, 884.0000005525001, 932.0000393187518, 980.0000367500014, 1028.000071638755], "ampl": [459.9174582642008, 2291.073937005047, 4391.563895427524, 6399.492891784287, 8240.099694439326, 9874.364003225495, 11308.836381343852, 12548.867537070175, 13613.181276482603, 14514.630678352825, 15281.689543948916, 15934.762735902836, 16486.948902962962, 16951.36862597571, 17348.05902413223, 17681.742088468447, 17962.702513466887, 18196.91044437577, 18396.706996398214, 18581.63553282427, 18702.749919862177, 18811.47856523331]}, "6": {"freq": [20.0, 68.00000004249999, 116.00000061625, 164.00000102500002, 212.0000017225, 260.00000121875, 308.00000413875006, 356.00000178, 404.00000404, 452.00000113000004, 500.0, 548.0000054800001, 596.0000018625001, 644.0000128800003, 692.0000309237514, 740.0000127187502, 788.0000398925021, 836.0000428450022, 884.0000005525001, 932.0000393187518, 980.0000367500014, 1028.000071638755], "ampl": [491.8767244826566, 2445.6372292078368, 4667.368689323994, 6764.629131730028, 8663.637353623642, 10321.42180939252, 11756.32535669086, 12975.993942335726, 14011.091776630235, 14874.685172302, 15600.233261322794, 16212.756637432332, 16722.890751216506, 17151.92181529551, 17514.37615206915, 17810.023917905986, 18063.349920231838, 18272.16837977757, 18444.29376937384, 18605.03620491337, 18705.20624845744, 18796.21730711197]}, "7": {"freq": [20.0, 68.00000004249999, 116.00000061625, 164.00000102500002, 212.0000017225, 260.00000121875, 308.00000413875006, 356.00000178, 404.00000404, 452.00000113000004, 500.0, 548.0000054800001, 596.0000018625001, 644.0000128800003, 692.0000309237514, 740.0000127187502, 788.0000398925021, 836.0000428450022, 884.0000005525001, 932.0000393187518, 980.0000367500014, 1028.000071638755], "ampl": [245.09729016237313, 1214.473402485377, 2351.8965545320752, 3469.2465353573407, 4527.69842812074, 5500.232093620988, 6384.890380625336, 7177.453099858325, 7883.320370851835, 8502.434736388697, 9048.03923255221, 9527.466836655043, 9941.577497287384, 10305.740688384361, 10618.225541696687, 10890.102436185216, 11127.510493033511, 11328.813771657029, 11505.149096745734, 11668.603100630879, 11785.09948397288, 11891.190843544067]}, "wireSegments": null, "apaChannels": null, "measuredBy": null, "stage": null, "apaUuid": null, "layer": null, "headboardNum": null, "side": null}