{"0": {"freq": [20.0, 68.00000004249999, 116.00000061625, 164.00000102500002, 212.0000017225, 260.00000121875, 308.00000413875006, 356.00000178, 404.00000404, 452.00000113000004, 500.0, 548.0000054800001, 596.0000018625001, 644.0000128800003, 692.0000309237514, 740.0000127187502, 788.0000398925021, 836.0000428450022, 884.0000005525001, 932.0000393187518, 980.0000367500014, 1028.000071638755], "ampl": [253.30385625422252, 1250.4189160207195, 2431.3481047170494, 3604.4807866414203, 4726.377991500669, 5769.9833186691185, 6725.049862193788, 7592.446258090826, 8367.374570081696, 9058.819772025356, 9671.21804641617, 10209.690980774467, 10686.780626516085, 11100.158972812053, 11463.744391186252, 11780.59509268711, 12055.346542812043, 12293.438866432287, 12497.387673613226, 12684.375369101821, 12838.917023599442, 12969.646238281584]}, "1": {"freq": [20.0, 68.00000004249999, 116.00000061625, 164.00000102500002, 212.0000017225, 260.00000121875, 308.00000413875006, 356.00000178, 404.00000404, 452.00000113000004, 500.0, 548.0000054800001, 596.0000018625001, 644.0000128800003, 692.0000309237514, 740.0000127187502, 788.0000398925021, 836.0000428450022, 884.0000005525001, 932.0000393187518, 980.0000367500014, 1028.000071638755], "ampl": [436.1241158533927, 2199.357551262707, 4222.515727153014, 6157.798201543441, 7937.17733495613, 9527.989803863664, 10924.24830717407, 12140.417751453228, 13185.526650160797, 14080.823817358585, 14844.462348704415, 15494.758333345077, 16051.478890218581, 16520.16912973453, 16917.8585164022, 17255.64291814119, 17541.60243581252, 17782.28948068363, 17978.498639468755, 18159.657360946956, 18304.852754359956, 18420.54892150501]}, "2": {"freq": [20.0, 68.00000004249999, 116.00000061625, 164.00000102500002, 212.0000017225, 260.00000121875, 308.00000413875006, 356.00000178, 404.00000404, 452.00000113000004, 500.0, 548.0000054800001, 596.0000018625001, 644.0000128800003, 692.0000309237514, 740.0000127187502, 788.0000398925021, 836.0000428450022, 884.0000005525001, 932.0000393187518, 980.0000367500014, 1028.000071638755], "ampl": [459.6918300397349, 2295.6244688243714, 4400.2338186050265, 6410.901806173572, 8255.92213791992, 9903.290067400902, 11343.316753350033, 12595.306023508821, 13668.548961286719, 14584.537396940972, 15364.1289802048, 16024.637178389883, 16589.059644828525, 17064.1886251171, 17465.97966426828, 17806.313652194778, 18092.274744971568, 18335.32307426392, 18529.472011623624, 18710.377599891406, 18853.40630167479, 18966.532798444023]}, "3": {"freq": [20.0, 68.00000004249999, 116.00000061625, 164.00000102500002, 212.0000017225, 260.00000121875, 308.00000413875006, 356.00000178, 404.00000404, 452.00000113000004, 500.0, 548.0000054800001, 596.0000018625001, 644.0000128800003, 692.0000309237514, 740.0000127187502, 788.0000398925021, 836.0000428450022, 884.0000005525001, 932.0000393187518, 980.0000367500014, 1028.000071638755], "ampl": [449.5528755186346, 2268.1295664007207, 4348.903618201506, 6335.983961630073, 8155.574427606707, 9779.714402015661, 11200.94668656979, 12436.621521999528, 13495.482770611135, 14400.293676133213, 15169.609548245218, 15824.053312168639, 16383.596602331529, 16855.254178525032, 17251.583470322803, 17590.691149136503, 17874.512669003598, 18115.985489544877, 18309.90065605212, 18488.394124146882, 18633.162303519668, 18745.160643361567]}, "4": {"freq": [20.0, 68.00000004249999, 116.00000061625, 164.00000102500002, 212.0000017225, 260.00000121875, 308.00000413875006, 356.00000178, 404.00000404, 452.00000113000004, 500.0, 548.0000054800001, 596.0000018625001, 644.0000128800003, 692.0000309237514, 740.0000127187502, 788.0000398925021, 836.0000428450022, 884.0000005525001, 932.0000393187518, 980.0000367500014, 1028.000071638755], "ampl": [265.3720871486254, 1300.0367768208355, 2504.043635714535, 3680.265817374142, 4793.1019083279925, 5821.371239227616, 6761.434934869993, 7612.164110552483, 8373.912289740043, 9053.203234269944, 9655.196660937876, 10186.662538815222, 10659.156930196372, 11069.515515487106, 11431.304941022927, 11746.899167215837, 12022.643327185151, 12263.82173456577, 12468.98777875075, 12659.458784054701, 12816.345676386922, 12952.286256158464]}, "5": {"freq": [20.0, 68.00000004249999, 116.00000061625, 164.00000102500002, 212.0000017225, 260.00000121875, 308.00000413875006, 356.00000178, 404.00000404, 452.00000113000004, 500.0, 548.0000054800001, 596.0000018625001, 644.0000128800003, 692.0000309237514, 740.0000127187502, 788.0000398925021, 836.0000428450022, 884.0000005525001, 932.0000393187518, 980.0000367500014, 1028.000071638755], "ampl": [452.4436403675705, 2260.901557405859, 4331.212304541625, 6298.805044142865, 8091.94127563933, 9679.677155041765, 11061.006178358151, 12253.05791889569, 13268.39695285689, 14130.239990000846, 14860.962845896345, 15477.682064985274, 16004.24519246303, 16447.952654216, 16817.27925644563, 17130.238824325454, 17393.344386275447, 17616.255908335763, 17794.871015945868, 17958.218003747254, 18090.511667180468, 18193.67569314843]}, "6": {"freq": [20.0, 68.00000004249999, 116.00000061625, 164.00000102500002, 212.0000017225, 260.00000121875, 308.00000413875006, 356.00000178, 404.00000404, 452.00000113000004, 500.0, 548.0000054800001, 596.0000018625001, 644.0000128800003, 692.0000309237514, 740.0000127187502, 788.0000398925021, 836.0000428450022, 884.0000005525001, 932.0000393187518, 980.0000367500014, 1028.000071638755], "ampl": [486.45971762135315, 2401.5069288915934, 4592.423699766411, 6666.36876004559, 8547.656454994014, 10204.945309927289, 11634.609342208183, 12863.682000673653, 13903.559180857672, 14779.184535162743, 15514.6757755401, 16135.905074386545, 16659.039157527408, 17096.028993570657, 17461.079800401185, 17766.62246368991, 18023.96659045129, 18241.082494317092, 18412.23355769273, 18565.530033599953, 18689.773165673076, 18782.450912193523]}, "7": {"freq": [20.0, 68.00000004249999, 116.00000061625, 164.00000102500002, 212.0000017225, 260.00000121875, 308.00000413875006, 356.00000178, 404.00000404, 452.00000113000004, 500.0, 548.0000054800001, 596.0000018625001, 644.0000128800003, 692.0000309237514, 740.0000127187502, 788.0000398925021, 836.0000428450022, 884.0000005525001, 932.0000393187518, 980.0000367500014, 1028.000071638755], "ampl": [478.7776955308072, 2372.6121416310657, 4538.4081675819325, 6583.856889466235, 8436.351345813682, 10067.587733870121, 11473.92878523507, 12678.22628820241, 13697.10876037345, 14553.366119484706, 15272.886159269758, 15879.008641528262, 16389.54625432176, 16813.192358991848, 17171.11279879241, 17469.142494357453, 17720.024832480365, 17929.01964177841, 18090.013176220193, 18244.660843794434, 18364.04846603689, 18452.9788208768]}, "wireSegments": null, "apaChannels": null, "measuredBy": null, "stage": null, "apaUuid": null, "layer": null, "headboardNum": null, "side": null}