{"0": {"freq": [20.0, 68.00000004249999, 116.00000061625, 164.00000102500002, 212.0000017225, 260.00000121875, 308.00000413875006, 356.00000178, 404.00000404, 452.00000113000004, 500.0, 548.0000054800001, 596.0000018625001, 644.0000128800003, 692.0000309237514, 740.0000127187502, 788.0000398925021, 836.0000428450022, 884.0000005525001, 932.0000393187518, 980.0000367500014, 1028.000071638755], "ampl": [1.9229364085933467, 13.753817117560788, 23.23230262713554, 30.726320055612593, 40.97225748718702, 48.94494973331457, 58.13582726808155, 66.54957434884653, 74.12906054951769, 83.16995142098517, 91.12410970685906, 97.73976612998653, 106.54211943423846, 114.58720634683591, 122.60132912739674, 128.6927669668896, 137.32758787053163, 143.87796607509722, 151.76845718838348, 157.924515887831, 165.39967171332452, 172.00373957678767]}, "1": {"freq": [20.0, 68.00000004249999, 116.00000061625, 164.00000102500002, 212.0000017225, 260.00000121875, 308.00000413875006, 356.00000178, 404.00000404, 452.00000113000004, 500.0, 548.0000054800001, 596.0000018625001, 644.0000128800003, 692.0000309237514, 740.0000127187502, 788.0000398925021, 836.0000428450022, 884.0000005525001, 932.0000393187518, 980.0000367500014, 1028.000071638755], "ampl": [2.5466306371854457, 19.80636251354986, 37.12300248834998, 53.478048587165624, 69.20960780978095, 84.06918497508303, 99.73468971896504, 113.65234124492675, 129.77240745289538, 142.59614001174887, 157.38157925027494, 170.97324373752062, 184.7239332923384, 197.4458047982568, 210.96299908565308, 224.25707872260477, 237.12383062620628, 250.27661050333532, 262.0590714453776, 273.5463727300533, 286.9200103638939, 297.7182062947288]}, "2": {"freq": [20.0, 68.00000004249999, 116.00000061625, 164.00000102500002, 212.0000017225, 260.00000121875, 308.00000413875006, 356.00000178, 404.00000404, 452.00000113000004, 500.0, 548.0000054800001, 596.0000018625001, 644.0000128800003, 692.0000309237514, 740.0000127187502, 788.0000398925021, 836.0000428450022, 884.0000005525001, 932.0000393187518, 980.0000367500014, 1028.000071638755], "ampl": [2.9541522789320216, 18.00436779819228, 35.78613594500631, 50.53142827348161, 65.60982413213483, 81.49318796617567, 97.90555817159908, 113.67183225592724, 127.31873325124961, 142.23427653323444, 156.6268480027833, 170.23745174832004, 184.8935702919988, 197.56638921235293, 212.29304164191586, 226.16306445996105, 238.6604554730899, 252.2653059921752, 265.2284533184919, 276.41480088855525, 289.40302402478267, 301.89933087191093]}, "3": {"freq": [20.0, 68.00000004249999, 116.00000061625, 164.00000102500002, 212.0000017225, 260.00000121875, 308.00000413875006, 356.00000178, 404.00000404, 452.00000113000004, 500.0, 548.0000054800001, 596.0000018625001, 644.0000128800003, 692.0000309237514, 740.0000127187502, 788.0000398925021, 836.0000428450022, 884.0000005525001, 932.0000393187518, 980.0000367500014, 1028.000071638755], "ampl": [1.8624368670764608, 18.861580760362273, 36.42845216291736, 53.21613612470925, 70.79980993734088, 88.3566614234298, 105.43124838142704, 121.34670120423668, 137.93069181449854, 154.67445631831325, 171.0871970924687, 187.2003810465611, 203.86918170255737, 220.09825971976397, 234.39659624775473, 249.81101188650192, 267.21006500545064, 281.32007318680496, 296.810366339709, 310.8348712314358, 327.1300089721549, 339.83602241164226]}, "4": {"freq": [20.0, 68.00000004249999, 116.00000061625, 164.00000102500002, 212.0000017225, 260.00000121875, 308.00000413875006, 356.00000178, 404.00000404, 452.00000113000004, 500.0, 548.0000054800001, 596.0000018625001, 644.0000128800003, 692.0000309237514, 740.0000127187502, 788.0000398925021, 836.0000428450022, 884.0000005525001, 932.0000393187518, 980.0000367500014, 1028.000071638755], "ampl": [260.6794603383958, 1272.5875994901214, 2456.647131582486, 3610.4983902374133, 4695.267419132341, 5697.43066784729, 6610.155124961012, 7431.967374658179, 8166.659604376939, 8817.090486561883, 9390.71020318365, 9893.67484729032, 10339.995578578428, 10728.370419746427, 11071.350598523832, 11366.221146471093, 11627.658377534479, 11850.929175470203, 12043.003642909298, 12212.800083648513, 12374.456727280864, 12483.826229724833]}, "5": {"freq": [20.0, 68.00000004249999, 116.00000061625, 164.00000102500002, 212.0000017225, 260.00000121875, 308.00000413875006, 356.00000178, 404.00000404, 452.00000113000004, 500.0, 548.0000054800001, 596.0000018625001, 644.0000128800003, 692.0000309237514, 740.0000127187502, 788.0000398925021, 836.0000428450022, 884.0000005525001, 932.0000393187518, 980.0000367500014, 1028.000071638755], "ampl": [453.1339221536432, 2302.0932827186693, 4437.312480700454, 6472.653142205306, 8325.8143843667, 9966.213194158343, 11391.600431551225, 12619.401389985836, 13666.13996596995, 14549.155024893334, 15294.919137260713, 15922.557367828025, 16458.922182500894, 16902.18737409484, 17284.268273065663, 17599.363879802757, 17869.58152945334, 18090.685328143933, 18276.42175564435, 18434.839258948574, 18586.28623039378, 18667.99699839341]}, "6": {"freq": [20.0, 68.00000004249999, 116.00000061625, 164.00000102500002, 212.0000017225, 260.00000121875, 308.00000413875006, 356.00000178, 404.00000404, 452.00000113000004, 500.0, 548.0000054800001, 596.0000018625001, 644.0000128800003, 692.0000309237514, 740.0000127187502, 788.0000398925021, 836.0000428450022, 884.0000005525001, 932.0000393187518, 980.0000367500014, 1028.000071638755], "ampl": [468.12255585154224, 2325.288858665363, 4473.994845179816, 6519.865412668891, 8381.814875529679, 10034.745400253292, 11468.828757503872, 12703.717433568665, 13756.34938882704, 14643.820466511863, 15392.14527956415, 16022.201858442068, 16559.111576683335, 17003.979587552083, 17384.93309426181, 17700.476045119896, 17970.651225726928, 18190.95198657928, 18375.50885630012, 18530.62371566752, 18680.921209475004, 18762.448148746702]}, "7": {"freq": [20.0, 68.00000004249999, 116.00000061625, 164.00000102500002, 212.0000017225, 260.00000121875, 308.00000413875006, 356.00000178, 404.00000404, 452.00000113000004, 500.0, 548.0000054800001, 596.0000018625001, 644.0000128800003, 692.0000309237514, 740.0000127187502, 788.0000398925021, 836.0000428450022, 884.0000005525001, 932.0000393187518, 980.0000367500014, 1028.000071638755], "ampl": [465.4160957509803, 2353.372293195382, 4535.433665474627, 6606.857591909172, 8484.509686757987, 10140.80494094239, 11573.394900528318, 12801.317358339387, 13843.94023858188, 14717.871032898256, 15453.054662132981, 16068.115466395271, 16591.32747245858, 17024.152849022263, 17394.31264638233, 17697.505353617602, 17959.98003951736, 18170.393370325968, 18346.51282112845, 18494.78720457831, 18640.71516428055, 18714.617306926815]}, "wireSegments": null, "apaChannels": null, "measuredBy": null, "stage": null, "apaUuid": null, "layer": null, "headboardNum": null, "side": null}