{"scanEndMode": 0, "0": {"freq": [100.0, 150.0000005859375, 200.0, 250.0, 300.0000046875001, 350.0000054687501, 400.0, 450.0000070312501, 500.0, 550.0000064453126, 600.0000093750002, 650.0000228515634, 700.0000109375002, 750.0000292968762, 800.0, 850.0000298828136, 900.0000140625002, 950.0000148437501, 1000.0], "ampl": [4043.9218337914285, 5981.168643725535, 7696.524677296122, 9169.837474338501, 10407.76147722239, 11439.951947811704, 12287.28670111424, 12980.295711290508, 13550.862539326617, 14003.251657827688, 14375.383614524055, 14688.803947515005, 14938.436205837754, 15138.115167778595, 15305.02837009405, 15437.152817256432, 15550.058166098937, 15633.466187969681, 15691.859334300218]}, "1": {"freq": [100.0, 150.0000005859375, 200.0, 250.0, 300.0000046875001, 350.0000054687501, 400.0, 450.0000070312501, 500.0, 550.0000064453126, 600.0000093750002, 650.0000228515634, 700.0000109375002, 750.0000292968762, 800.0, 850.0000298828136, 900.0000140625002, 950.0000148437501, 1000.0], "ampl": [6873.769969361971, 9679.135675138734, 11840.070038723003, 13462.997317224177, 14668.11075939537, 15575.527299222282, 16257.563356424223, 16777.483932920648, 17177.03205614318, 17474.338282742567, 17701.387961427303, 17888.88711696455, 18026.46260056074, 18127.204164791397, 18205.212083870025, 18259.772030304157, 18300.46393240537, 18323.78712437294, 18322.496664069233]}, "2": {"freq": [100.0, 150.0000005859375, 200.0, 250.0, 300.0000046875001, 350.0000054687501, 400.0, 450.0000070312501, 500.0, 550.0000064453126, 600.0000093750002, 650.0000228515634, 700.0000109375002, 750.0000292968762, 800.0, 850.0000298828136, 900.0000140625002, 950.0000148437501, 1000.0], "ampl": [7102.492339498451, 10005.091741466458, 12234.703073434666, 13903.461230748751, 15131.911082742463, 16047.449197112552, 16729.546080457156, 17243.3161933995, 17635.09680149576, 17920.141460098836, 18137.401714987, 18312.652942778077, 18442.664600931585, 18532.64268193337, 18602.14441270796, 18647.23558200983, 18683.62672602051, 18695.55353065539, 18691.158979469616]}, "3": {"freq": [100.0, 150.0000005859375, 200.0, 250.0, 300.0000046875001, 350.0000054687501, 400.0, 450.0000070312501, 500.0, 550.0000064453126, 600.0000093750002, 650.0000228515634, 700.0000109375002, 750.0000292968762, 800.0, 850.0000298828136, 900.0000140625002, 950.0000148437501, 1000.0], "ampl": [6941.70195425337, 9802.075614062771, 12017.175223737204, 13681.022890008428, 14910.886378820202, 15831.678244548186, 16520.08737097735, 17036.148968926635, 17426.008903356524, 17721.10992635248, 17941.34410455234, 18122.093739797114, 18254.388882313484, 18347.15306768478, 18417.420260763436, 18467.392749423412, 18502.613230655945, 18521.374668677505, 18513.726273632346]}, "4": {"freq": [100.0, 150.0000005859375, 200.0, 250.0, 300.0000046875001, 350.0000054687501, 400.0, 450.0000070312501, 500.0, 550.0000064453126, 600.0000093750002, 650.0000228515634, 700.0000109375002, 750.0000292968762, 800.0, 850.0000298828136, 900.0000140625002, 950.0000148437501, 1000.0], "ampl": [7174.992971472951, 10083.85753615423, 12309.775023807268, 13962.433152869351, 15174.312418846275, 16073.967520506847, 16740.220516116788, 17241.068181910698, 17623.421280933606, 17897.363754138143, 18108.24964904602, 18278.588205384873, 18402.395099609013, 18487.688281662147, 18554.39792333462, 18597.440731482548, 18630.5044615302, 18641.216459626216, 18633.32976123419]}, "5": {"freq": [100.0, 150.0000005859375, 200.0, 250.0, 300.0000046875001, 350.0000054687501, 400.0, 450.0000070312501, 500.0, 550.0000064453126, 600.0000093750002, 650.0000228515634, 700.0000109375002, 750.0000292968762, 800.0, 850.0000298828136, 900.0000140625002, 950.0000148437501, 1000.0], "ampl": [6907.2817034328955, 9750.266435649468, 11944.395841735146, 13591.120053956056, 14806.804218541387, 15715.971542169467, 16393.5434240465, 16903.71502139525, 17293.256041115605, 17574.304571109267, 17791.10163738486, 17970.601452218987, 18097.70403836334, 18187.50406741369, 18258.009523900626, 18304.623519235756, 18340.076992841863, 18356.29973530917, 18349.784734393088]}, "6": {"freq": [100.0, 150.0000005859375, 200.0, 250.0, 300.0000046875001, 350.0000054687501, 400.0, 450.0000070312501, 500.0, 550.0000064453126, 600.0000093750002, 650.0000228515634, 700.0000109375002, 750.0000292968762, 800.0, 850.0000298828136, 900.0000140625002, 950.0000148437501, 1000.0], "ampl": [7116.326275263708, 9999.401890676596, 12201.334599646636, 13837.494167754252, 15033.744273620337, 15922.073698085946, 16579.53579396747, 17074.362406825367, 17447.941739183996, 17721.199626371344, 17926.61501887507, 18094.9632453058, 18216.90703299499, 18301.25642361488, 18365.44929830004, 18408.09010005404, 18438.57153017227, 18451.25779705394, 18442.853641324866]}, "7": {"freq": [100.0, 150.0000005859375, 200.0, 250.0, 300.0000046875001, 350.0000054687501, 400.0, 450.0000070312501, 500.0, 550.0000064453126, 600.0000093750002, 650.0000228515634, 700.0000109375002, 750.0000292968762, 800.0, 850.0000298828136, 900.0000140625002, 950.0000148437501, 1000.0], "ampl": [6868.999397592422, 9683.311268812668, 11850.732339220596, 13473.814099760102, 14668.265210005398, 15557.809311640169, 16220.123861029044, 16718.56311265659, 17096.62483296605, 17375.096225410893, 17584.57433162359, 17757.06855775397, 17880.487659981634, 17967.376671364113, 18034.394212408817, 18079.816953755002, 18113.696787639798, 18128.893404434828, 18121.243800358912]}, "wireSegments": [1, 3, 5, 7, 9, 11, 13, 15, 401, 403, 405, 407, 409, 411, 413, 415, 801, 803, 805, 807, 809, 811, 813, 815], "apaChannels": [1, 3, 5, 7, 9, 11, 13, 15], "measuredBy": "", "stage": "DWA Development", "apaUuid": "continuity220-12", "layer": "U", "headboardNum": "10", "side": "A"}