{"scanEndMode": 0, "0": {"freq": [100.0, 150.0000005859375, 200.0, 250.0, 300.0000046875001, 350.0000054687501, 400.0, 450.0000070312501, 500.0, 550.0000064453126, 600.0000093750002, 650.0000228515634, 700.0000109375002, 750.0000292968762, 800.0, 850.0000298828136, 900.0000140625002, 950.0000148437501, 1000.0], "ampl": [7238.820191895693, 10190.571204149765, 12462.392118435168, 14153.05481396393, 15409.796715974062, 16328.353069082215, 17025.69438751108, 17541.777552430758, 17938.813763669288, 18238.186074202855, 18456.21334793509, 18640.282025228273, 18758.882945445155, 18865.239816316214, 18933.80225993537, 18979.479902784668, 19008.770479547686, 19019.151930477972, 19024.28985671838]}, "1": {"freq": [100.0, 150.0000005859375, 200.0, 250.0, 300.0000046875001, 350.0000054687501, 400.0, 450.0000070312501, 500.0, 550.0000064453126, 600.0000093750002, 650.0000228515634, 700.0000109375002, 750.0000292968762, 800.0, 850.0000298828136, 900.0000140625002, 950.0000148437501, 1000.0], "ampl": [6959.406954942347, 9828.195543212221, 12049.82367458148, 13716.828030388544, 14961.22560483373, 15876.58010404572, 16570.470462011857, 17088.6369883239, 17486.35879776602, 17787.68575124845, 18008.228223752794, 18192.3816280342, 18314.507574937696, 18422.811320744397, 18493.95958525891, 18542.039947948368, 18573.161849543474, 18584.906747438952, 18592.38992231822]}, "2": {"freq": [100.0, 150.0000005859375, 200.0, 250.0, 300.0000046875001, 350.0000054687501, 400.0, 450.0000070312501, 500.0, 550.0000064453126, 600.0000093750002, 650.0000228515634, 700.0000109375002, 750.0000292968762, 800.0, 850.0000298828136, 900.0000140625002, 950.0000148437501, 1000.0], "ampl": [7247.695794493385, 10200.498067965626, 12466.566593047539, 14154.19858691291, 15405.016541198329, 16319.749934843354, 17010.956642719437, 17526.467536883905, 17917.68738766672, 18214.996217440486, 18433.134165250318, 18611.8171169076, 18731.69828694651, 18838.37119430046, 18905.124821114867, 18951.159776485194, 18979.298511945508, 18990.06461141591, 18992.611189694853]}, "3": {"freq": [100.0, 150.0000005859375, 200.0, 250.0, 300.0000046875001, 350.0000054687501, 400.0, 450.0000070312501, 500.0, 550.0000064453126, 600.0000093750002, 650.0000228515634, 700.0000109375002, 750.0000292968762, 800.0, 850.0000298828136, 900.0000140625002, 950.0000148437501, 1000.0], "ampl": [6943.434450436385, 9813.561516023483, 12041.573636601452, 13712.694055786284, 14964.383178281578, 15883.50441017132, 16581.33277455611, 17101.698720920987, 17501.33878467343, 17805.543525678335, 18028.569200971542, 18216.51900137289, 18337.943299275823, 18447.259039721266, 18517.485863235448, 18566.94055431811, 18599.83319358195, 18610.353228347336, 18619.376127349788]}, "4": {"freq": [100.0, 150.0000005859375, 200.0, 250.0, 300.0000046875001, 350.0000054687501, 400.0, 450.0000070312501, 500.0, 550.0000064453126, 600.0000093750002, 650.0000228515634, 700.0000109375002, 750.0000292968762, 800.0, 850.0000298828136, 900.0000140625002, 950.0000148437501, 1000.0], "ampl": [7196.992001882711, 10122.752050422225, 12370.152663310198, 14036.146665512013, 15271.952857623006, 16171.715034695371, 16850.846510993742, 17358.066593146938, 17743.829075262216, 18036.156407620823, 18248.590320819447, 18423.55661837616, 18542.188578542868, 18644.851603769384, 18709.7878950307, 18753.994972343884, 18782.022079479393, 18790.004179520944, 18791.926999390733]}, "5": {"freq": [100.0, 150.0000005859375, 200.0, 250.0, 300.0000046875001, 350.0000054687501, 400.0, 450.0000070312501, 500.0, 550.0000064453126, 600.0000093750002, 650.0000228515634, 700.0000109375002, 750.0000292968762, 800.0, 850.0000298828136, 900.0000140625002, 950.0000148437501, 1000.0], "ampl": [7028.908180110301, 9914.186035666145, 12140.251720894532, 13801.219152153652, 15038.026541566662, 15943.88328252774, 16630.5709433032, 17140.28198027777, 17530.989044015496, 17828.197530203022, 18044.553437345257, 18225.548009818485, 18345.033659055203, 18449.357458030896, 18518.910523220646, 18564.700304486894, 18594.757948782208, 18605.860596422728, 18610.959663647285]}, "6": {"freq": [100.0, 150.0000005859375, 200.0, 250.0, 300.0000046875001, 350.0000054687501, 400.0, 450.0000070312501, 500.0, 550.0000064453126, 600.0000093750002, 650.0000228515634, 700.0000109375002, 750.0000292968762, 800.0, 850.0000298828136, 900.0000140625002, 950.0000148437501, 1000.0], "ampl": [7124.738962435126, 10028.185353574938, 12260.713666989657, 13920.61664557584, 15152.14690638425, 16051.815874091788, 16730.920004287487, 17236.443516169067, 17623.512279043167, 17916.856216365955, 18129.379438186195, 18308.636131640473, 18424.355832071346, 18528.93644785076, 18595.096211374785, 18640.635108762533, 18668.713017663023, 18677.829292456136, 18682.689162171224]}, "7": {"freq": [100.0, 150.0000005859375, 200.0, 250.0, 300.0000046875001, 350.0000054687501, 400.0, 450.0000070312501, 500.0, 550.0000064453126, 600.0000093750002, 650.0000228515634, 700.0000109375002, 750.0000292968762, 800.0, 850.0000298828136, 900.0000140625002, 950.0000148437501, 1000.0], "ampl": [6984.372088966138, 9848.440926013585, 12060.345227061338, 13712.657415033307, 14939.720113271147, 15839.731176544421, 16520.4589978547, 17027.98968582491, 17416.330415021202, 17711.25019674776, 17925.3603797183, 18104.45857947881, 18222.427940822956, 18327.68606618487, 18395.24636366372, 18440.61056081104, 18470.142641643208, 18482.055609810817, 18486.205665125053]}, "wireSegments": [18, 20, 22, 24, 26, 28, 30, 32], "apaChannels": [32, 30, 28, 26, 24, 22, 20, 18], "measuredBy": "", "stage": "DWA Development", "apaUuid": "continuity220-12", "layer": "X", "headboardNum": "1", "side": "A"}