{"scanEndMode": 0, "0": {"freq": [100.0, 150.0000005859375, 200.0, 250.0, 300.0000046875001, 350.0000054687501, 400.0, 450.0000070312501, 500.0, 550.0000064453126, 600.0000093750002, 650.0000228515634, 700.0000109375002, 750.0000292968762, 800.0, 850.0000298828136, 900.0000140625002, 950.0000148437501, 1000.0], "ampl": [2112.979142159789, 3173.1834259257384, 4164.958215026041, 5082.731041086996, 5924.507593506015, 6687.586251400516, 7373.578673185764, 7987.007813897461, 8525.794230229558, 9003.435029695838, 9425.200722269776, 9791.895957996125, 10115.78354229603, 10396.823465044634, 10645.723966465494, 10855.533001498252, 11045.7538009407, 11202.537297554401, 11337.743222287356]}, "1": {"freq": [100.0, 150.0000005859375, 200.0, 250.0, 300.0000046875001, 350.0000054687501, 400.0, 450.0000070312501, 500.0, 550.0000064453126, 600.0000093750002, 650.0000228515634, 700.0000109375002, 750.0000292968762, 800.0, 850.0000298828136, 900.0000140625002, 950.0000148437501, 1000.0], "ampl": [1828.82264550245, 2755.9430716665406, 3632.2107722947367, 4449.52589380054, 5208.760240215347, 5901.252833618591, 6533.957061755478, 7101.976697883377, 7608.6988279738125, 8060.630458472682, 8461.24994816895, 8813.452777737808, 9125.673451967059, 9397.458464653531, 9639.640750557992, 9845.242573772022, 10030.269220507042, 10187.305440136079, 10323.263615312628]}, "2": {"freq": [100.0, 150.0000005859375, 200.0, 250.0, 300.0000046875001, 350.0000054687501, 400.0, 450.0000070312501, 500.0, 550.0000064453126, 600.0000093750002, 650.0000228515634, 700.0000109375002, 750.0000292968762, 800.0, 850.0000298828136, 900.0000140625002, 950.0000148437501, 1000.0], "ampl": [2107.1529188446902, 3163.6628798704887, 4151.032664611345, 5068.695628647825, 5908.119120733752, 6670.038861130066, 7356.291358569075, 7968.1706884554, 8506.76932044887, 8986.377670489912, 9407.356641548131, 9774.32953310882, 10100.900472343134, 10380.690359445802, 10630.26018110115, 10840.661450714408, 11029.856910059576, 11189.048832589533, 11325.281326188131]}, "3": {"freq": [100.0, 150.0000005859375, 200.0, 250.0, 300.0000046875001, 350.0000054687501, 400.0, 450.0000070312501, 500.0, 550.0000064453126, 600.0000093750002, 650.0000228515634, 700.0000109375002, 750.0000292968762, 800.0, 850.0000298828136, 900.0000140625002, 950.0000148437501, 1000.0], "ampl": [1854.3996646654728, 2792.359387400494, 3680.419168337547, 4510.502640196629, 5280.183119056746, 5984.004398113721, 6625.769591858594, 7202.826314928403, 7717.241316200129, 8174.747947511092, 8581.97793075631, 8938.987488372524, 9256.81676294459, 9532.22475099905, 9777.757888076201, 9987.452625257358, 10176.812850747045, 10336.683429424284, 10472.979910400813]}, "4": {"freq": [100.0, 150.0000005859375, 200.0, 250.0, 300.0000046875001, 350.0000054687501, 400.0, 450.0000070312501, 500.0, 550.0000064453126, 600.0000093750002, 650.0000228515634, 700.0000109375002, 750.0000292968762, 800.0, 850.0000298828136, 900.0000140625002, 950.0000148437501, 1000.0], "ampl": [2025.0340536694134, 3040.0927280101732, 3992.3763916404123, 4875.633441199983, 5686.514813659491, 6423.481825324175, 7087.624120056272, 7683.819743406213, 8209.81588502659, 8677.735447573961, 9090.46279828939, 9451.350730385066, 9771.839635016346, 10049.340115015102, 10293.633119042961, 10503.610471723534, 10691.856399210625, 10850.289323119554, 10984.61881208758]}, "5": {"freq": [100.0, 150.0000005859375, 200.0, 250.0, 300.0000046875001, 350.0000054687501, 400.0, 450.0000070312501, 500.0, 550.0000064453126, 600.0000093750002, 650.0000228515634, 700.0000109375002, 750.0000292968762, 800.0, 850.0000298828136, 900.0000140625002, 950.0000148437501, 1000.0], "ampl": [1781.4880284609446, 2683.7080674407352, 3541.751252799811, 4344.123022462603, 5091.643820316406, 5778.63597515402, 6405.171709122694, 6973.22350487967, 7480.225748428396, 7934.328150473496, 8340.247850184664, 8695.842343288734, 9014.972994088823, 9291.935150552581, 9539.20426323043, 9751.601326945756, 9944.430053465892, 10106.809217748172, 10246.78358535029]}, "6": {"freq": [100.0, 150.0000005859375, 200.0, 250.0, 300.0000046875001, 350.0000054687501, 400.0, 450.0000070312501, 500.0, 550.0000064453126, 600.0000093750002, 650.0000228515634, 700.0000109375002, 750.0000292968762, 800.0, 850.0000298828136, 900.0000140625002, 950.0000148437501, 1000.0], "ampl": [2012.806772142257, 3020.622974056685, 3966.502106801976, 4842.853497480904, 5646.140596723665, 6375.639066089932, 7031.921888290197, 7620.564024433283, 8138.337946971354, 8598.981783883753, 9005.437524767156, 9359.332195312696, 9673.695783052885, 9944.040284035074, 10185.61121931845, 10389.96718670648, 10574.232952983984, 10727.733400664714, 10860.498057713916]}, "7": {"freq": [100.0, 150.0000005859375, 200.0, 250.0, 300.0000046875001, 350.0000054687501, 400.0, 450.0000070312501, 500.0, 550.0000064453126, 600.0000093750002, 650.0000228515634, 700.0000109375002, 750.0000292968762, 800.0, 850.0000298828136, 900.0000140625002, 950.0000148437501, 1000.0], "ampl": [1798.9351626634218, 2708.8585264227245, 3570.362955031796, 4378.020356890002, 5125.259192395152, 5811.963631138053, 6435.683141114477, 6997.96009893824, 7498.862837650269, 7947.611378902353, 8346.095938623797, 8695.484000724371, 9006.18470790239, 9276.696240846019, 9518.561899183022, 9725.185238456026, 9910.41662868873, 10069.09932287571, 10202.870007380603]}, "wireSegments": [17, 19, 21, 23, 25, 27, 29, 31, 417, 419, 421, 423, 425, 427, 429, 431, 817, 819, 821, 823, 825, 827, 829, 831], "apaChannels": [17, 19, 21, 23, 25, 27, 29, 31], "measuredBy": "", "stage": "DWA Development", "apaUuid": "continuity47-12", "layer": "U", "headboardNum": "10", "side": "A"}