{"scanEndMode": 0, "0": {"freq": [100.0, 150.0000005859375, 200.0, 250.0, 300.0000046875001, 350.0000054687501, 400.0, 450.0000070312501, 500.0, 550.0000064453126, 600.0000093750002, 650.0000228515634, 700.0000109375002, 750.0000292968762, 800.0, 850.0000298828136, 900.0000140625002, 950.0000148437501, 1000.0], "ampl": [2051.0399215888215, 3081.427867691423, 4053.9847549508677, 4953.252206851455, 5780.145949315457, 6533.071123787088, 7212.648341829555, 7820.746447147876, 8362.162091394523, 8838.687617198804, 9264.386356712697, 9631.664300952658, 9954.083271945945, 10243.334061235051, 10493.409816628637, 10716.411339022397, 10900.171285495233, 11070.774902760173, 11209.976841529315]}, "1": {"freq": [100.0, 150.0000005859375, 200.0, 250.0, 300.0000046875001, 350.0000054687501, 400.0, 450.0000070312501, 500.0, 550.0000064453126, 600.0000093750002, 650.0000228515634, 700.0000109375002, 750.0000292968762, 800.0, 850.0000298828136, 900.0000140625002, 950.0000148437501, 1000.0], "ampl": [1753.7034643156762, 2646.53575584831, 3495.330457512349, 4289.544262559367, 5028.357204556092, 5708.5878652575475, 6328.346344450095, 6889.33399137092, 7395.551501587745, 7842.521328310506, 8245.707007326293, 8595.915246933799, 8905.342260998585, 9183.361956068413, 9425.246281427326, 9644.491711996665, 9825.777015573314, 9992.370731229335, 10130.069467091034]}, "2": {"freq": [100.0, 150.0000005859375, 200.0, 250.0, 300.0000046875001, 350.0000054687501, 400.0, 450.0000070312501, 500.0, 550.0000064453126, 600.0000093750002, 650.0000228515634, 700.0000109375002, 750.0000292968762, 800.0, 850.0000298828136, 900.0000140625002, 950.0000148437501, 1000.0], "ampl": [2080.1898527389744, 3126.8041134105515, 4111.22076696672, 5023.305480686343, 5862.121725345923, 6624.771766489615, 7312.206064915777, 7929.725605704703, 8478.960050412375, 8960.732898727123, 9391.589101024676, 9765.245054501418, 10089.713596526222, 10381.868020416974, 10634.341452627905, 10858.930891222828, 11044.87670078649, 11213.73554717057, 11354.669495222739]}, "3": {"freq": [100.0, 150.0000005859375, 200.0, 250.0, 300.0000046875001, 350.0000054687501, 400.0, 450.0000070312501, 500.0, 550.0000064453126, 600.0000093750002, 650.0000228515634, 700.0000109375002, 750.0000292968762, 800.0, 850.0000298828136, 900.0000140625002, 950.0000148437501, 1000.0], "ampl": [1855.1083829348713, 2794.1967151927433, 3685.141123037843, 4518.901353160737, 5289.347769743229, 5995.826205805229, 6639.616177659125, 7219.136802000637, 7739.579095416133, 8197.515155812369, 8610.391541424424, 8965.585870102703, 9281.005200655145, 9563.155978613082, 9809.330070393204, 10028.755451048775, 10212.539953150674, 10378.304866733492, 10517.49358676604]}, "4": {"freq": [], "ampl": []}, "5": {"freq": [], "ampl": []}, "6": {"freq": [], "ampl": []}, "7": {"freq": [], "ampl": []}, "wireSegments": [33, 35, 37, 39, 433, 435, 437, 439, 833, 835, 837, 839], "apaChannels": [33, 35, 37, 39, null, null, null, null], "measuredBy": "", "stage": "DWA Development", "apaUuid": "continuity47-12", "layer": "U", "headboardNum": "10", "side": "A"}