{"scanEndMode": 0, "0": {"freq": [100.0, 150.0000005859375, 200.0, 250.0, 300.0000046875001, 350.0000054687501, 400.0, 450.0000070312501, 500.0, 550.0000064453126, 600.0000093750002, 650.0000228515634, 700.0000109375002, 750.0000292968762, 800.0, 850.0000298828136, 900.0000140625002, 950.0000148437501, 1000.0], "ampl": [1365.1471140236317, 2062.084197878384, 2734.5940094907833, 3377.287406768593, 3987.8214588593514, 4564.436279708419, 5103.834980910041, 5601.658327708359, 6060.302828888292, 6480.067204199618, 6860.817132309485, 7209.948285447147, 7520.38038303633, 7800.39689718957, 8052.73724899065, 8277.139164115184, 8479.32898351368, 8653.670234045612, 8818.039158807693]}, "1": {"freq": [100.0, 150.0000005859375, 200.0, 250.0, 300.0000046875001, 350.0000054687501, 400.0, 450.0000070312501, 500.0, 550.0000064453126, 600.0000093750002, 650.0000228515634, 700.0000109375002, 750.0000292968762, 800.0, 850.0000298828136, 900.0000140625002, 950.0000148437501, 1000.0], "ampl": [1879.0832509845116, 2820.557804381301, 3706.3352851475993, 4528.342765304047, 5286.32482114803, 5976.043474204707, 6604.31802313597, 7162.075993403071, 7663.361417084851, 8110.030058110428, 8504.157707729186, 8856.340374996476, 9163.789365579682, 9436.696900269097, 9679.080471342655, 9888.538674524198, 10073.205649396548, 10231.16248056231, 10377.827454332277]}, "2": {"freq": [100.0, 150.0000005859375, 200.0, 250.0, 300.0000046875001, 350.0000054687501, 400.0, 450.0000070312501, 500.0, 550.0000064453126, 600.0000093750002, 650.0000228515634, 700.0000109375002, 750.0000292968762, 800.0, 850.0000298828136, 900.0000140625002, 950.0000148437501, 1000.0], "ampl": [2069.320693317543, 3103.7694724645207, 4077.4531034327583, 4982.704695152914, 5811.891612624371, 6569.405206429186, 7252.100450682029, 7858.426920770388, 8402.784705166625, 8879.589518934588, 9301.937560882112, 9675.88969585683, 10000.684178432237, 10285.523441622769, 10536.858088504692, 10752.955441256556, 10944.787008717234, 11102.959482222312, 11251.887272234639]}, "3": {"freq": [100.0, 150.0000005859375, 200.0, 250.0, 300.0000046875001, 350.0000054687501, 400.0, 450.0000070312501, 500.0, 550.0000064453126, 600.0000093750002, 650.0000228515634, 700.0000109375002, 750.0000292968762, 800.0, 850.0000298828136, 900.0000140625002, 950.0000148437501, 1000.0], "ampl": [1897.6646502689912, 2854.52777464388, 3760.883621589104, 4606.600806159234, 5386.620066144748, 6101.332156626124, 6750.62423222401, 7329.481224512025, 7848.82705202598, 8310.175606657545, 8716.859551197109, 9081.458383764928, 9396.910273200918, 9674.09746591493, 9919.66840908994, 10133.33899866821, 10319.934735112136, 10476.956211093482, 10625.525923077892]}, "4": {"freq": [100.0, 150.0000005859375, 200.0, 250.0, 300.0000046875001, 350.0000054687501, 400.0, 450.0000070312501, 500.0, 550.0000064453126, 600.0000093750002, 650.0000228515634, 700.0000109375002, 750.0000292968762, 800.0, 850.0000298828136, 900.0000140625002, 950.0000148437501, 1000.0], "ampl": [2015.7840313036565, 3022.854536099723, 3974.635668681177, 4854.767081824353, 5666.039448714674, 6405.995663017444, 7075.996518198451, 7669.878221852415, 8205.517761139972, 8675.153472829767, 9092.268849889924, 9462.17429401776, 9784.026356423823, 10065.465307708051, 10317.353765933593, 10533.009715691109, 10722.754095866372, 10881.850428500791, 11032.53158552184]}, "5": {"freq": [100.0, 150.0000005859375, 200.0, 250.0, 300.0000046875001, 350.0000054687501, 400.0, 450.0000070312501, 500.0, 550.0000064453126, 600.0000093750002, 650.0000228515634, 700.0000109375002, 750.0000292968762, 800.0, 850.0000298828136, 900.0000140625002, 950.0000148437501, 1000.0], "ampl": [1823.3459680608837, 2744.4159925424124, 3618.702843166137, 4438.00475964091, 5198.036872316018, 5898.096653051259, 6539.539072801536, 7112.767033342921, 7632.9389522120255, 8095.799305218583, 8506.722615853665, 8875.727284008253, 9196.866585030006, 9479.258901189181, 9732.697828134187, 9952.057229321557, 10145.440441348479, 10309.230679987808, 10463.13894471149]}, "6": {"freq": [100.0, 150.0000005859375, 200.0, 250.0, 300.0000046875001, 350.0000054687501, 400.0, 450.0000070312501, 500.0, 550.0000064453126, 600.0000093750002, 650.0000228515634, 700.0000109375002, 750.0000292968762, 800.0, 850.0000298828136, 900.0000140625002, 950.0000148437501, 1000.0], "ampl": [1964.3589046037625, 2946.4118748148658, 3872.3186534296633, 4732.3651638006195, 5520.944408623597, 6242.032668865042, 6893.200557837867, 7470.727220539574, 7989.157448276232, 8445.074711386784, 8849.352366366702, 9207.35710831685, 9518.962176859794, 9791.777831851841, 10032.948589771506, 10242.179828886023, 10426.001680305255, 10578.595304756424, 10722.981404823999]}, "7": {"freq": [100.0, 150.0000005859375, 200.0, 250.0, 300.0000046875001, 350.0000054687501, 400.0, 450.0000070312501, 500.0, 550.0000064453126, 600.0000093750002, 650.0000228515634, 700.0000109375002, 750.0000292968762, 800.0, 850.0000298828136, 900.0000140625002, 950.0000148437501, 1000.0], "ampl": [1789.3410918998984, 2690.229270066572, 3547.174327983269, 4348.883523586395, 5091.238284285014, 5772.354128453819, 6394.30519773896, 6949.988372639231, 7452.345277087635, 7896.969938916403, 8291.62737596507, 8645.622269366466, 8953.131433891804, 9222.715749298957, 9465.220258906122, 9673.793477018393, 9858.031701399012, 10014.151553859783, 10160.958778924172]}, "wireSegments": [34, 36, 38, 40, 42, 44, 46, 48], "apaChannels": [48, 46, 44, 42, 40, 38, 36, 34], "measuredBy": "", "stage": "DWA Development", "apaUuid": "continuity47-12", "layer": "X", "headboardNum": "1", "side": "A"}