{"scanEndMode": 0, "0": {"freq": [20.0, 68.00000004249999, 116.00000061625, 164.00000102500002, 212.0000017225, 260.00000121875, 308.00000413875006, 356.00000178, 404.00000404, 452.00000113000004, 500.0, 548.0000054800001, 596.0000018625001, 644.0000128800003, 692.0000309237514, 740.0000127187502, 788.0000398925021, 836.0000428450022, 884.0000005525001, 932.0000393187518, 980.0000367500014, 1028.000071638755], "ampl": [93.43402703061737, 522.3581698544994, 1008.7275395459919, 1487.1241431700794, 1945.2824475099399, 2375.925361765491, 2777.6807932733404, 3146.3473571496284, 3480.7612022251906, 3784.400764476023, 4057.3435644135784, 4305.447038497586, 4525.838101222294, 4721.840597448165, 4895.7551178398635, 5050.039293063655, 5185.167471527186, 5304.526794468065, 5409.62246455877, 5503.018469702349, 5583.084777346458, 5654.883913443185]}, "1": {"freq": [20.0, 68.00000004249999, 116.00000061625, 164.00000102500002, 212.0000017225, 260.00000121875, 308.00000413875006, 356.00000178, 404.00000404, 452.00000113000004, 500.0, 548.0000054800001, 596.0000018625001, 644.0000128800003, 692.0000309237514, 740.0000127187502, 788.0000398925021, 836.0000428450022, 884.0000005525001, 932.0000393187518, 980.0000367500014, 1028.000071638755], "ampl": [40.7010247226817, 232.35541750936054, 452.85913128965944, 673.3083304433301, 892.2286263434901, 1107.945717925831, 1317.456554047735, 1520.8114886593658, 1715.6148126081637, 1902.6326692454843, 2082.663521011428, 2255.588386045168, 2421.1513158718, 2576.0124199243223, 2723.699105331058, 2863.404923731218, 2991.647690716736, 3114.5751842542886, 3228.8746782224994, 3336.3650932650744, 3436.1194069759863, 3529.1913208705023]}, "2": {"freq": [20.0, 68.00000004249999, 116.00000061625, 164.00000102500002, 212.0000017225, 260.00000121875, 308.00000413875006, 356.00000178, 404.00000404, 452.00000113000004, 500.0, 548.0000054800001, 596.0000018625001, 644.0000128800003, 692.0000309237514, 740.0000127187502, 788.0000398925021, 836.0000428450022, 884.0000005525001, 932.0000393187518, 980.0000367500014, 1028.000071638755], "ampl": [91.01044163363164, 503.43702557336314, 971.692852086788, 1435.684855754025, 1877.4586457944147, 2295.4475065806228, 2682.7584859756553, 3039.9110565379547, 3365.384701731685, 3659.519133568733, 3927.846034110172, 4166.588585681926, 4380.380614961858, 4571.162315238127, 4741.908961366963, 4893.300641657854, 5025.832169886384, 5142.492282417941, 5245.197252573136, 5337.236347088692, 5414.89466479631, 5486.099016254686]}, "3": {"freq": [20.0, 68.00000004249999, 116.00000061625, 164.00000102500002, 212.0000017225, 260.00000121875, 308.00000413875006, 356.00000178, 404.00000404, 452.00000113000004, 500.0, 548.0000054800001, 596.0000018625001, 644.0000128800003, 692.0000309237514, 740.0000127187502, 788.0000398925021, 836.0000428450022, 884.0000005525001, 932.0000393187518, 980.0000367500014, 1028.000071638755], "ampl": [91.02576175952684, 480.17531874384923, 933.9119166736571, 1380.614888450432, 1809.1891111682394, 2216.7111080929376, 2595.0971482182717, 2947.927336071095, 3269.379133382315, 3562.538274221597, 3829.222623695524, 4071.9026687815704, 4288.187174914295, 4482.357738055335, 4656.9070938627065, 4811.736356978279, 4949.098218312707, 5070.311855190658, 5178.356966078339, 5275.533104783289, 5358.333141068412, 5432.743839404793]}, "4": {"freq": [20.0, 68.00000004249999, 116.00000061625, 164.00000102500002, 212.0000017225, 260.00000121875, 308.00000413875006, 356.00000178, 404.00000404, 452.00000113000004, 500.0, 548.0000054800001, 596.0000018625001, 644.0000128800003, 692.0000309237514, 740.0000127187502, 788.0000398925021, 836.0000428450022, 884.0000005525001, 932.0000393187518, 980.0000367500014, 1028.000071638755], "ampl": [81.66632103266282, 456.11603813734456, 879.3346307582101, 1298.8657067946813, 1700.151677332415, 2078.3118570363845, 2433.7246961069277, 2758.1263767138817, 3057.654025901712, 3329.6958527526417, 3576.8745431983057, 3798.8835330479774, 3999.124534340018, 4178.7812476695835, 4338.421039504435, 4481.8226173418625, 4608.342412322702, 4719.183421281374, 4816.207887594696, 4904.798937694087, 4978.989085869171, 5047.76420496252]}, "5": {"freq": [20.0, 68.00000004249999, 116.00000061625, 164.00000102500002, 212.0000017225, 260.00000121875, 308.00000413875006, 356.00000178, 404.00000404, 452.00000113000004, 500.0, 548.0000054800001, 596.0000018625001, 644.0000128800003, 692.0000309237514, 740.0000127187502, 788.0000398925021, 836.0000428450022, 884.0000005525001, 932.0000393187518, 980.0000367500014, 1028.000071638755], "ampl": [80.82745351239952, 431.33665814072157, 831.571042168163, 1228.2796722633393, 1611.7278111307219, 1976.203609931922, 2319.1713814460118, 2635.755201017523, 2928.1303375209873, 3198.5425941371122, 3444.425234655354, 3666.8773289896953, 3869.4709568371663, 4051.238434579346, 4224.112718743018, 4362.219895173561, 4494.217856005598, 4610.349700717206, 4713.431721797287, 4804.758959399424, 4883.554898074826, 4957.541808983315]}, "6": {"freq": [20.0, 68.00000004249999, 116.00000061625, 164.00000102500002, 212.0000017225, 260.00000121875, 308.00000413875006, 356.00000178, 404.00000404, 452.00000113000004, 500.0, 548.0000054800001, 596.0000018625001, 644.0000128800003, 692.0000309237514, 740.0000127187502, 788.0000398925021, 836.0000428450022, 884.0000005525001, 932.0000393187518, 980.0000367500014, 1028.000071638755], "ampl": [82.09005828857275, 449.0398397116674, 867.1844642694286, 1279.624480915506, 1673.8839181941792, 2046.2272718681036, 2393.130234768667, 2710.724933235508, 3001.7351438867036, 3265.124050553575, 3503.8972227978543, 3717.719336591677, 3909.0931574508095, 4079.0796075759895, 4232.706279283996, 4369.408690970609, 4487.737222236443, 4593.696954223804, 4686.253794320728, 4767.697564830671, 4836.760677300838, 4900.374570275668]}, "7": {"freq": [20.0, 68.00000004249999, 116.00000061625, 164.00000102500002, 212.0000017225, 260.00000121875, 308.00000413875006, 356.00000178, 404.00000404, 452.00000113000004, 500.0, 548.0000054800001, 596.0000018625001, 644.0000128800003, 692.0000309237514, 740.0000127187502, 788.0000398925021, 836.0000428450022, 884.0000005525001, 932.0000393187518, 980.0000367500014, 1028.000071638755], "ampl": [72.55513762932402, 393.56879621781644, 760.9384717985263, 1125.6386538321135, 1474.4101484031914, 1806.4674979179015, 2116.5492909544546, 2402.9568427369295, 2665.1350048273257, 2904.3387244394135, 3122.5424678382105, 3319.8710029227855, 3498.0215107919375, 3655.83575458661, 3798.2267229385648, 3924.7031183663416, 4038.065593904717, 4138.632084696931, 4227.084074443636, 4305.852232227358, 4373.839195700592, 4435.469334445787]}, "wireSegments": [50, 52, 54, 56, 58, 60, 62, 64], "apaChannels": [50, 52, 54, 56, 58, 60, 62, 64], "measuredBy": "Chris Stanford", "stage": "Installation (Top)", "apaUuid": "43cd3950-268d-11ec-b6f5-a70e70a44436", "layer": "X", "headboardNum": "2", "side": "B"}