{"scanEndMode": 0, "0": {"freq": [100.0, 150.0000005859375, 200.0, 250.0, 300.0000046875001, 350.0000054687501, 400.0, 450.0000070312501, 500.0, 550.0000064453126, 600.0000093750002, 650.0000228515634, 700.0000109375002, 750.0000292968762, 800.0, 850.0000298828136, 900.0000140625002, 950.0000148437501, 1000.0], "ampl": [2207.519600131972, 3305.2463671972787, 4335.534489721872, 5287.947106166441, 6155.481614302393, 6939.172647833771, 7640.673698832317, 8261.253152829155, 8808.916609645716, 9291.534787813336, 9713.726418823986, 10083.651432509758, 10403.769242674774, 10686.454344149453, 10923.70349286309, 11133.038761946444, 11310.259144722, 11467.800126587505, 11607.19290164648]}, "1": {"freq": [100.0, 150.0000005859375, 200.0, 250.0, 300.0000046875001, 350.0000054687501, 400.0, 450.0000070312501, 500.0, 550.0000064453126, 600.0000093750002, 650.0000228515634, 700.0000109375002, 750.0000292968762, 800.0, 850.0000298828136, 900.0000140625002, 950.0000148437501, 1000.0], "ampl": [1770.8603776474984, 2668.136882115876, 3522.5973699983033, 4328.088778658233, 5075.508049298605, 5767.539971625882, 6401.561712003857, 6977.802578580984, 7498.428518955784, 7967.245723704446, 8385.985091728007, 8760.70208716551, 9090.648084373202, 9386.976563511396, 9644.446320964797, 9873.620756812852, 10069.836210697371, 10249.166495726211, 10410.285891020098]}, "2": {"freq": [100.0, 150.0000005859375, 200.0, 250.0, 300.0000046875001, 350.0000054687501, 400.0, 450.0000070312501, 500.0, 550.0000064453126, 600.0000093750002, 650.0000228515634, 700.0000109375002, 750.0000292968762, 800.0, 850.0000298828136, 900.0000140625002, 950.0000148437501, 1000.0], "ampl": [2189.698354214493, 3279.742324658302, 4302.400195682121, 5251.284536387717, 6111.0351541375985, 6892.296198379446, 7589.338398597497, 8207.99225226919, 8753.841083912608, 9234.957865375081, 9656.276839438677, 10025.614297925224, 10343.773171261777, 10626.775017881733, 10863.960706949436, 11073.745115369786, 11249.354457126039, 11407.89109747916, 11548.71963101676]}, "3": {"freq": [100.0, 150.0000005859375, 200.0, 250.0, 300.0000046875001, 350.0000054687501, 400.0, 450.0000070312501, 500.0, 550.0000064453126, 600.0000093750002, 650.0000228515634, 700.0000109375002, 750.0000292968762, 800.0, 850.0000298828136, 900.0000140625002, 950.0000148437501, 1000.0], "ampl": [1731.7140492806939, 2610.866355616317, 3447.017204619743, 4238.781073268252, 4973.7976871485935, 5654.43806566087, 6277.201511838926, 6842.9093529289, 7354.198987140409, 7814.423172975675, 8224.647335433217, 8593.923078762684, 8921.5462418764, 9213.09527697661, 9466.275731464277, 9691.800902216111, 9884.55350794364, 10065.196573786669, 10222.897975182337]}, "4": {"freq": [100.0, 150.0000005859375, 200.0, 250.0, 300.0000046875001, 350.0000054687501, 400.0, 450.0000070312501, 500.0, 550.0000064453126, 600.0000093750002, 650.0000228515634, 700.0000109375002, 750.0000292968762, 800.0, 850.0000298828136, 900.0000140625002, 950.0000148437501, 1000.0], "ampl": [2134.1176590844193, 3200.1701607422324, 4200.270447890515, 5126.532207656788, 5970.983618562837, 6738.705209163065, 7425.884299159684, 8037.159812481964, 8578.014185567958, 9054.905826344198, 9472.538861052179, 9841.709026914205, 10161.071281412345, 10443.72345322873, 10682.591639196782, 10892.739451628346, 11068.64723998547, 11229.037437128476, 11371.353543441614]}, "5": {"freq": [100.0, 150.0000005859375, 200.0, 250.0, 300.0000046875001, 350.0000054687501, 400.0, 450.0000070312501, 500.0, 550.0000064453126, 600.0000093750002, 650.0000228515634, 700.0000109375002, 750.0000292968762, 800.0, 850.0000298828136, 900.0000140625002, 950.0000148437501, 1000.0], "ampl": [1703.8018763365837, 2570.688832454945, 3396.195921845442, 4178.792779252195, 4907.451031850129, 5584.9382263747875, 6208.3112616526, 6776.2114568026755, 7292.417791425799, 7757.704717046162, 8175.909442262268, 8552.341621030713, 8885.213354471718, 9185.658557002273, 9445.127134764592, 9680.322133399559, 9882.800369598674, 10068.17679673298, 10232.542505895495]}, "6": {"freq": [100.0, 150.0000005859375, 200.0, 250.0, 300.0000046875001, 350.0000054687501, 400.0, 450.0000070312501, 500.0, 550.0000064453126, 600.0000093750002, 650.0000228515634, 700.0000109375002, 750.0000292968762, 800.0, 850.0000298828136, 900.0000140625002, 950.0000148437501, 1000.0], "ampl": [2109.564137828167, 3161.2486416627885, 4147.588632160462, 5061.698998329482, 5892.737706676671, 6643.617389726249, 7316.133062936844, 7911.896383061503, 8438.413122458867, 8904.03954872703, 9307.52891471809, 9666.307739626338, 9975.820944010804, 10247.222014466648, 10476.219504575163, 10680.320192545963, 10850.025688968606, 11004.305640897459, 11139.16860954613]}, "7": {"freq": [100.0, 150.0000005859375, 200.0, 250.0, 300.0000046875001, 350.0000054687501, 400.0, 450.0000070312501, 500.0, 550.0000064453126, 600.0000093750002, 650.0000228515634, 700.0000109375002, 750.0000292968762, 800.0, 850.0000298828136, 900.0000140625002, 950.0000148437501, 1000.0], "ampl": [1646.367835993179, 2482.4555797765147, 3280.1300991426797, 4031.607888605931, 4732.655067153605, 5379.695377131648, 5972.865673155504, 6510.6075979799825, 6998.723243340635, 7437.444230043004, 7827.340262610356, 8180.2930348099135, 8490.730251158906, 8770.400612651649, 9010.219862430366, 9226.589283683137, 9410.804638318134, 9582.300958059663, 9734.058249654954]}, "wireSegments": [18, 20, 22, 24, 26, 28, 30, 32, 418, 420, 422, 424, 426, 428, 430, 432, 818, 820, 822, 824, 826, 828, 830, 832], "apaChannels": [18, 20, 22, 24, 26, 28, 30, 32], "measuredBy": "", "stage": "DWA Development", "apaUuid": "continuity47-12", "layer": "U", "headboardNum": "10", "side": "A"}