{"scanEndMode": 0, "0": {"freq": [20.0, 68.00000004249999, 116.00000061625, 164.00000102500002, 212.0000017225, 260.00000121875, 308.00000413875006, 356.00000178, 404.00000404, 452.00000113000004, 500.0, 548.0000054800001, 596.0000018625001, 644.0000128800003, 692.0000309237514, 740.0000127187502, 788.0000398925021, 836.0000428450022, 884.0000005525001, 932.0000393187518, 980.0000367500014, 1028.000071638755], "ampl": [108.64140157433509, 570.6226579574341, 1090.7932436865917, 1603.603612403437, 2087.88068924912, 2539.220350657436, 2952.469317982482, 3323.439038544244, 3658.7573647394092, 3954.7437906253363, 4220.232024536854, 4453.115880220638, 4652.708538413461, 4832.687817162896, 4991.985348448044, 5127.401142509196, 5246.961943307658, 5347.552107430681, 5437.819551428079, 5513.150318110233, 5583.785493801681, 5641.934304341968]}, "1": {"freq": [20.0, 68.00000004249999, 116.00000061625, 164.00000102500002, 212.0000017225, 260.00000121875, 308.00000413875006, 356.00000178, 404.00000404, 452.00000113000004, 500.0, 548.0000054800001, 596.0000018625001, 644.0000128800003, 692.0000309237514, 740.0000127187502, 788.0000398925021, 836.0000428450022, 884.0000005525001, 932.0000393187518, 980.0000367500014, 1028.000071638755], "ampl": [108.65355576361641, 583.7267801662705, 1118.0074193132639, 1642.1444555774929, 2138.2277270299546, 2598.9216753262017, 3020.932960593629, 3400.666168719385, 3744.3324270819744, 4045.965639290939, 4315.647379447703, 4553.603108244878, 4759.619062273431, 4943.445927974432, 5104.708668070466, 5242.645913855372, 5364.490140763512, 5468.974561836736, 5561.167931296673, 5639.036803577449, 5709.416701229498, 5766.9274065676045]}, "2": {"freq": [20.0, 68.00000004249999, 116.00000061625, 164.00000102500002, 212.0000017225, 260.00000121875, 308.00000413875006, 356.00000178, 404.00000404, 452.00000113000004, 500.0, 548.0000054800001, 596.0000018625001, 644.0000128800003, 692.0000309237514, 740.0000127187502, 788.0000398925021, 836.0000428450022, 884.0000005525001, 932.0000393187518, 980.0000367500014, 1028.000071638755], "ampl": [106.83125450938444, 567.9650288261497, 1091.0865512609716, 1604.3903266503871, 2093.3924207683062, 2547.910446319345, 2965.26776008597, 3339.4272185416917, 3682.293812155008, 3982.9352890535574, 4254.854100678579, 4493.757768516024, 4698.340782615834, 4884.434065604229, 5048.846553015196, 5188.18279248355, 5311.790354304756, 5417.084778205185, 5512.070956901749, 5591.611637276245, 5664.971121680934, 5723.697422779865]}, "3": {"freq": [20.0, 68.00000004249999, 116.00000061625, 164.00000102500002, 212.0000017225, 260.00000121875, 308.00000413875006, 356.00000178, 404.00000404, 452.00000113000004, 500.0, 548.0000054800001, 596.0000018625001, 644.0000128800003, 692.0000309237514, 740.0000127187502, 788.0000398925021, 836.0000428450022, 884.0000005525001, 932.0000393187518, 980.0000367500014, 1028.000071638755], "ampl": [114.44043815480134, 617.4809888063681, 1180.969337628276, 1735.6492388640809, 2257.5919352145893, 2744.592358684405, 3187.2216313884355, 3587.160144252277, 3948.5340616254966, 4264.234465787923, 4548.3515216959095, 4797.751503746378, 5009.703593334016, 5202.043099154042, 5371.828192478021, 5516.830275403717, 5644.881070736418, 5750.861279944918, 5846.517378126228, 5929.12920373423, 6002.868100199598, 6062.697621606095]}, "4": {"freq": [20.0, 68.00000004249999, 116.00000061625, 164.00000102500002, 212.0000017225, 260.00000121875, 308.00000413875006, 356.00000178, 404.00000404, 452.00000113000004, 500.0, 548.0000054800001, 596.0000018625001, 644.0000128800003, 692.0000309237514, 740.0000127187502, 788.0000398925021, 836.0000428450022, 884.0000005525001, 932.0000393187518, 980.0000367500014, 1028.000071638755], "ampl": [116.63816241790266, 600.9274026784055, 1165.9355786153785, 1711.328254914649, 2226.3607521669956, 2705.7485034386023, 3143.04613780803, 3532.849023609792, 3885.833463257983, 4195.291385570271, 4471.2308693593695, 4717.797974926575, 4924.3695350622465, 5113.967930865682, 5280.7228774810965, 5416.713677687602, 5542.547088390179, 5645.142754154313, 5738.453093302821, 5811.889386364571, 5888.823527846323, 5946.876344855003]}, "5": {"freq": [20.0, 68.00000004249999, 116.00000061625, 164.00000102500002, 212.0000017225, 260.00000121875, 308.00000413875006, 356.00000178, 404.00000404, 452.00000113000004, 500.0, 548.0000054800001, 596.0000018625001, 644.0000128800003, 692.0000309237514, 740.0000127187502, 788.0000398925021, 836.0000428450022, 884.0000005525001, 932.0000393187518, 980.0000367500014, 1028.000071638755], "ampl": [98.66058381594955, 514.5319060846506, 983.818734586207, 1444.9646694270916, 1879.9194843481612, 2282.9192871779924, 2652.262215177661, 2980.8460522891987, 3278.7097373133765, 3537.9251508997836, 3769.0187223237804, 3973.862947910302, 4150.087257573583, 4307.617049392126, 4446.459521277896, 4564.193855038653, 4667.564916919831, 4753.051583933351, 4829.567568850394, 4891.77042095361, 4954.363133206931, 5002.452948266938]}, "6": {"freq": [20.0, 68.00000004249999, 116.00000061625, 164.00000102500002, 212.0000017225, 260.00000121875, 308.00000413875006, 356.00000178, 404.00000404, 452.00000113000004, 500.0, 548.0000054800001, 596.0000018625001, 644.0000128800003, 692.0000309237514, 740.0000127187502, 788.0000398925021, 836.0000428450022, 884.0000005525001, 932.0000393187518, 980.0000367500014, 1028.000071638755], "ampl": [111.61388622437748, 576.0817177506688, 1109.7721972626823, 1629.9473693962454, 2122.834620256053, 2577.1287672505705, 2992.1111953402797, 3361.2583495944787, 3695.8617556805584, 3982.2337540327712, 4242.1236901531065, 4474.76620703642, 4668.731505317146, 4845.045913103765, 4999.937413269347, 5128.458321043496, 5243.196400295622, 5337.280375214457, 5423.743645148958, 5487.79453924885, 5560.404944390155, 5613.879161451804]}, "7": {"freq": [20.0, 68.00000004249999, 116.00000061625, 164.00000102500002, 212.0000017225, 260.00000121875, 308.00000413875006, 356.00000178, 404.00000404, 452.00000113000004, 500.0, 548.0000054800001, 596.0000018625001, 644.0000128800003, 692.0000309237514, 740.0000127187502, 788.0000398925021, 836.0000428450022, 884.0000005525001, 932.0000393187518, 980.0000367500014, 1028.000071638755], "ampl": [90.35699203650653, 475.9021801133287, 914.4583542440813, 1340.7353729284462, 1740.191778113249, 2107.409288918413, 2443.9417343967884, 2739.4463785619237, 3005.1910016000334, 3229.141275699043, 3432.5312477007387, 3616.397226925779, 3768.265109003461, 3905.4485109559973, 4026.238438341444, 4122.706508185149, 4211.300678212499, 4283.763026484151, 4348.766748848159, 4395.56815606398, 4453.625001187946, 4493.869775877936]}, "wireSegments": [138, 140, 142, 144, 146, 148, 150, 152, 538, 540, 542, 544, 546, 548, 550, 552, 938, 940, 942, 944, 946, 948, 950, 952], "apaChannels": [152, 150, 148, 146, 144, 142, 140, 138], "measuredBy": "Chris Stanford", "stage": "Installation (Top)", "apaUuid": "43cd3950-268d-11ec-b6f5-a70e70a44436", "layer": "U", "headboardNum": "7", "side": "A"}