{"scanEndMode": 0, "0": {"freq": [20.0, 68.00000004249999, 116.00000061625, 164.00000102500002, 212.0000017225, 260.00000121875, 308.00000413875006, 356.00000178, 404.00000404, 452.00000113000004, 500.0, 548.0000054800001, 596.0000018625001, 644.0000128800003, 692.0000309237514, 740.0000127187502, 788.0000398925021, 836.0000428450022, 884.0000005525001, 932.0000393187518, 980.0000367500014, 1028.000071638755], "ampl": [127.78915819803922, 679.1384328624671, 1299.7314636457681, 1905.23097303692, 2473.3675072376163, 2994.087562219147, 3466.0912032310443, 3884.6664672326997, 4258.348814371548, 4586.084092207577, 4872.947137256287, 5121.691948034636, 5338.628829202671, 5525.640716537812, 5688.806295044602, 5834.683244646826, 5948.600493483848, 6053.053258962583, 6141.151574475577, 6217.103237398564, 6282.175800567696, 6335.937527546878]}, "1": {"freq": [20.0, 68.00000004249999, 116.00000061625, 164.00000102500002, 212.0000017225, 260.00000121875, 308.00000413875006, 356.00000178, 404.00000404, 452.00000113000004, 500.0, 548.0000054800001, 596.0000018625001, 644.0000128800003, 692.0000309237514, 740.0000127187502, 788.0000398925021, 836.0000428450022, 884.0000005525001, 932.0000393187518, 980.0000367500014, 1028.000071638755], "ampl": [118.49199534553502, 618.2539175026101, 1186.9379227669012, 1744.8444354058552, 2272.3409774628512, 2761.173319878169, 3207.9863961749606, 3609.828399057774, 3969.3989754040444, 4290.996416907066, 4574.051204178426, 4822.266204485598, 5040.016674586157, 5231.375610125289, 5398.432815098724, 5547.030401846632, 5665.613001368148, 5774.461384738389, 5869.7353860723315, 5950.580059620056, 6019.327719378736, 6078.7334591167555]}, "2": {"freq": [20.0, 68.00000004249999, 116.00000061625, 164.00000102500002, 212.0000017225, 260.00000121875, 308.00000413875006, 356.00000178, 404.00000404, 452.00000113000004, 500.0, 548.0000054800001, 596.0000018625001, 644.0000128800003, 692.0000309237514, 740.0000127187502, 788.0000398925021, 836.0000428450022, 884.0000005525001, 932.0000393187518, 980.0000367500014, 1028.000071638755], "ampl": [114.38342294246185, 608.8880754609879, 1171.0593153241518, 1718.2964568518448, 2234.946763168238, 2711.8956134450536, 3147.7271656113826, 3537.4252848536735, 3886.4779878413633, 4195.665346483497, 4467.1356051043795, 4705.1037263253675, 4913.280607582342, 5094.883292675169, 5254.229867130943, 5395.27540094953, 5508.643807422251, 5611.9961406131215, 5701.33358721162, 5778.260161034899, 5841.519634247595, 5897.577043019332]}, "3": {"freq": [20.0, 68.00000004249999, 116.00000061625, 164.00000102500002, 212.0000017225, 260.00000121875, 308.00000413875006, 356.00000178, 404.00000404, 452.00000113000004, 500.0, 548.0000054800001, 596.0000018625001, 644.0000128800003, 692.0000309237514, 740.0000127187502, 788.0000398925021, 836.0000428450022, 884.0000005525001, 932.0000393187518, 980.0000367500014, 1028.000071638755], "ampl": [111.94081755965313, 593.4342309330841, 1141.532461653391, 1678.8643422577456, 2188.4411905277493, 2663.465107115503, 3096.6376507077634, 3489.30427604783, 3840.1968721743233, 4155.678367216389, 4433.152590110025, 4677.429531723351, 4893.825582762675, 5081.589220477626, 5248.7367995145605, 5398.138948430343, 5515.570513692118, 5626.276130519311, 5719.45295733625, 5802.10322393818, 5871.9017920430215, 5930.964318727171]}, "4": {"freq": [20.0, 68.00000004249999, 116.00000061625, 164.00000102500002, 212.0000017225, 260.00000121875, 308.00000413875006, 356.00000178, 404.00000404, 452.00000113000004, 500.0, 548.0000054800001, 596.0000018625001, 644.0000128800003, 692.0000309237514, 740.0000127187502, 788.0000398925021, 836.0000428450022, 884.0000005525001, 932.0000393187518, 980.0000367500014, 1028.000071638755], "ampl": [112.33779573152671, 600.9747948265059, 1152.267350668304, 1689.0380648210294, 2193.4494293600706, 2658.9052488404377, 3082.803529624675, 3463.5485241800648, 3802.0239296391464, 4102.377992752772, 4365.629748801974, 4597.965606378598, 4798.20246970717, 4971.8799311574, 5124.317784138209, 5259.106464031168, 5369.268531187908, 5472.30178781202, 5556.944464662688, 5630.612295147732, 5692.328968413717, 5746.16634927332]}, "5": {"freq": [20.0, 68.00000004249999, 116.00000061625, 164.00000102500002, 212.0000017225, 260.00000121875, 308.00000413875006, 356.00000178, 404.00000404, 452.00000113000004, 500.0, 548.0000054800001, 596.0000018625001, 644.0000128800003, 692.0000309237514, 740.0000127187502, 788.0000398925021, 836.0000428450022, 884.0000005525001, 932.0000393187518, 980.0000367500014, 1028.000071638755], "ampl": [117.68835195898818, 602.5289943277049, 1155.188720633291, 1697.5951568495036, 2209.302512392451, 2682.262871607648, 3117.392711704294, 3507.5024927681825, 3856.4805178833826, 4167.731641025165, 4444.257365687441, 4686.098726339452, 4897.09126388792, 5080.526951314502, 5240.7298430541705, 5382.4921397427, 5500.781228939208, 5611.272807708057, 5702.065631108321, 5781.756046305563, 5848.193393002579, 5907.699365579348]}, "6": {"freq": [20.0, 68.00000004249999, 116.00000061625, 164.00000102500002, 212.0000017225, 260.00000121875, 308.00000413875006, 356.00000178, 404.00000404, 452.00000113000004, 500.0, 548.0000054800001, 596.0000018625001, 644.0000128800003, 692.0000309237514, 740.0000127187502, 788.0000398925021, 836.0000428450022, 884.0000005525001, 932.0000393187518, 980.0000367500014, 1028.000071638755], "ampl": [108.67949743079963, 577.084236690908, 1105.8851762998472, 1620.976276650665, 2103.3123476596375, 2549.8090731464913, 2952.5580030712413, 3310.4608457179024, 3630.3371972329746, 3912.171008733796, 4157.456953655551, 4373.517909460509, 4559.811200733609, 4722.1296656678805, 4859.886311788255, 4985.372212879117, 5087.143536184502, 5180.224126278322, 5258.221204274847, 5322.994729927052, 5378.917553702636, 5428.8661588708765]}, "7": {"freq": [20.0, 68.00000004249999, 116.00000061625, 164.00000102500002, 212.0000017225, 260.00000121875, 308.00000413875006, 356.00000178, 404.00000404, 452.00000113000004, 500.0, 548.0000054800001, 596.0000018625001, 644.0000128800003, 692.0000309237514, 740.0000127187502, 788.0000398925021, 836.0000428450022, 884.0000005525001, 932.0000393187518, 980.0000367500014, 1028.000071638755], "ampl": [98.90905502394898, 527.0323471134744, 1015.1786613428949, 1491.081822079703, 1938.7944245275476, 2352.4430943967823, 2727.746703005001, 3061.8835940974413, 3360.7814038347124, 3623.176260935415, 3854.0998969565194, 4056.068003928644, 4233.428357144104, 4384.896263268382, 4518.605748164369, 4637.634592913769, 4732.345761236895, 4820.780310772247, 4893.436353899343, 4957.072080128271, 5010.538001717508, 5056.18273966471]}, "wireSegments": [242, 244, 246, 248, 250, 252, 254, 256, 642, 644, 646, 648, 650, 652, 654, 656, 1042, 1044, 1046, 1048, 1050, 1052, 1054, 1056], "apaChannels": [242, 244, 246, 248, 250, 252, 254, 256], "measuredBy": "Chris Stanford", "stage": "Installation (Top)", "apaUuid": "43cd3950-268d-11ec-b6f5-a70e70a44436", "layer": "V", "headboardNum": "7", "side": "A"}