{"scanEndMode": 0, "0": {"freq": [100.0, 150.0000005859375, 200.0, 250.0, 300.0000046875001, 350.0000054687501, 400.0, 450.0000070312501, 500.0, 550.0000064453126, 600.0000093750002, 650.0000228515634, 700.0000109375002, 750.0000292968762, 800.0, 850.0000298828136, 900.0000140625002, 950.0000148437501, 1000.0], "ampl": [3036.795556400331, 4538.260382851759, 5925.113210751717, 7176.5365508306895, 8293.591833789662, 9261.349397351049, 10099.344900927565, 10819.741799537509, 11430.145156002158, 11950.248092843089, 12384.199489913632, 12755.835484206915, 13070.809590525552, 13331.311250468689, 13561.81002113046, 13735.329303605096, 13894.88830624933, 14021.340376183416, 14127.699979398922]}, "1": {"freq": [100.0, 150.0000005859375, 200.0, 250.0, 300.0000046875001, 350.0000054687501, 400.0, 450.0000070312501, 500.0, 550.0000064453126, 600.0000093750002, 650.0000228515634, 700.0000109375002, 750.0000292968762, 800.0, 850.0000298828136, 900.0000140625002, 950.0000148437501, 1000.0], "ampl": [5065.3495559176, 7328.123572310602, 9221.595918275574, 10763.880977790737, 12008.685955006022, 12995.161108844131, 13784.584067637852, 14416.77622655041, 14918.65968138755, 15325.823018481768, 15648.049691007147, 15909.310100337903, 16123.640362756872, 16286.810552007231, 16432.017684137376, 16526.690822846496, 16614.067592415777, 16673.419147151497, 16721.863764237267]}, "2": {"freq": [100.0, 150.0000005859375, 200.0, 250.0, 300.0000046875001, 350.0000054687501, 400.0, 450.0000070312501, 500.0, 550.0000064453126, 600.0000093750002, 650.0000228515634, 700.0000109375002, 750.0000292968762, 800.0, 850.0000298828136, 900.0000140625002, 950.0000148437501, 1000.0], "ampl": [5242.4512597259945, 7591.518773358361, 9560.784235964025, 11164.146148723094, 12456.842580107632, 13474.927136494638, 14281.587782922279, 14925.130732819678, 15430.011244990283, 15836.816825689111, 16152.916531435609, 16408.6780935476, 16620.042454949693, 16774.060070897038, 16913.4234232649, 16999.468927547303, 17077.744344490264, 17131.220966453133, 17171.620350102472]}, "3": {"freq": [100.0, 150.0000005859375, 200.0, 250.0, 300.0000046875001, 350.0000054687501, 400.0, 450.0000070312501, 500.0, 550.0000064453126, 600.0000093750002, 650.0000228515634, 700.0000109375002, 750.0000292968762, 800.0, 850.0000298828136, 900.0000140625002, 950.0000148437501, 1000.0], "ampl": [5031.927832072138, 7310.0201483340325, 9232.872775890002, 10808.538468990522, 12084.516856298042, 13094.313855513385, 13899.740119797294, 14542.693743339565, 15049.013225696857, 15457.908352909684, 15776.998497408478, 16034.287201981537, 16246.346307947138, 16403.36748339005, 16540.949244993528, 16633.407093030783, 16713.7876997494, 16766.825334354806, 16814.253454147718]}, "4": {"freq": [100.0, 150.0000005859375, 200.0, 250.0, 300.0000046875001, 350.0000054687501, 400.0, 450.0000070312501, 500.0, 550.0000064453126, 600.0000093750002, 650.0000228515634, 700.0000109375002, 750.0000292968762, 800.0, 850.0000298828136, 900.0000140625002, 950.0000148437501, 1000.0], "ampl": [5202.092356809309, 7534.812558582977, 9490.483079095933, 11086.96242244614, 12372.702917165409, 13387.4845355441, 14190.912682407516, 14833.592529823269, 15336.63749820629, 15745.353525132332, 16061.32893489652, 16316.612945639923, 16525.151015805593, 16681.023510902585, 16820.52201033729, 16907.11295873902, 16986.060133599072, 17038.28275263308, 17078.861165585415]}, "5": {"freq": [100.0, 150.0000005859375, 200.0, 250.0, 300.0000046875001, 350.0000054687501, 400.0, 450.0000070312501, 500.0, 550.0000064453126, 600.0000093750002, 650.0000228515634, 700.0000109375002, 750.0000292968762, 800.0, 850.0000298828136, 900.0000140625002, 950.0000148437501, 1000.0], "ampl": [4975.405302730421, 7235.413583707326, 9150.117567719992, 10728.048054544062, 12012.670815554386, 13031.201935291254, 13846.66316957219, 14500.112752068382, 15018.82354997444, 15437.583170567987, 15764.591672177536, 16028.073456474183, 16246.834700476096, 16412.138364293944, 16557.443499157733, 16650.17302206473, 16734.468779138944, 16794.83602928044, 16840.12390492776]}, "6": {"freq": [100.0, 150.0000005859375, 200.0, 250.0, 300.0000046875001, 350.0000054687501, 400.0, 450.0000070312501, 500.0, 550.0000064453126, 600.0000093750002, 650.0000228515634, 700.0000109375002, 750.0000292968762, 800.0, 850.0000298828136, 900.0000140625002, 950.0000148437501, 1000.0], "ampl": [5134.148377450108, 7436.7918841870915, 9366.91760147982, 10941.84527561802, 12211.013769084666, 13212.308111626016, 14006.58808478927, 14637.602844707977, 15135.544832619917, 15536.550260016573, 15847.54685449816, 16099.105029102626, 16303.713434693667, 16457.57951231923, 16594.277060879467, 16680.367794947615, 16757.968368093534, 16810.59456604348, 16852.064052463153]}, "7": {"freq": [100.0, 150.0000005859375, 200.0, 250.0, 300.0000046875001, 350.0000054687501, 400.0, 450.0000070312501, 500.0, 550.0000064453126, 600.0000093750002, 650.0000228515634, 700.0000109375002, 750.0000292968762, 800.0, 850.0000298828136, 900.0000140625002, 950.0000148437501, 1000.0], "ampl": [4919.814699485336, 7152.162452245237, 9041.127317651379, 10594.616510379883, 11856.21276709145, 12858.679288190971, 13659.062739011846, 14298.9033811614, 14803.569832711653, 15212.140323121528, 15532.29945706215, 15790.094939521272, 16000.474063491685, 16161.24337593381, 16299.281623590428, 16392.774736563588, 16473.396444105267, 16529.35992811161, 16573.600917467895]}, "wireSegments": [34, 36, 38, 40, 42, 44, 46, 48], "apaChannels": [48, 46, 44, 42, 40, 38, 36, 34], "measuredBy": "", "stage": "DWA Development", "apaUuid": "continuity150-12", "layer": "X", "headboardNum": "1", "side": "A"}