{"scanEndMode": 0, "0": {"freq": [100.0, 150.0000005859375, 200.0, 250.0, 300.0000046875001, 350.0000054687501, 400.0, 450.0000070312501, 500.0, 550.0000064453126, 600.0000093750002, 650.0000228515634, 700.0000109375002, 750.0000292968762, 800.0, 850.0000298828136, 900.0000140625002, 950.0000148437501, 1000.0], "ampl": [2968.22742287643, 4439.745411333429, 5799.618884207919, 7025.717034875082, 8114.147983711784, 9064.790533065676, 9883.970870651903, 10588.670623685655, 11180.394221319808, 11687.460071211752, 12111.776313337852, 12475.52893816071, 12774.170204163882, 13029.64131316478, 13243.183224921951, 13418.978138778082, 13573.107283031542, 13693.306216916792, 13800.269469488765]}, "1": {"freq": [100.0, 150.0000005859375, 200.0, 250.0, 300.0000046875001, 350.0000054687501, 400.0, 450.0000070312501, 500.0, 550.0000064453126, 600.0000093750002, 650.0000228515634, 700.0000109375002, 750.0000292968762, 800.0, 850.0000298828136, 900.0000140625002, 950.0000148437501, 1000.0], "ampl": [5004.052532143299, 7248.567642424898, 9134.922347868192, 10672.516820729696, 11914.673676341077, 12910.884633745683, 13702.288130292052, 14339.86624347671, 14844.950158883072, 15253.328015348252, 15577.427694826942, 15847.0368173669, 16053.749897387319, 16224.169653692761, 16360.976077999985, 16462.573741085595, 16550.9426857547, 16611.313961626605, 16662.26628882778]}, "2": {"freq": [100.0, 150.0000005859375, 200.0, 250.0, 300.0000046875001, 350.0000054687501, 400.0, 450.0000070312501, 500.0, 550.0000064453126, 600.0000093750002, 650.0000228515634, 700.0000109375002, 750.0000292968762, 800.0, 850.0000298828136, 900.0000140625002, 950.0000148437501, 1000.0], "ampl": [5218.7939573597605, 7561.029406632172, 9531.835340473184, 11135.285155456108, 12424.46729586128, 13451.393102625952, 14262.935745185716, 14908.98783162033, 15416.199167621364, 15825.138850329438, 16144.488717603117, 16408.081251483145, 16606.639695761416, 16771.044309686302, 16898.75960130964, 16992.87470663721, 17073.281135607373, 17126.784444583915, 17171.367085007718]}, "3": {"freq": [100.0, 150.0000005859375, 200.0, 250.0, 300.0000046875001, 350.0000054687501, 400.0, 450.0000070312501, 500.0, 550.0000064453126, 600.0000093750002, 650.0000228515634, 700.0000109375002, 750.0000292968762, 800.0, 850.0000298828136, 900.0000140625002, 950.0000148437501, 1000.0], "ampl": [4969.305350365181, 7228.6720465425105, 9147.05557742607, 10725.766524303603, 12005.780817524295, 13033.377632238484, 13850.252961680697, 14505.438427302777, 15022.544724255406, 15438.324087231518, 15765.933894446454, 16037.253933318761, 16243.7526557452, 16414.346503455978, 16546.826379791055, 16646.7785713116, 16732.15522378509, 16790.13963908784, 16838.908304482287]}, "4": {"freq": [100.0, 150.0000005859375, 200.0, 250.0, 300.0000046875001, 350.0000054687501, 400.0, 450.0000070312501, 500.0, 550.0000064453126, 600.0000093750002, 650.0000228515634, 700.0000109375002, 750.0000292968762, 800.0, 850.0000298828136, 900.0000140625002, 950.0000148437501, 1000.0], "ampl": [5191.195429136433, 7519.080705425386, 9475.890095066205, 11067.448011928669, 12347.050207156537, 13363.51798931762, 14168.493029568237, 14808.168479120382, 15309.5089757504, 15712.484498307444, 16028.37045867068, 16286.050327217483, 16484.265968852058, 16645.472757975964, 16770.2578172759, 16862.921744936495, 16943.190471135185, 16994.765135410544, 17037.981703838163]}, "5": {"freq": [100.0, 150.0000005859375, 200.0, 250.0, 300.0000046875001, 350.0000054687501, 400.0, 450.0000070312501, 500.0, 550.0000064453126, 600.0000093750002, 650.0000228515634, 700.0000109375002, 750.0000292968762, 800.0, 850.0000298828136, 900.0000140625002, 950.0000148437501, 1000.0], "ampl": [4969.694351947557, 7220.180228079532, 9128.176676465695, 10690.750919741156, 11955.539461038912, 12968.013044817391, 13771.307156331333, 14414.277319620764, 14920.820946224652, 15325.745518718082, 15645.86251830202, 15911.239346405035, 16111.270658156634, 16276.342423019778, 16406.951221674826, 16502.028205159102, 16586.205003817096, 16638.442012815183, 16687.37582147122]}, "6": {"freq": [100.0, 150.0000005859375, 200.0, 250.0, 300.0000046875001, 350.0000054687501, 400.0, 450.0000070312501, 500.0, 550.0000064453126, 600.0000093750002, 650.0000228515634, 700.0000109375002, 750.0000292968762, 800.0, 850.0000298828136, 900.0000140625002, 950.0000148437501, 1000.0], "ampl": [5186.044176765056, 7502.853152703507, 9445.475868931533, 11022.228046078299, 12284.559480625852, 13286.412115108113, 14074.766805847657, 14700.627671318449, 15191.164752613111, 15583.456578640782, 15890.296262086535, 16141.0789289783, 16332.873669923341, 16487.23297306721, 16608.562180281748, 16697.772006818795, 16774.93553389899, 16821.57012886389, 16863.781831713815]}, "7": {"freq": [100.0, 150.0000005859375, 200.0, 250.0, 300.0000046875001, 350.0000054687501, 400.0, 450.0000070312501, 500.0, 550.0000064453126, 600.0000093750002, 650.0000228515634, 700.0000109375002, 750.0000292968762, 800.0, 850.0000298828136, 900.0000140625002, 950.0000148437501, 1000.0], "ampl": [4964.412270526894, 7203.075087104192, 9091.02751281429, 10633.570142125107, 11875.640072188076, 12865.7259138566, 13649.85370898454, 14271.924935057003, 14763.812290673552, 15156.863663478993, 15463.979688110681, 15718.953134551382, 15911.932439152983, 16069.700756099039, 16191.837170962242, 16283.678298139792, 16363.01819033405, 16412.8865066396, 16456.514737070902]}, "wireSegments": [1, 3, 5, 7, 9, 11, 13, 15, 401, 403, 405, 407, 409, 411, 413, 415, 801, 803, 805, 807, 809, 811, 813, 815], "apaChannels": [1, 3, 5, 7, 9, 11, 13, 15], "measuredBy": "", "stage": "DWA Development", "apaUuid": "continuity150-12", "layer": "U", "headboardNum": "10", "side": "A"}