{"scanEndMode": 0, "0": {"freq": [20.0, 68.00000004249999, 116.00000061625, 164.00000102500002, 212.0000017225, 260.00000121875, 308.00000413875006, 356.00000178, 404.00000404, 452.00000113000004, 500.0, 548.0000054800001, 596.0000018625001, 644.0000128800003, 692.0000309237514, 740.0000127187502, 788.0000398925021, 836.0000428450022, 884.0000005525001, 932.0000393187518, 980.0000367500014, 1028.000071638755], "ampl": [80.429995101935, 388.5755653551463, 746.9023267853242, 1098.9148513386629, 1431.0780595216663, 1738.8827101837142, 2018.928976786757, 2273.2262562539845, 2497.981232474003, 2700.7057742913644, 2878.3285242636794, 3036.4205069854606, 3171.5160047872046, 3290.95243039889, 3395.4805878192033, 3485.4684312813556, 3565.146227883522, 3630.8555635476214, 3689.9504488074244, 3737.7977379992867, 3779.000118676241, 3819.9794923469944]}, "1": {"freq": [20.0, 68.00000004249999, 116.00000061625, 164.00000102500002, 212.0000017225, 260.00000121875, 308.00000413875006, 356.00000178, 404.00000404, 452.00000113000004, 500.0, 548.0000054800001, 596.0000018625001, 644.0000128800003, 692.0000309237514, 740.0000127187502, 788.0000398925021, 836.0000428450022, 884.0000005525001, 932.0000393187518, 980.0000367500014, 1028.000071638755], "ampl": [117.33233510577905, 624.4085370213545, 1200.359422981665, 1759.3072785239258, 2284.339914251451, 2767.445755906654, 3204.062798336439, 3593.6408258566894, 3938.279785052811, 4246.323587976943, 4513.140385869205, 4748.258705854718, 4950.332387143295, 5123.781337539844, 5278.614448272174, 5410.625420424078, 5523.95094350101, 5622.45916129055, 5705.906479413163, 5774.148431728298, 5834.915731677168, 5893.088229834489]}, "2": {"freq": [20.0, 68.00000004249999, 116.00000061625, 164.00000102500002, 212.0000017225, 260.00000121875, 308.00000413875006, 356.00000178, 404.00000404, 452.00000113000004, 500.0, 548.0000054800001, 596.0000018625001, 644.0000128800003, 692.0000309237514, 740.0000127187502, 788.0000398925021, 836.0000428450022, 884.0000005525001, 932.0000393187518, 980.0000367500014, 1028.000071638755], "ampl": [111.85095230826768, 586.7864482381866, 1128.5175224203783, 1659.6757573505427, 2162.3724026768914, 2627.3748349386933, 3052.1693049486234, 3437.114783229263, 3777.6592970618417, 4085.0206025282077, 4354.546664534981, 4594.230144485995, 4799.780506593091, 4979.80183908917, 5139.018705074047, 5277.604410937236, 5396.492092766826, 5500.848596462636, 5589.477027320396, 5665.537776683862, 5730.740158051016, 5791.783417107114]}, "3": {"freq": [20.0, 68.00000004249999, 116.00000061625, 164.00000102500002, 212.0000017225, 260.00000121875, 308.00000413875006, 356.00000178, 404.00000404, 452.00000113000004, 500.0, 548.0000054800001, 596.0000018625001, 644.0000128800003, 692.0000309237514, 740.0000127187502, 788.0000398925021, 836.0000428450022, 884.0000005525001, 932.0000393187518, 980.0000367500014, 1028.000071638755], "ampl": [118.79021682246601, 638.7782673612819, 1228.0718400251897, 1800.9372201813724, 2341.592236928787, 2840.3170549710485, 3294.708505241239, 3700.284607547999, 4057.3204201360413, 4381.658407557198, 4662.503447765302, 4909.5877489788045, 5122.5228776386675, 5309.659864458794, 5473.151964741031, 5614.031610321856, 5734.634834916759, 5840.829133443675, 5930.923840792807, 6005.174532761847, 6071.407746997342, 6133.090678702921]}, "4": {"freq": [20.0, 68.00000004249999, 116.00000061625, 164.00000102500002, 212.0000017225, 260.00000121875, 308.00000413875006, 356.00000178, 404.00000404, 452.00000113000004, 500.0, 548.0000054800001, 596.0000018625001, 644.0000128800003, 692.0000309237514, 740.0000127187502, 788.0000398925021, 836.0000428450022, 884.0000005525001, 932.0000393187518, 980.0000367500014, 1028.000071638755], "ampl": [110.24727065893961, 584.4092064698377, 1120.6580290910729, 1644.5036257972117, 2139.0862638576646, 2594.6720947005115, 3010.5515382781136, 3385.051919446587, 3716.1640003315083, 4014.751766898578, 4276.289418843389, 4505.4582455139935, 4703.6477390536875, 4876.686372503542, 5027.107371920055, 5161.112604049203, 5273.558678961509, 5372.144247170226, 5456.417002547676, 5551.981864888882, 5614.462192804804, 5677.822262719867]}, "5": {"freq": [20.0, 68.00000004249999, 116.00000061625, 164.00000102500002, 212.0000017225, 260.00000121875, 308.00000413875006, 356.00000178, 404.00000404, 452.00000113000004, 500.0, 548.0000054800001, 596.0000018625001, 644.0000128800003, 692.0000309237514, 740.0000127187502, 788.0000398925021, 836.0000428450022, 884.0000005525001, 932.0000393187518, 980.0000367500014, 1028.000071638755], "ampl": [108.8766566404847, 567.931731340451, 1085.487137122791, 1593.8333741170304, 2071.084967433892, 2513.111540382406, 2913.1793268982074, 3274.2812837466995, 3594.4537961819733, 3880.422712223122, 4130.5675346914395, 4351.576665968895, 4543.154235574745, 4709.749903494756, 4853.953989701985, 4979.851118847194, 5092.21642878145, 5184.51429930221, 5265.943387062272, 5346.859569049848, 5408.203006034998, 5466.065673521585]}, "6": {"freq": [20.0, 68.00000004249999, 116.00000061625, 164.00000102500002, 212.0000017225, 260.00000121875, 308.00000413875006, 356.00000178, 404.00000404, 452.00000113000004, 500.0, 548.0000054800001, 596.0000018625001, 644.0000128800003, 692.0000309237514, 740.0000127187502, 788.0000398925021, 836.0000428450022, 884.0000005525001, 932.0000393187518, 980.0000367500014, 1028.000071638755], "ampl": [110.83219912377903, 576.3762250091397, 1105.3331429344883, 1623.2367809228424, 2111.2358319206605, 2560.66072101603, 2969.9477858432056, 3337.4977445598897, 3662.176322448496, 3955.6930920652094, 4210.424785419785, 4434.76566272464, 4628.45164870809, 4796.912496975002, 4944.508738990979, 5073.29176546347, 5185.24234144038, 5280.165535874447, 5360.469117813334, 5457.685574415339, 5518.665795856866, 5579.981522214671]}, "7": {"freq": [20.0, 68.00000004249999, 116.00000061625, 164.00000102500002, 212.0000017225, 260.00000121875, 308.00000413875006, 356.00000178, 404.00000404, 452.00000113000004, 500.0, 548.0000054800001, 596.0000018625001, 644.0000128800003, 692.0000309237514, 740.0000127187502, 788.0000398925021, 836.0000428450022, 884.0000005525001, 932.0000393187518, 980.0000367500014, 1028.000071638755], "ampl": [115.21362408385421, 611.7760912282957, 1172.8898511982331, 1717.2499496810665, 2227.693915632344, 2693.305608009535, 3115.247196635306, 3491.7330055019575, 3821.661416526328, 4115.744112227451, 4370.092083903007, 4592.362875393996, 4783.5842875566195, 4948.840156942117, 5091.896788381493, 5218.378634932153, 5325.929123644609, 5416.781034836122, 5492.901662422741, 5588.472572851357, 5644.341121406518, 5703.811261053455]}, "wireSegments": [241, 243, 245, 247, 249, 251, 253, 255, 641, 643, 645, 647, 649, 651, 653, 655, 1041, 1043, 1045, 1047, 1049, 1051, 1053, 1055], "apaChannels": [241, 243, 245, 247, 249, 251, 253, 255], "measuredBy": "Chris Stanford", "stage": "Installation (Top)", "apaUuid": "43cd3950-268d-11ec-b6f5-a70e70a44436", "layer": "V", "headboardNum": "7", "side": "A"}