{"scanEndMode": 0, "0": {"freq": [100.0, 150.0000005859375, 200.0, 250.0, 300.0000046875001, 350.0000054687501, 400.0, 450.0000070312501, 500.0, 550.0000064453126, 600.0000093750002, 650.0000228515634, 700.0000109375002, 750.0000292968762, 800.0, 850.0000298828136, 900.0000140625002, 950.0000148437501, 1000.0], "ampl": [3743.1932288776525, 5536.306620566757, 7130.003326724476, 8523.086902692561, 9714.732503670151, 10724.593483636289, 11574.8032085706, 12286.414767682101, 12872.284143914896, 13372.426409440079, 13790.840946599534, 14125.226837763703, 14412.673968778934, 14645.120116186605, 14844.767395805742, 15000.18008165564, 15132.688524000801, 15243.068913619893, 15326.743257748409]}, "1": {"freq": [100.0, 150.0000005859375, 200.0, 250.0, 300.0000046875001, 350.0000054687501, 400.0, 450.0000070312501, 500.0, 550.0000064453126, 600.0000093750002, 650.0000228515634, 700.0000109375002, 750.0000292968762, 800.0, 850.0000298828136, 900.0000140625002, 950.0000148437501, 1000.0], "ampl": [3399.9277420343374, 5047.859835159185, 6528.60511359414, 7839.917990686157, 8975.593582582804, 9944.95133441913, 10770.847519012916, 11466.01391662487, 12043.193830290436, 12539.861159757822, 12955.244152320114, 13292.638638523864, 13580.398680930617, 13817.056845098637, 14018.656010016146, 14179.972482473308, 14315.535059300018, 14430.308422584932, 14519.186018395863]}, "2": {"freq": [100.0, 150.0000005859375, 200.0, 250.0, 300.0000046875001, 350.0000054687501, 400.0, 450.0000070312501, 500.0, 550.0000064453126, 600.0000093750002, 650.0000228515634, 700.0000109375002, 750.0000292968762, 800.0, 850.0000298828136, 900.0000140625002, 950.0000148437501, 1000.0], "ampl": [3674.4591919259124, 5442.721543455826, 7018.460152619476, 8402.030802967241, 9592.66356597422, 10601.461095108689, 11455.878715892852, 12171.72128605109, 12764.036267250007, 13269.506226230647, 13691.946756534715, 14034.281820914872, 14325.75080111245, 14562.053120195114, 14765.447312750308, 14926.589498557178, 15062.020285310336, 15174.197657779623, 15260.506160499472]}, "3": {"freq": [100.0, 150.0000005859375, 200.0, 250.0, 300.0000046875001, 350.0000054687501, 400.0, 450.0000070312501, 500.0, 550.0000064453126, 600.0000093750002, 650.0000228515634, 700.0000109375002, 750.0000292968762, 800.0, 850.0000298828136, 900.0000140625002, 950.0000148437501, 1000.0], "ampl": [3536.036334529857, 5243.29256600704, 6770.583627641198, 8112.96669177102, 9267.86403528658, 10253.656699052342, 11086.74344065766, 11787.757413604886, 12365.054346735114, 12860.590075087943, 13274.850721482593, 13608.38938320926, 13894.54276948966, 14127.457656348788, 14327.7636002424, 14483.325778673447, 14616.411574314561, 14728.32015985935, 14813.784753677306]}, "4": {"freq": [], "ampl": []}, "5": {"freq": [], "ampl": []}, "6": {"freq": [], "ampl": []}, "7": {"freq": [], "ampl": []}, "wireSegments": [33, 35, 37, 39, 433, 435, 437, 439, 833, 835, 837, 839], "apaChannels": [33, 35, 37, 39, null, null, null, null], "measuredBy": "", "stage": "DWA Development", "apaUuid": "continuity100-12", "layer": "U", "headboardNum": "10", "side": "A"}