{"0": {"freq": [20.0, 68.00000004249999, 116.00000061625, 164.00000102500002, 212.0000017225, 260.00000121875, 308.00000413875006, 356.00000178, 404.00000404, 452.00000113000004, 500.0, 548.0000054800001, 596.0000018625001, 644.0000128800003, 692.0000309237514, 740.0000127187502, 788.0000398925021, 836.0000428450022, 884.0000005525001, 932.0000393187518, 980.0000367500014, 1028.000071638755], "ampl": [552.9642794891066, 2550.5391587883983, 4888.621437044877, 7096.916043418937, 9058.494627218268, 10739.439862522036, 12151.455688292674, 13320.586585738012, 14280.165912208819, 15065.102203787506, 15708.354143329341, 16231.323001087632, 16659.15517630629, 17016.749632483203, 17301.514719433748, 17538.133468157772, 17731.508356596736, 17890.155081682413, 18023.161031423202, 18117.284184581305, 18202.345786818085, 18257.30756149979]}, "1": {"freq": [20.0, 68.00000004249999, 116.00000061625, 164.00000102500002, 212.0000017225, 260.00000121875, 308.00000413875006, 356.00000178, 404.00000404, 452.00000113000004, 500.0, 548.0000054800001, 596.0000018625001, 644.0000128800003, 692.0000309237514, 740.0000127187502, 788.0000398925021, 836.0000428450022, 884.0000005525001, 932.0000393187518, 980.0000367500014, 1028.000071638755], "ampl": [975.9078703048318, 4633.115902851974, 8588.68301960264, 11974.055903275013, 14706.420937885103, 16828.684268949753, 18466.044112610052, 19720.19337146083, 20685.32523684422, 21434.985997458432, 22020.948625705558, 22472.403650847973, 22827.26284305591, 23110.751062891053, 23323.804673585335, 23494.941177547964, 23625.941793428203, 23727.541506176865, 23810.729725457848, 23847.941648546897, 23886.438594469273, 23894.84854228196]}, "2": {"freq": [20.0, 68.00000004249999, 116.00000061625, 164.00000102500002, 212.0000017225, 260.00000121875, 308.00000413875006, 356.00000178, 404.00000404, 452.00000113000004, 500.0, 548.0000054800001, 596.0000018625001, 644.0000128800003, 692.0000309237514, 740.0000127187502, 788.0000398925021, 836.0000428450022, 884.0000005525001, 932.0000393187518, 980.0000367500014, 1028.000071638755], "ampl": [1021.1558622409635, 4835.223973928218, 8949.975231710141, 12465.742726995546, 15283.91502460845, 17469.75722560908, 19147.50137243409, 20423.350742092684, 21404.914120730944, 22160.036926737357, 22748.997995394715, 23200.181521514834, 23555.21223323208, 23838.420568385052, 24048.29870399632, 24215.640666157982, 24345.746218575718, 24444.565055626623, 24520.753915633075, 24558.18508207476, 24594.289868946365, 24599.5671651123]}, "3": {"freq": [20.0, 68.00000004249999, 116.00000061625, 164.00000102500002, 212.0000017225, 260.00000121875, 308.00000413875006, 356.00000178, 404.00000404, 452.00000113000004, 500.0, 548.0000054800001, 596.0000018625001, 644.0000128800003, 692.0000309237514, 740.0000127187502, 788.0000398925021, 836.0000428450022, 884.0000005525001, 932.0000393187518, 980.0000367500014, 1028.000071638755], "ampl": [993.6314310686574, 4719.583518489284, 8749.05726509615, 12197.91864346565, 14971.0515371571, 17123.487694840318, 18778.164533428964, 20039.758718292847, 21010.260796078153, 21758.856561450615, 22342.447385746706, 22789.515306588997, 23140.313413664564, 23421.644961273858, 23630.32226341843, 23799.481112583806, 23927.52688451147, 24024.52727906395, 24102.83921832266, 24140.03133662027, 24174.782795458068, 24182.934145430616]}, "4": {"freq": [20.0, 68.00000004249999, 116.00000061625, 164.00000102500002, 212.0000017225, 260.00000121875, 308.00000413875006, 356.00000178, 404.00000404, 452.00000113000004, 500.0, 548.0000054800001, 596.0000018625001, 644.0000128800003, 692.0000309237514, 740.0000127187502, 788.0000398925021, 836.0000428450022, 884.0000005525001, 932.0000393187518, 980.0000367500014, 1028.000071638755], "ampl": [1.4209668624325877, 15.64429769579826, 32.23545009792858, 47.845850068026486, 63.97875194701027, 80.74520751362445, 98.53584226448163, 113.02551122928394, 130.15794542356895, 145.56275545752962, 161.37587822273707, 177.37130888590377, 191.9154875609076, 207.81397192848212, 223.56775758007774, 237.45940018951123, 252.21301065187882, 267.06406457531824, 280.7386688627159, 294.5542498386643, 308.57327683772263, 321.70970534439346]}, "5": {"freq": [20.0, 68.00000004249999, 116.00000061625, 164.00000102500002, 212.0000017225, 260.00000121875, 308.00000413875006, 356.00000178, 404.00000404, 452.00000113000004, 500.0, 548.0000054800001, 596.0000018625001, 644.0000128800003, 692.0000309237514, 740.0000127187502, 788.0000398925021, 836.0000428450022, 884.0000005525001, 932.0000393187518, 980.0000367500014, 1028.000071638755], "ampl": [2.435754591384277, 18.434281890824618, 34.62787016820432, 49.18287671002201, 63.76397521681749, 81.0447076757638, 95.8479848861586, 111.4578683443086, 125.53650602091824, 139.81541456228254, 155.33680100894242, 168.41979928882932, 183.1424638582773, 197.07495616644044, 210.04907763915685, 223.69481024368216, 237.51505804299862, 249.63726377725, 262.17162518371606, 275.13338205230724, 287.364296940344, 300.44781619808776]}, "6": {"freq": [20.0, 68.00000004249999, 116.00000061625, 164.00000102500002, 212.0000017225, 260.00000121875, 308.00000413875006, 356.00000178, 404.00000404, 452.00000113000004, 500.0, 548.0000054800001, 596.0000018625001, 644.0000128800003, 692.0000309237514, 740.0000127187502, 788.0000398925021, 836.0000428450022, 884.0000005525001, 932.0000393187518, 980.0000367500014, 1028.000071638755], "ampl": [2.6224154966007838, 17.63920956579498, 34.92536670968516, 50.11377595826077, 65.4183783797877, 81.89317149626586, 97.15807879810144, 110.99259836119955, 126.42493486286045, 141.69184383489218, 156.67572977820274, 170.1007452805451, 184.72679596343812, 198.8486533766132, 211.79071079899026, 225.20432900708678, 237.94282434645208, 251.18280422856455, 264.34833149990095, 276.0966726479601, 289.0953377223513, 300.6462858296264]}, "7": {"freq": [20.0, 68.00000004249999, 116.00000061625, 164.00000102500002, 212.0000017225, 260.00000121875, 308.00000413875006, 356.00000178, 404.00000404, 452.00000113000004, 500.0, 548.0000054800001, 596.0000018625001, 644.0000128800003, 692.0000309237514, 740.0000127187502, 788.0000398925021, 836.0000428450022, 884.0000005525001, 932.0000393187518, 980.0000367500014, 1028.000071638755], "ampl": [3.080068031344854, 22.600502938007065, 42.49286976007862, 63.84015008973678, 84.3316594688651, 104.48095222000671, 124.99812082305921, 143.67769149262898, 164.3392776195172, 182.91384703673134, 203.8018690922457, 221.42590213707362, 239.0288783773976, 256.7026944894093, 276.2809998921327, 293.5740988860722, 310.75143615062257, 327.67886937563856, 343.44037485481135, 360.32928581788985, 376.7372852889597, 391.3266246506869]}, "wireSegments": null, "apaChannels": null, "measuredBy": null, "stage": null, "apaUuid": null, "layer": null, "headboardNum": null, "side": null}