{"0": {"freq": [20.0, 68.00000004249999, 116.00000061625, 164.00000102500002, 212.0000017225, 260.00000121875, 308.00000413875006, 356.00000178, 404.00000404, 452.00000113000004, 500.0, 548.0000054800001, 596.0000018625001, 644.0000128800003, 692.0000309237514, 740.0000127187502, 788.0000398925021, 836.0000428450022, 884.0000005525001, 932.0000393187518, 980.0000367500014, 1028.000071638755], "ampl": [540.6589852600613, 2534.0777689821234, 4815.639676722455, 6948.135450048827, 8830.118435701645, 10444.131795241245, 11792.531755361262, 12906.953595696166, 13819.926938631334, 14560.942241066712, 15165.438878430887, 15663.309333875684, 16067.262204198594, 16400.000928445057, 16670.008329780743, 16892.161473575667, 17071.898289157554, 17217.748022352116, 17340.80890208635, 17429.30396303541, 17501.38126600097, 17555.714202311432]}, "1": {"freq": [20.0, 68.00000004249999, 116.00000061625, 164.00000102500002, 212.0000017225, 260.00000121875, 308.00000413875006, 356.00000178, 404.00000404, 452.00000113000004, 500.0, 548.0000054800001, 596.0000018625001, 644.0000128800003, 692.0000309237514, 740.0000127187502, 788.0000398925021, 836.0000428450022, 884.0000005525001, 932.0000393187518, 980.0000367500014, 1028.000071638755], "ampl": [992.1108059045549, 4644.390926427048, 8542.02809458224, 11861.149300800711, 14521.746667392586, 16599.397028141317, 18197.323706251853, 19420.733791798568, 20366.514393976562, 21089.528562327283, 21655.56994505985, 22097.90324295908, 22440.916886832714, 22715.376338759856, 22925.314585960372, 23093.437442185153, 23217.04328737488, 23311.95144201699, 23392.095320484183, 23431.726858375438, 23457.744768095024, 23472.75470829736]}, "2": {"freq": [20.0, 68.00000004249999, 116.00000061625, 164.00000102500002, 212.0000017225, 260.00000121875, 308.00000413875006, 356.00000178, 404.00000404, 452.00000113000004, 500.0, 548.0000054800001, 596.0000018625001, 644.0000128800003, 692.0000309237514, 740.0000127187502, 788.0000398925021, 836.0000428450022, 884.0000005525001, 932.0000393187518, 980.0000367500014, 1028.000071638755], "ampl": [1015.6349254086045, 4753.781104739797, 8746.243141094215, 12152.932007139249, 14888.437843437143, 17019.568152866646, 18663.788158552645, 19917.623365227242, 20887.899323583122, 21627.72365055963, 22205.706648006642, 22656.566469290454, 23009.429556434527, 23286.485254213632, 23499.949254988507, 23671.820546341973, 23796.41720118642, 23891.459925792482, 23973.961114287453, 24014.420974443747, 24042.30733172506, 24054.68089622366]}, "3": {"freq": [20.0, 68.00000004249999, 116.00000061625, 164.00000102500002, 212.0000017225, 260.00000121875, 308.00000413875006, 356.00000178, 404.00000404, 452.00000113000004, 500.0, 548.0000054800001, 596.0000018625001, 644.0000128800003, 692.0000309237514, 740.0000127187502, 788.0000398925021, 836.0000428450022, 884.0000005525001, 932.0000393187518, 980.0000367500014, 1028.000071638755], "ampl": [1006.6879205186888, 4725.819395763968, 8693.650444314808, 12072.9695415054, 14781.168624495705, 16890.53661988415, 18511.35944142173, 19747.389585059565, 20702.538830265203, 21433.081318458946, 22001.57151015631, 22445.66914706368, 22791.112197092167, 23061.76385121003, 23274.493006452893, 23443.712978140553, 23565.760731786282, 23658.56797383895, 23738.144603342862, 23775.847921651522, 23804.01512135051, 23815.82622910735]}, "4": {"freq": [20.0, 68.00000004249999, 116.00000061625, 164.00000102500002, 212.0000017225, 260.00000121875, 308.00000413875006, 356.00000178, 404.00000404, 452.00000113000004, 500.0, 548.0000054800001, 596.0000018625001, 644.0000128800003, 692.0000309237514, 740.0000127187502, 788.0000398925021, 836.0000428450022, 884.0000005525001, 932.0000393187518, 980.0000367500014, 1028.000071638755], "ampl": [534.7422201063139, 2479.3221210695797, 4726.454849051621, 6848.07233134552, 8742.66843105274, 10381.863712166469, 11769.409321525698, 12923.047028198422, 13879.417581089823, 14660.307823147592, 15302.882528500822, 15834.976852993628, 16268.752382073628, 16629.4344284694, 16923.20441126999, 17167.485440257587, 17362.274100728326, 17525.499699544576, 17662.997716654307, 17763.051163425298, 17845.361249678237, 17907.8426921607]}, "5": {"freq": [20.0, 68.00000004249999, 116.00000061625, 164.00000102500002, 212.0000017225, 260.00000121875, 308.00000413875006, 356.00000178, 404.00000404, 452.00000113000004, 500.0, 548.0000054800001, 596.0000018625001, 644.0000128800003, 692.0000309237514, 740.0000127187502, 788.0000398925021, 836.0000428450022, 884.0000005525001, 932.0000393187518, 980.0000367500014, 1028.000071638755], "ampl": [999.2944455632419, 4691.476707920129, 8637.616751600222, 12006.462615231525, 14717.227085682205, 16834.264978815085, 18465.28061355131, 19717.597085011195, 20686.11672203573, 21426.363608245807, 22006.00310097524, 22461.927847424773, 22816.301595134413, 23096.45748492857, 23312.82465447807, 23487.534572118173, 23615.48418575448, 23714.802248653246, 23798.513750832823, 23838.39436829873, 23869.647243727246, 23884.068173079857]}, "6": {"freq": [20.0, 68.00000004249999, 116.00000061625, 164.00000102500002, 212.0000017225, 260.00000121875, 308.00000413875006, 356.00000178, 404.00000404, 452.00000113000004, 500.0, 548.0000054800001, 596.0000018625001, 644.0000128800003, 692.0000309237514, 740.0000127187502, 788.0000398925021, 836.0000428450022, 884.0000005525001, 932.0000393187518, 980.0000367500014, 1028.000071638755], "ampl": [1003.9850183698236, 4698.780598337218, 8647.344919764464, 12010.180280364646, 14711.336384676968, 16816.034560093096, 18433.001554497114, 19669.799163316467, 20624.270049810588, 21351.84825956291, 21921.59176012008, 22364.69069609373, 22709.000719228774, 22981.56895863644, 23192.189046618518, 23360.20860789811, 23481.59020901723, 23575.993688298942, 23654.938963729364, 23693.54598997619, 23721.305761420423, 23733.199192037984]}, "7": {"freq": [20.0, 68.00000004249999, 116.00000061625, 164.00000102500002, 212.0000017225, 260.00000121875, 308.00000413875006, 356.00000178, 404.00000404, 452.00000113000004, 500.0, 548.0000054800001, 596.0000018625001, 644.0000128800003, 692.0000309237514, 740.0000127187502, 788.0000398925021, 836.0000428450022, 884.0000005525001, 932.0000393187518, 980.0000367500014, 1028.000071638755], "ampl": [1011.5645803418661, 4741.270450500329, 8717.818615771846, 12104.046743986888, 14815.29233089692, 16923.92917317865, 18543.169772171215, 19778.636532938213, 20732.774790809348, 21459.613004330156, 22026.306693618306, 22468.034537993117, 22809.937796748654, 23083.506683395775, 23292.207086180795, 23459.188848385013, 23581.724594640957, 23675.07377418765, 23751.59720674322, 23792.14713240059, 23817.59100883141, 23829.471950299485]}, "wireSegments": null, "apaChannels": null, "measuredBy": null, "stage": null, "apaUuid": null, "layer": null, "headboardNum": null, "side": null}