{"0": {"freq": [20.0, 68.00000004249999, 116.00000061625, 164.00000102500002, 212.0000017225, 260.00000121875, 308.00000413875006, 356.00000178, 404.00000404, 452.00000113000004, 500.0, 548.0000054800001, 596.0000018625001, 644.0000128800003, 692.0000309237514, 740.0000127187502, 788.0000398925021, 836.0000428450022, 884.0000005525001, 932.0000393187518, 980.0000367500014, 1028.000071638755], "ampl": [995.874303973069, 4740.509892380726, 8802.26475503103, 12288.14243979794, 15099.586852938115, 17291.058395345088, 18978.3676250701, 20270.166004528746, 21268.497497039934, 22033.94365536504, 22625.586132693705, 23091.641674612354, 23455.122913448573, 23741.643674077255, 23965.617001063692, 24137.613911124357, 24266.996335683536, 24363.961477962548, 24435.79958289978, 24488.048876157958, 24520.854218803728, 24530.701713312465]}, "1": {"freq": [20.0, 68.00000004249999, 116.00000061625, 164.00000102500002, 212.0000017225, 260.00000121875, 308.00000413875006, 356.00000178, 404.00000404, 452.00000113000004, 500.0, 548.0000054800001, 596.0000018625001, 644.0000128800003, 692.0000309237514, 740.0000127187502, 788.0000398925021, 836.0000428450022, 884.0000005525001, 932.0000393187518, 980.0000367500014, 1028.000071638755], "ampl": [1006.2732849090927, 4712.544945463649, 8734.470256329785, 12185.585316141141, 14970.110646500096, 17139.806605965037, 18805.66724587828, 20088.585453792497, 21076.843793567044, 21836.138614637155, 22424.344852635044, 22883.24744348714, 23246.116539649607, 23528.3009988382, 23752.149158470937, 23923.588868020408, 24053.612591588346, 24149.884103843153, 24220.566116247108, 24273.374946153384, 24305.519931505954, 24314.117755460295]}, "2": {"freq": [20.0, 68.00000004249999, 116.00000061625, 164.00000102500002, 212.0000017225, 260.00000121875, 308.00000413875006, 356.00000178, 404.00000404, 452.00000113000004, 500.0, 548.0000054800001, 596.0000018625001, 644.0000128800003, 692.0000309237514, 740.0000127187502, 788.0000398925021, 836.0000428450022, 884.0000005525001, 932.0000393187518, 980.0000367500014, 1028.000071638755], "ampl": [1007.9923253365267, 4799.6711855592, 8900.060642432702, 12409.493517056228, 15229.287197503014, 17423.441029826212, 19107.83855026766, 20398.827461478588, 21397.657637496322, 22163.40305493101, 22753.02927251921, 23215.003419473116, 23582.568780196474, 23865.604070756195, 24089.272180042455, 24260.43944770995, 24389.878576084688, 24487.784728358703, 24560.40121396106, 24612.50043440218, 24645.054602417797, 24652.31245901385]}, "3": {"freq": [20.0, 68.00000004249999, 116.00000061625, 164.00000102500002, 212.0000017225, 260.00000121875, 308.00000413875006, 356.00000178, 404.00000404, 452.00000113000004, 500.0, 548.0000054800001, 596.0000018625001, 644.0000128800003, 692.0000309237514, 740.0000127187502, 788.0000398925021, 836.0000428450022, 884.0000005525001, 932.0000393187518, 980.0000367500014, 1028.000071638755], "ampl": [512.3166018537061, 2434.1509954224084, 4662.090642225381, 6755.374636967357, 8618.353116299608, 10223.83889636034, 11577.946625690543, 12702.667328657702, 13635.785319752707, 14400.059847586683, 15026.812378557257, 15540.785553459047, 15968.920767647944, 16315.280993050486, 16605.19531235748, 16839.3504944399, 17030.75950878343, 17188.3070803024, 17316.54537952013, 17420.47029601515, 17503.340257742788, 17563.0073586265]}, "4": {"freq": [20.0, 68.00000004249999, 116.00000061625, 164.00000102500002, 212.0000017225, 260.00000121875, 308.00000413875006, 356.00000178, 404.00000404, 452.00000113000004, 500.0, 548.0000054800001, 596.0000018625001, 644.0000128800003, 692.0000309237514, 740.0000127187502, 788.0000398925021, 836.0000428450022, 884.0000005525001, 932.0000393187518, 980.0000367500014, 1028.000071638755], "ampl": [1.6134695392192955, 16.520108972683797, 30.324378884680083, 46.3568516947523, 61.12601168376386, 77.6514308973742, 94.88583874939754, 108.45110040487089, 125.39671848204574, 140.66835871123308, 155.83254723069416, 170.86272365339738, 185.9794900128506, 200.08267310022896, 215.87010102477657, 229.55560943334083, 243.79985576370092, 258.2045166163723, 271.4281684512815, 285.37229531265643, 298.2088679733194, 311.3307415954255]}, "5": {"freq": [20.0, 68.00000004249999, 116.00000061625, 164.00000102500002, 212.0000017225, 260.00000121875, 308.00000413875006, 356.00000178, 404.00000404, 452.00000113000004, 500.0, 548.0000054800001, 596.0000018625001, 644.0000128800003, 692.0000309237514, 740.0000127187502, 788.0000398925021, 836.0000428450022, 884.0000005525001, 932.0000393187518, 980.0000367500014, 1028.000071638755], "ampl": [1.693321753941964, 18.571575794565007, 33.75195912194377, 49.871803265705886, 65.3615245283237, 80.46074485737014, 95.298822654778, 110.29797863322072, 125.93304550487424, 139.1639251491008, 153.75546758906194, 167.10727751867742, 182.3663983179402, 196.30688723413135, 210.0580943106826, 223.2957059777393, 236.44435729632104, 248.4878911040033, 261.3684919008714, 274.8189885367025, 286.1898335555396, 299.32340777590537]}, "6": {"freq": [20.0, 68.00000004249999, 116.00000061625, 164.00000102500002, 212.0000017225, 260.00000121875, 308.00000413875006, 356.00000178, 404.00000404, 452.00000113000004, 500.0, 548.0000054800001, 596.0000018625001, 644.0000128800003, 692.0000309237514, 740.0000127187502, 788.0000398925021, 836.0000428450022, 884.0000005525001, 932.0000393187518, 980.0000367500014, 1028.000071638755], "ampl": [3.1865314846814585, 18.368948035196855, 33.8341996283253, 49.474648175261514, 66.49483181604262, 82.01729253375477, 97.73254619950646, 111.26401135009272, 125.80343722294434, 140.89689967345066, 155.7944489156795, 170.8916796104351, 184.43718075021997, 197.51514130304056, 211.26300455024918, 225.32632640481808, 238.70640731880752, 251.21278654700055, 263.33938583019426, 275.40512995604234, 288.2510054614581, 300.470134929934]}, "7": {"freq": [20.0, 68.00000004249999, 116.00000061625, 164.00000102500002, 212.0000017225, 260.00000121875, 308.00000413875006, 356.00000178, 404.00000404, 452.00000113000004, 500.0, 548.0000054800001, 596.0000018625001, 644.0000128800003, 692.0000309237514, 740.0000127187502, 788.0000398925021, 836.0000428450022, 884.0000005525001, 932.0000393187518, 980.0000367500014, 1028.000071638755], "ampl": [2.831389786430307, 21.78793576332728, 39.80045810554875, 60.31214476251351, 78.67746541547365, 98.32615808167165, 117.34591245733353, 135.01554419007547, 154.2710920041528, 172.91688137923987, 191.0319914420149, 207.7049656752776, 226.22597622135612, 243.29527323840935, 259.7898130648253, 276.1197739945247, 293.63050547260883, 307.58181668187694, 323.5739118129926, 339.0123653964676, 353.1244434260937, 367.55549755588385]}, "wireSegments": null, "apaChannels": null, "measuredBy": null, "stage": null, "apaUuid": null, "layer": null, "headboardNum": null, "side": null}