{"0": {"freq": [20.0, 68.00000004249999, 116.00000061625, 164.00000102500002, 212.0000017225, 260.00000121875, 308.00000413875006, 356.00000178, 404.00000404, 452.00000113000004, 500.0, 548.0000054800001, 596.0000018625001, 644.0000128800003, 692.0000309237514, 740.0000127187502, 788.0000398925021, 836.0000428450022, 884.0000005525001, 932.0000393187518, 980.0000367500014, 1028.000071638755], "ampl": [1015.8245883770047, 4756.822650919066, 8751.567880553415, 12153.433821468294, 14884.755653403614, 17010.1805996451, 18645.67005761122, 19894.271870915247, 20850.220471337023, 21591.93385012931, 22163.926422652057, 22610.945702592715, 22957.52016218661, 23229.869940809036, 23441.201655946497, 23606.324179086667, 23752.879189916668, 23831.656652238744, 23896.77216565674, 23944.72886246801, 24003.602707812024, 23980.037332180353]}, "1": {"freq": [20.0, 68.00000004249999, 116.00000061625, 164.00000102500002, 212.0000017225, 260.00000121875, 308.00000413875006, 356.00000178, 404.00000404, 452.00000113000004, 500.0, 548.0000054800001, 596.0000018625001, 644.0000128800003, 692.0000309237514, 740.0000127187502, 788.0000398925021, 836.0000428450022, 884.0000005525001, 932.0000393187518, 980.0000367500014, 1028.000071638755], "ampl": [984.3897123002579, 4623.335886343099, 8536.086291873766, 11894.76849547035, 14607.084094780792, 16734.371811817833, 18379.152688990398, 19643.133313357615, 20616.105241666155, 21371.351785930296, 21956.103383999947, 22414.584477494856, 22773.865181596047, 23056.08579942748, 23274.387176712356, 23447.275634563168, 23604.08268961119, 23683.517111825473, 23752.89311135782, 23806.607414539365, 23863.698283092555, 23848.179435224847]}, "2": {"freq": [20.0, 68.00000004249999, 116.00000061625, 164.00000102500002, 212.0000017225, 260.00000121875, 308.00000413875006, 356.00000178, 404.00000404, 452.00000113000004, 500.0, 548.0000054800001, 596.0000018625001, 644.0000128800003, 692.0000309237514, 740.0000127187502, 788.0000398925021, 836.0000428450022, 884.0000005525001, 932.0000393187518, 980.0000367500014, 1028.000071638755], "ampl": [1017.8497491396282, 4766.462178574056, 8769.006359527555, 12179.40210576068, 14916.736778676546, 17050.5522213575, 18691.61820308591, 19947.765812928705, 20912.21988661676, 21657.874228638364, 22235.175477810786, 22686.453181334553, 23040.168588240056, 23316.24658465654, 23530.963876585083, 23698.295177556516, 23849.794933210458, 23925.65688099704, 23994.39461713153, 24044.80083412696, 24100.04938830665, 24081.852759206227]}, "3": {"freq": [20.0, 68.00000004249999, 116.00000061625, 164.00000102500002, 212.0000017225, 260.00000121875, 308.00000413875006, 356.00000178, 404.00000404, 452.00000113000004, 500.0, 548.0000054800001, 596.0000018625001, 644.0000128800003, 692.0000309237514, 740.0000127187502, 788.0000398925021, 836.0000428450022, 884.0000005525001, 932.0000393187518, 980.0000367500014, 1028.000071638755], "ampl": [528.7102615140404, 2502.473229384869, 4795.140955868864, 6955.763883614883, 8884.926124762893, 10553.138965963997, 11964.274132060491, 13139.541093363077, 14110.504636801543, 14908.753737158251, 15563.721545138065, 16105.692396274833, 16550.44965259243, 16915.99791474642, 17216.65703109722, 17465.338261231638, 17684.620397378865, 17835.79300380309, 17969.35150536086, 18078.771972116072, 18185.163901707067, 18226.670915960603]}, "4": {"freq": [20.0, 68.00000004249999, 116.00000061625, 164.00000102500002, 212.0000017225, 260.00000121875, 308.00000413875006, 356.00000178, 404.00000404, 452.00000113000004, 500.0, 548.0000054800001, 596.0000018625001, 644.0000128800003, 692.0000309237514, 740.0000127187502, 788.0000398925021, 836.0000428450022, 884.0000005525001, 932.0000393187518, 980.0000367500014, 1028.000071638755], "ampl": [1005.8097854149212, 4686.800681756932, 8628.191468636736, 12003.510559703787, 14732.444725385318, 16868.757251921503, 18523.577442049143, 19792.681354006705, 20771.357050731705, 21530.142277297502, 22118.608097068005, 22578.555008548836, 22940.369607016888, 23223.437261395284, 23443.338641772076, 23614.12807833015, 23770.345533639946, 23853.52376838493, 23925.001146969076, 23976.65023233366, 24037.166668421913, 24019.41429031457]}, "5": {"freq": [20.0, 68.00000004249999, 116.00000061625, 164.00000102500002, 212.0000017225, 260.00000121875, 308.00000413875006, 356.00000178, 404.00000404, 452.00000113000004, 500.0, 548.0000054800001, 596.0000018625001, 644.0000128800003, 692.0000309237514, 740.0000127187502, 788.0000398925021, 836.0000428450022, 884.0000005525001, 932.0000393187518, 980.0000367500014, 1028.000071638755], "ampl": [996.6643462464099, 4677.750263949808, 8637.738014680659, 12034.763667823909, 14785.318609646487, 16940.87738776983, 18612.026824354834, 19894.144388965127, 20878.617696443343, 21643.957512547822, 22239.07182466062, 22706.195919173835, 23072.623875487876, 23359.462196258202, 23581.38071650105, 23756.025038369535, 23914.88433236007, 23995.57448217478, 24068.363950768744, 24124.502203072454, 24183.84470911858, 24166.271900091382]}, "6": {"freq": [20.0, 68.00000004249999, 116.00000061625, 164.00000102500002, 212.0000017225, 260.00000121875, 308.00000413875006, 356.00000178, 404.00000404, 452.00000113000004, 500.0, 548.0000054800001, 596.0000018625001, 644.0000128800003, 692.0000309237514, 740.0000127187502, 788.0000398925021, 836.0000428450022, 884.0000005525001, 932.0000393187518, 980.0000367500014, 1028.000071638755], "ampl": [1012.7787036961637, 4735.3280204354805, 8704.783591948157, 12078.506610623148, 14780.453045205726, 16881.67093899399, 18495.98121183259, 19729.775086108188, 20672.25120661914, 21402.41928872253, 21967.03911614834, 22407.36173895444, 22751.42232294216, 23019.74615565718, 23229.69966178412, 23392.692368997177, 23538.890206343003, 23613.026590292873, 23677.958523929763, 23726.35993963779, 23779.616622335605, 23761.44401505424]}, "7": {"freq": [20.0, 68.00000004249999, 116.00000061625, 164.00000102500002, 212.0000017225, 260.00000121875, 308.00000413875006, 356.00000178, 404.00000404, 452.00000113000004, 500.0, 548.0000054800001, 596.0000018625001, 644.0000128800003, 692.0000309237514, 740.0000127187502, 788.0000398925021, 836.0000428450022, 884.0000005525001, 932.0000393187518, 980.0000367500014, 1028.000071638755], "ampl": [521.9177424266466, 2482.0327733037407, 4765.088775009835, 6917.08398376028, 8840.994919351111, 10508.383930956908, 11920.2213429954, 13097.926862075115, 14072.315342672771, 14873.645159755812, 15531.683978028545, 16077.581871103404, 16525.62568825047, 16893.426484305433, 17195.519776514793, 17447.14717258229, 17670.416829195878, 17823.815806644096, 17958.721088631828, 18070.069837869392, 18184.504024114594, 18220.46703003281]}, "wireSegments": null, "apaChannels": null, "measuredBy": null, "stage": null, "apaUuid": null, "layer": null, "headboardNum": null, "side": null}