{"0": {"freq": [20.0, 68.00000004249999, 116.00000061625, 164.00000102500002, 212.0000017225, 260.00000121875, 308.00000413875006, 356.00000178, 404.00000404, 452.00000113000004, 500.0, 548.0000054800001, 596.0000018625001, 644.0000128800003, 692.0000309237514, 740.0000127187502, 788.0000398925021, 836.0000428450022, 884.0000005525001, 932.0000393187518, 980.0000367500014, 1028.000071638755], "ampl": [1001.1495716466179, 4711.876577863658, 8676.403997328005, 12072.805600056587, 14811.448985716517, 16953.75651624826, 18603.01882745337, 19872.697217109715, 20850.051386404324, 21608.292066441136, 22191.821489395214, 22651.650556082546, 23011.370625576372, 23289.718956841774, 23507.276949386607, 23681.09456986868, 23814.027872232327, 23910.940242585162, 23979.557047686638, 24029.763861617754, 24061.995187771066, 24073.730409002223]}, "1": {"freq": [20.0, 68.00000004249999, 116.00000061625, 164.00000102500002, 212.0000017225, 260.00000121875, 308.00000413875006, 356.00000178, 404.00000404, 452.00000113000004, 500.0, 548.0000054800001, 596.0000018625001, 644.0000128800003, 692.0000309237514, 740.0000127187502, 788.0000398925021, 836.0000428450022, 884.0000005525001, 932.0000393187518, 980.0000367500014, 1028.000071638755], "ampl": [977.8125393742059, 4611.767950658469, 8508.904115724283, 11861.415963843134, 14579.181589857071, 16712.44152713913, 18360.866702942898, 19635.829483940302, 20619.572655407585, 21386.107727006074, 21976.98638970738, 22445.11515314151, 22812.411919436534, 23095.783694348145, 23317.56879029987, 23497.14318786375, 23631.772005685332, 23732.1916543525, 23805.252275517247, 23857.30750196536, 23892.050542754354, 23907.613909139676]}, "2": {"freq": [20.0, 68.00000004249999, 116.00000061625, 164.00000102500002, 212.0000017225, 260.00000121875, 308.00000413875006, 356.00000178, 404.00000404, 452.00000113000004, 500.0, 548.0000054800001, 596.0000018625001, 644.0000128800003, 692.0000309237514, 740.0000127187502, 788.0000398925021, 836.0000428450022, 884.0000005525001, 932.0000393187518, 980.0000367500014, 1028.000071638755], "ampl": [1010.8692125202992, 4760.176209411265, 8760.32319231969, 12180.75726761589, 14932.938658149944, 17083.97570138452, 18739.58298950942, 20013.82351827662, 20995.14742222266, 21756.10523840558, 22340.755826246943, 22804.35876402798, 23165.215787179823, 23445.379748242813, 23664.105262611705, 23841.62449317121, 23972.17451776614, 24071.44050353262, 24141.238507999464, 24190.554608502454, 24223.39035840778, 24234.734093616113]}, "3": {"freq": [20.0, 68.00000004249999, 116.00000061625, 164.00000102500002, 212.0000017225, 260.00000121875, 308.00000413875006, 356.00000178, 404.00000404, 452.00000113000004, 500.0, 548.0000054800001, 596.0000018625001, 644.0000128800003, 692.0000309237514, 740.0000127187502, 788.0000398925021, 836.0000428450022, 884.0000005525001, 932.0000393187518, 980.0000367500014, 1028.000071638755], "ampl": [518.1749197347126, 2472.656214751968, 4734.8882723041925, 6875.828631997047, 8797.40414627695, 10469.525258995543, 11890.130346508808, 13082.215978575778, 14071.156588706408, 14891.588250929808, 15565.233089910425, 16122.287228087598, 16584.506289892015, 16961.511095195503, 17274.088539431443, 17535.241349229836, 17749.755705394447, 17922.39612063704, 18064.689225733986, 18179.554238512737, 18271.135164596766, 18340.64416873198]}, "4": {"freq": [20.0, 68.00000004249999, 116.00000061625, 164.00000102500002, 212.0000017225, 260.00000121875, 308.00000413875006, 356.00000178, 404.00000404, 452.00000113000004, 500.0, 548.0000054800001, 596.0000018625001, 644.0000128800003, 692.0000309237514, 740.0000127187502, 788.0000398925021, 836.0000428450022, 884.0000005525001, 932.0000393187518, 980.0000367500014, 1028.000071638755], "ampl": [998.5545968497094, 4683.361476997088, 8611.676497838174, 11979.03590797072, 14704.734565203216, 16840.66623297198, 18487.614983304804, 19760.248738965074, 20741.89689336435, 21501.89457830598, 22089.975828000694, 22557.54532273134, 22920.90001823494, 23203.215576461018, 23423.452322948186, 23599.175730836076, 23732.7306066817, 23834.50404621527, 23906.310046133236, 23960.041563536786, 23989.583507398034, 24005.904637277643]}, "5": {"freq": [20.0, 68.00000004249999, 116.00000061625, 164.00000102500002, 212.0000017225, 260.00000121875, 308.00000413875006, 356.00000178, 404.00000404, 452.00000113000004, 500.0, 548.0000054800001, 596.0000018625001, 644.0000128800003, 692.0000309237514, 740.0000127187502, 788.0000398925021, 836.0000428450022, 884.0000005525001, 932.0000393187518, 980.0000367500014, 1028.000071638755], "ampl": [998.1173873889428, 4684.743010077217, 8632.066365002516, 12017.731170465308, 14755.02035643503, 16900.33243274602, 18552.26743391671, 19828.398495181493, 20811.785754228906, 21573.45379991068, 22162.557951237923, 22628.29717880734, 22993.721974244905, 23273.314794591046, 23495.19108663545, 23671.09247898294, 23803.48605929688, 23907.34155837217, 23979.17240927977, 24030.921738967445, 24061.25539099547, 24076.173207637403]}, "6": {"freq": [20.0, 68.00000004249999, 116.00000061625, 164.00000102500002, 212.0000017225, 260.00000121875, 308.00000413875006, 356.00000178, 404.00000404, 452.00000113000004, 500.0, 548.0000054800001, 596.0000018625001, 644.0000128800003, 692.0000309237514, 740.0000127187502, 788.0000398925021, 836.0000428450022, 884.0000005525001, 932.0000393187518, 980.0000367500014, 1028.000071638755], "ampl": [1008.7793791131959, 4730.05689130411, 8682.440102511213, 12042.893781166471, 14733.724911802128, 16824.709728806538, 18426.446561414483, 19653.281537582683, 20595.481221659687, 21324.67208317281, 21883.605282895132, 22324.59854963707, 22668.741495209273, 22934.845883909213, 23141.71324994137, 23307.74657836295, 23429.203482227746, 23522.89983148265, 23587.96121058049, 23633.94278009515, 23661.49211873875, 23671.731038673475]}, "7": {"freq": [20.0, 68.00000004249999, 116.00000061625, 164.00000102500002, 212.0000017225, 260.00000121875, 308.00000413875006, 356.00000178, 404.00000404, 452.00000113000004, 500.0, 548.0000054800001, 596.0000018625001, 644.0000128800003, 692.0000309237514, 740.0000127187502, 788.0000398925021, 836.0000428450022, 884.0000005525001, 932.0000393187518, 980.0000367500014, 1028.000071638755], "ampl": [518.8611811398072, 2439.6905680554682, 4641.3790247936095, 6708.7262950059685, 8550.343157722038, 10144.063719461701, 11490.135778742095, 12613.688938736654, 13541.378490886016, 14307.062952547054, 14932.888806410318, 15449.852668933678, 15874.473168845547, 16221.665657419824, 16506.49428511781, 16747.25752550186, 16941.22604751922, 17097.875241504848, 17226.091672228657, 17330.465024211055, 17411.33209218678, 17471.72209673299]}, "wireSegments": null, "apaChannels": null, "measuredBy": null, "stage": null, "apaUuid": null, "layer": null, "headboardNum": null, "side": null}