{"0": {"freq": [20.0, 68.00000004249999, 116.00000061625, 164.00000102500002, 212.0000017225, 260.00000121875, 308.00000413875006, 356.00000178, 404.00000404, 452.00000113000004, 500.0, 548.0000054800001, 596.0000018625001, 644.0000128800003, 692.0000309237514, 740.0000127187502, 788.0000398925021, 836.0000428450022, 884.0000005525001, 932.0000393187518, 980.0000367500014, 1028.000071638755], "ampl": [532.8539705090071, 2502.8884554998917, 4761.914345733881, 6883.596206787229, 8782.506134509891, 10397.067798188882, 11765.899154230163, 12904.160338414338, 13838.916915598258, 14611.078373495257, 15241.233757974094, 15754.47621234402, 16178.452052284161, 16524.749606184985, 16812.314177571538, 17046.833083041387, 17235.14480437791, 17394.849822073164, 17519.007701430448, 17642.116496517454, 17698.026521867305, 17760.78351642787]}, "1": {"freq": [20.0, 68.00000004249999, 116.00000061625, 164.00000102500002, 212.0000017225, 260.00000121875, 308.00000413875006, 356.00000178, 404.00000404, 452.00000113000004, 500.0, 548.0000054800001, 596.0000018625001, 644.0000128800003, 692.0000309237514, 740.0000127187502, 788.0000398925021, 836.0000428450022, 884.0000005525001, 932.0000393187518, 980.0000367500014, 1028.000071638755], "ampl": [982.7890709069926, 4617.8501267290485, 8505.055736551409, 11833.979099353086, 14535.229660055453, 16614.05638134705, 18234.72497313055, 19480.72470279415, 20440.71652049904, 21187.90873787404, 21767.01829793025, 22215.54144396399, 22571.77712343325, 22849.28480339312, 23071.735360393384, 23242.002217326375, 23369.069804027717, 23473.26950918739, 23545.583468743986, 23625.020604319674, 23624.41337200772, 23643.68194761137]}, "2": {"freq": [20.0, 68.00000004249999, 116.00000061625, 164.00000102500002, 212.0000017225, 260.00000121875, 308.00000413875006, 356.00000178, 404.00000404, 452.00000113000004, 500.0, 548.0000054800001, 596.0000018625001, 644.0000128800003, 692.0000309237514, 740.0000127187502, 788.0000398925021, 836.0000428450022, 884.0000005525001, 932.0000393187518, 980.0000367500014, 1028.000071638755], "ampl": [1004.8546357819915, 4720.472890227145, 8693.729079145434, 12092.897643087572, 14852.569397683832, 16973.305130542918, 18625.943571731605, 19890.07513414883, 20867.712576210783, 21626.17635310459, 22209.673227295112, 22664.73407295204, 23022.62300607076, 23302.152264843782, 23525.279528596544, 23693.690669209336, 23823.58773478087, 23926.295065950828, 23997.000688136966, 24075.81159988293, 24074.75962056987, 24093.085156975576]}, "3": {"freq": [20.0, 68.00000004249999, 116.00000061625, 164.00000102500002, 212.0000017225, 260.00000121875, 308.00000413875006, 356.00000178, 404.00000404, 452.00000113000004, 500.0, 548.0000054800001, 596.0000018625001, 644.0000128800003, 692.0000309237514, 740.0000127187502, 788.0000398925021, 836.0000428450022, 884.0000005525001, 932.0000393187518, 980.0000367500014, 1028.000071638755], "ampl": [1003.3517644156656, 4721.837063351844, 8694.263116948146, 12088.622853113304, 14836.622457234898, 16944.036162847224, 18581.787491753046, 19837.829053606092, 20803.300905622687, 21551.821228665412, 22130.853244468857, 22577.95537689273, 22929.826248619862, 23207.11494427642, 23424.046470433852, 23592.5182383461, 23717.206661194272, 23819.022246727578, 23888.7186819646, 23963.65107464574, 23962.79954461897, 23979.846106007804]}, "4": {"freq": [20.0, 68.00000004249999, 116.00000061625, 164.00000102500002, 212.0000017225, 260.00000121875, 308.00000413875006, 356.00000178, 404.00000404, 452.00000113000004, 500.0, 548.0000054800001, 596.0000018625001, 644.0000128800003, 692.0000309237514, 740.0000127187502, 788.0000398925021, 836.0000428450022, 884.0000005525001, 932.0000393187518, 980.0000367500014, 1028.000071638755], "ampl": [532.0714876567918, 2468.1587672170167, 4704.434800717674, 6821.299172837077, 8727.132838637877, 10355.774500635034, 11747.451194433228, 12907.89553816695, 13866.864222015145, 14663.38157610249, 15314.433653981649, 15845.899223870369, 16286.630368751386, 16651.340340495062, 16950.720565094, 17196.341976978016, 17395.651742740618, 17566.68284309726, 17698.85186477111, 17828.097005249172, 17891.45963768893, 17958.968946670473]}, "5": {"freq": [20.0, 68.00000004249999, 116.00000061625, 164.00000102500002, 212.0000017225, 260.00000121875, 308.00000413875006, 356.00000178, 404.00000404, 452.00000113000004, 500.0, 548.0000054800001, 596.0000018625001, 644.0000128800003, 692.0000309237514, 740.0000127187502, 788.0000398925021, 836.0000428450022, 884.0000005525001, 932.0000393187518, 980.0000367500014, 1028.000071638755], "ampl": [1000.6335136633204, 4697.9891890654935, 8641.678218989113, 12004.35492640115, 14723.833260624262, 16809.727376494076, 18428.053407870768, 19671.039296017734, 20627.0619455401, 21371.460392320194, 21945.21497031368, 22388.496339604353, 22743.29439336339, 23020.442089126525, 23236.38824079518, 23406.70226799401, 23532.749215672957, 23640.57888697487, 23704.990804712786, 23782.12243011489, 23782.43678952124, 23800.364093133154]}, "6": {"freq": [20.0, 68.00000004249999, 116.00000061625, 164.00000102500002, 212.0000017225, 260.00000121875, 308.00000413875006, 356.00000178, 404.00000404, 452.00000113000004, 500.0, 548.0000054800001, 596.0000018625001, 644.0000128800003, 692.0000309237514, 740.0000127187502, 788.0000398925021, 836.0000428450022, 884.0000005525001, 932.0000393187518, 980.0000367500014, 1028.000071638755], "ampl": [1008.2014415018853, 4716.243315110391, 8667.510447945393, 12033.268179730045, 14746.325684633268, 16827.606617507892, 18438.49265726117, 19673.15488690966, 20618.047024836418, 21352.659079480305, 21917.810374444638, 22351.114307884927, 22698.269772123294, 22966.03356812292, 23175.457937250867, 23340.059739994, 23462.47358021844, 23561.212893451444, 23623.9967659062, 23698.89404694651, 23696.75249726699, 23713.861511268176]}, "7": {"freq": [20.0, 68.00000004249999, 116.00000061625, 164.00000102500002, 212.0000017225, 260.00000121875, 308.00000413875006, 356.00000178, 404.00000404, 452.00000113000004, 500.0, 548.0000054800001, 596.0000018625001, 644.0000128800003, 692.0000309237514, 740.0000127187502, 788.0000398925021, 836.0000428450022, 884.0000005525001, 932.0000393187518, 980.0000367500014, 1028.000071638755], "ampl": [1004.3172709182534, 4705.294392718628, 8646.384926727924, 12004.430768233004, 14714.075723346046, 16783.010038682987, 18386.241282846582, 19614.31653655699, 20553.44277000168, 21285.144902882297, 21846.66090081118, 22279.575381531344, 22623.56920552088, 22889.877082635314, 23099.720182582892, 23262.678971624708, 23384.77719080814, 23482.71399123831, 23546.063027176817, 23630.322051647487, 23617.50869906071, 23633.026423634798]}, "wireSegments": null, "apaChannels": null, "measuredBy": null, "stage": null, "apaUuid": null, "layer": null, "headboardNum": null, "side": null}