{"0": {"freq": [20.0, 68.00000004249999, 116.00000061625, 164.00000102500002, 212.0000017225, 260.00000121875, 308.00000413875006, 356.00000178, 404.00000404, 452.00000113000004, 500.0, 548.0000054800001, 596.0000018625001, 644.0000128800003, 692.0000309237514, 740.0000127187502, 788.0000398925021, 836.0000428450022, 884.0000005525001, 932.0000393187518, 980.0000367500014, 1028.000071638755], "ampl": [2.1967147694045432, 13.195848310637954, 20.563730323413356, 28.766763216971924, 38.91619078885637, 45.35111423479686, 54.375448880500755, 61.93737031239615, 69.8313180172522, 77.8421788756828, 86.06985768767487, 93.76958371537296, 101.5963391130891, 109.55398681885477, 115.82618066614123, 122.1363872309982, 131.24863149222554, 137.28066767714614, 144.8791331276346, 151.22911910266018, 158.07192839363512, 164.48704811827315]}, "1": {"freq": [20.0, 68.00000004249999, 116.00000061625, 164.00000102500002, 212.0000017225, 260.00000121875, 308.00000413875006, 356.00000178, 404.00000404, 452.00000113000004, 500.0, 548.0000054800001, 596.0000018625001, 644.0000128800003, 692.0000309237514, 740.0000127187502, 788.0000398925021, 836.0000428450022, 884.0000005525001, 932.0000393187518, 980.0000367500014, 1028.000071638755], "ampl": [3.0791975294483556, 17.42059067279949, 33.43963317157036, 46.91036532025342, 64.6982803795399, 77.9799684756555, 92.45659398830372, 107.57732860745469, 120.22702498336116, 135.4517942841906, 149.6718351325691, 163.4726729257302, 176.79205592362482, 190.54996823269795, 204.29381021148762, 217.36868506063894, 230.5887080063214, 243.0706724651506, 254.64339383103322, 266.59060055357594, 278.0851713792063, 289.46981649065464]}, "2": {"freq": [20.0, 68.00000004249999, 116.00000061625, 164.00000102500002, 212.0000017225, 260.00000121875, 308.00000413875006, 356.00000178, 404.00000404, 452.00000113000004, 500.0, 548.0000054800001, 596.0000018625001, 644.0000128800003, 692.0000309237514, 740.0000127187502, 788.0000398925021, 836.0000428450022, 884.0000005525001, 932.0000393187518, 980.0000367500014, 1028.000071638755], "ampl": [2.0732961669552448, 17.45710426405631, 32.15004493710509, 47.243343349609, 63.110893007640485, 77.19690428246557, 93.08512589263346, 107.64969853990428, 122.41183659330964, 137.71020159549946, 151.15014200292458, 165.62092492672832, 179.39043819511477, 192.1628960131376, 206.69735770828964, 218.9340650649748, 232.0214884235786, 244.66937358854676, 257.35624525063605, 269.62354165781977, 281.516951125818, 292.76954541969775]}, "3": {"freq": [20.0, 68.00000004249999, 116.00000061625, 164.00000102500002, 212.0000017225, 260.00000121875, 308.00000413875006, 356.00000178, 404.00000404, 452.00000113000004, 500.0, 548.0000054800001, 596.0000018625001, 644.0000128800003, 692.0000309237514, 740.0000127187502, 788.0000398925021, 836.0000428450022, 884.0000005525001, 932.0000393187518, 980.0000367500014, 1028.000071638755], "ampl": [2.6598545795701374, 18.751842224437333, 35.34253905014152, 51.19554506689924, 69.92823892527281, 86.32227335557145, 103.18907600220038, 121.4753450357594, 137.53746249171223, 154.23588377801576, 171.59827261975894, 187.3796051566611, 205.04330188098984, 219.80543316250558, 236.36588748500282, 252.21455187631113, 269.3287124136592, 283.05300596193877, 299.1744300572869, 313.49915109199986, 328.0673267485374, 341.9388092152439]}, "4": {"freq": [20.0, 68.00000004249999, 116.00000061625, 164.00000102500002, 212.0000017225, 260.00000121875, 308.00000413875006, 356.00000178, 404.00000404, 452.00000113000004, 500.0, 548.0000054800001, 596.0000018625001, 644.0000128800003, 692.0000309237514, 740.0000127187502, 788.0000398925021, 836.0000428450022, 884.0000005525001, 932.0000393187518, 980.0000367500014, 1028.000071638755], "ampl": [537.9294688330915, 2527.6610939860952, 4821.309459475074, 6964.091382880769, 8856.188606554724, 10472.830680905283, 11822.38162905326, 12937.927845758657, 13847.330031672704, 14592.955123881373, 15213.22729851306, 15694.788323978868, 16099.329234615252, 16429.169828985578, 16701.56018426083, 16929.432303926136, 17105.24783363, 17252.33806697599, 17369.587797154556, 17463.91985336676, 17539.46541554079, 17595.808784082765]}, "5": {"freq": [20.0, 68.00000004249999, 116.00000061625, 164.00000102500002, 212.0000017225, 260.00000121875, 308.00000413875006, 356.00000178, 404.00000404, 452.00000113000004, 500.0, 548.0000054800001, 596.0000018625001, 644.0000128800003, 692.0000309237514, 740.0000127187502, 788.0000398925021, 836.0000428450022, 884.0000005525001, 932.0000393187518, 980.0000367500014, 1028.000071638755], "ampl": [1007.1675569380574, 4785.723673518794, 8849.997481607139, 12306.511036352653, 15067.563351186063, 17209.591747049148, 18845.257959400406, 20091.70501773971, 21049.148544242293, 21782.40673407789, 22366.97089438222, 22795.48714102971, 23140.915262389295, 23411.814471232276, 23621.37307631489, 23788.509542486674, 23912.723089838535, 24008.367183397684, 24072.218870947003, 24118.949610430034, 24147.85303443906, 24160.70884853994]}, "6": {"freq": [20.0, 68.00000004249999, 116.00000061625, 164.00000102500002, 212.0000017225, 260.00000121875, 308.00000413875006, 356.00000178, 404.00000404, 452.00000113000004, 500.0, 548.0000054800001, 596.0000018625001, 644.0000128800003, 692.0000309237514, 740.0000127187502, 788.0000398925021, 836.0000428450022, 884.0000005525001, 932.0000393187518, 980.0000367500014, 1028.000071638755], "ampl": [996.8124039520914, 4721.432479230162, 8740.190112711167, 12176.768429785037, 14931.019566838075, 17076.30192550143, 18715.635681665906, 19971.825870101286, 20936.835120985554, 21675.107510006746, 22271.805720968496, 22694.687432734932, 23043.865372275253, 23314.1019442942, 23527.05696733575, 23699.37210204096, 23820.262021697858, 23916.744091430683, 23982.869451982362, 24028.705345320355, 24059.3958995778, 24072.353457926885]}, "7": {"freq": [20.0, 68.00000004249999, 116.00000061625, 164.00000102500002, 212.0000017225, 260.00000121875, 308.00000413875006, 356.00000178, 404.00000404, 452.00000113000004, 500.0, 548.0000054800001, 596.0000018625001, 644.0000128800003, 692.0000309237514, 740.0000127187502, 788.0000398925021, 836.0000428450022, 884.0000005525001, 932.0000393187518, 980.0000367500014, 1028.000071638755], "ampl": [1008.018317266144, 4781.769283283746, 8839.991697812004, 12294.004914129602, 15051.662601746082, 17189.00104686747, 18815.909960602447, 20057.15235407779, 21007.32593847271, 21736.066336096665, 22314.590087069162, 22736.861453792008, 23077.4660794111, 23343.475763845723, 23548.387708886963, 23718.748327315745, 23833.499112827445, 23926.65191740594, 23987.77442220073, 24032.79437880525, 24061.647978183435, 24071.614339076317]}, "wireSegments": null, "apaChannels": null, "measuredBy": null, "stage": null, "apaUuid": null, "layer": null, "headboardNum": null, "side": null}