{"0": {"freq": [20.0, 68.00000004249999, 116.00000061625, 164.00000102500002, 212.0000017225, 260.00000121875, 308.00000413875006, 356.00000178, 404.00000404, 452.00000113000004, 500.0, 548.0000054800001, 596.0000018625001, 644.0000128800003, 692.0000309237514, 740.0000127187502, 788.0000398925021, 836.0000428450022, 884.0000005525001, 932.0000393187518, 980.0000367500014, 1028.000071638755], "ampl": [987.4270484915066, 4653.795103379705, 8590.152287769046, 11979.68627475388, 14724.835310502529, 16884.517505596494, 18553.22530283802, 19843.604096866075, 20838.217961278086, 21607.668192255787, 22204.685490950822, 22672.425726781617, 23040.70457379523, 23329.692726969235, 23557.778093056997, 23732.312760430486, 23862.863595871968, 23967.777046505977, 24067.284259066528, 24096.25416203926, 24131.689448661884, 24142.540792620646]}, "1": {"freq": [20.0, 68.00000004249999, 116.00000061625, 164.00000102500002, 212.0000017225, 260.00000121875, 308.00000413875006, 356.00000178, 404.00000404, 452.00000113000004, 500.0, 548.0000054800001, 596.0000018625001, 644.0000128800003, 692.0000309237514, 740.0000127187502, 788.0000398925021, 836.0000428450022, 884.0000005525001, 932.0000393187518, 980.0000367500014, 1028.000071638755], "ampl": [977.6313805582244, 4600.963679881957, 8497.214352468742, 11854.008872139655, 14578.573881674003, 16721.828008630375, 18380.04911137707, 19662.110252516548, 20652.246975177983, 21418.967901554377, 22015.796761175738, 22482.557701938753, 22850.23952757311, 23138.437818403538, 23364.93524767636, 23542.346315917923, 23672.686645641672, 23776.476167648667, 23878.80823613418, 23906.798684014208, 23941.61434985775, 23954.02107410318]}, "2": {"freq": [20.0, 68.00000004249999, 116.00000061625, 164.00000102500002, 212.0000017225, 260.00000121875, 308.00000413875006, 356.00000178, 404.00000404, 452.00000113000004, 500.0, 548.0000054800001, 596.0000018625001, 644.0000128800003, 692.0000309237514, 740.0000127187502, 788.0000398925021, 836.0000428450022, 884.0000005525001, 932.0000393187518, 980.0000367500014, 1028.000071638755], "ampl": [1013.1265714769514, 4769.643801311868, 8781.69734597615, 12210.943510503264, 14971.237082680844, 17128.966571841764, 18790.846632198125, 20071.927017809237, 21057.50868340452, 21814.78717260622, 22405.102856995738, 22865.896192478038, 23227.21948352662, 23511.38902685089, 23734.673214005936, 23907.80626032612, 24033.37777523672, 24137.67709283489, 24233.611786175115, 24264.36744232108, 24293.159979719403, 24303.863141540376]}, "3": {"freq": [20.0, 68.00000004249999, 116.00000061625, 164.00000102500002, 212.0000017225, 260.00000121875, 308.00000413875006, 356.00000178, 404.00000404, 452.00000113000004, 500.0, 548.0000054800001, 596.0000018625001, 644.0000128800003, 692.0000309237514, 740.0000127187502, 788.0000398925021, 836.0000428450022, 884.0000005525001, 932.0000393187518, 980.0000367500014, 1028.000071638755], "ampl": [515.3997679660305, 2443.9125499920883, 4672.647706769803, 6784.151203312188, 8677.970041962315, 10326.604833905529, 11732.861030188877, 12910.978413236442, 13892.85232471839, 14704.113146289468, 15370.672229210206, 15924.905466733026, 16381.573621892654, 16760.425374133818, 17069.94223695772, 17328.605716495058, 17537.954912122164, 17713.67098483166, 17873.719713993094, 17969.524689255835, 18063.605339926627, 18130.773138227793]}, "4": {"freq": [20.0, 68.00000004249999, 116.00000061625, 164.00000102500002, 212.0000017225, 260.00000121875, 308.00000413875006, 356.00000178, 404.00000404, 452.00000113000004, 500.0, 548.0000054800001, 596.0000018625001, 644.0000128800003, 692.0000309237514, 740.0000127187502, 788.0000398925021, 836.0000428450022, 884.0000005525001, 932.0000393187518, 980.0000367500014, 1028.000071638755], "ampl": [1014.9134326119076, 4751.597468957833, 8730.699491146817, 12122.587158215743, 14844.864337995898, 16969.373612005114, 18602.33381460075, 19856.64860749513, 20821.717514749496, 21559.43068745852, 22133.104585618814, 22584.439655500893, 22936.61676631596, 23211.317324172018, 23427.72144953015, 23594.11234684005, 23717.29756539755, 23815.57162990137, 23908.914070935312, 23933.91955378622, 23964.191416866117, 23972.632368050134]}, "5": {"freq": [20.0, 68.00000004249999, 116.00000061625, 164.00000102500002, 212.0000017225, 260.00000121875, 308.00000413875006, 356.00000178, 404.00000404, 452.00000113000004, 500.0, 548.0000054800001, 596.0000018625001, 644.0000128800003, 692.0000309237514, 740.0000127187502, 788.0000398925021, 836.0000428450022, 884.0000005525001, 932.0000393187518, 980.0000367500014, 1028.000071638755], "ampl": [1003.5359169069467, 4711.880439374955, 8680.716912550857, 12074.678657958066, 14804.875374105044, 16939.183227343936, 18584.225456752745, 19847.562016599997, 20820.950632272205, 21568.892423408397, 22150.69508426682, 22604.961223636372, 22962.568139268948, 23241.331509267387, 23462.199996541487, 23631.67874796181, 23757.1087024523, 23856.947071066093, 23953.542977418303, 23978.96008802431, 24010.105337223653, 24020.727883706197]}, "6": {"freq": [20.0, 68.00000004249999, 116.00000061625, 164.00000102500002, 212.0000017225, 260.00000121875, 308.00000413875006, 356.00000178, 404.00000404, 452.00000113000004, 500.0, 548.0000054800001, 596.0000018625001, 644.0000128800003, 692.0000309237514, 740.0000127187502, 788.0000398925021, 836.0000428450022, 884.0000005525001, 932.0000393187518, 980.0000367500014, 1028.000071638755], "ampl": [1011.4656218370443, 4736.584168603612, 8692.540537855464, 12047.579240602596, 14727.094308561194, 16807.58357008791, 18399.06549057904, 19617.062866379256, 20549.478265499005, 21265.499896474063, 21817.854955604245, 22250.680326551395, 22586.65878702803, 22852.704643195775, 23059.71801689257, 23217.58797062615, 23333.68131311411, 23426.490099428254, 23513.95743659693, 23536.94779697156, 23563.967794151275, 23570.020158605745]}, "7": {"freq": [20.0, 68.00000004249999, 116.00000061625, 164.00000102500002, 212.0000017225, 260.00000121875, 308.00000413875006, 356.00000178, 404.00000404, 452.00000113000004, 500.0, 548.0000054800001, 596.0000018625001, 644.0000128800003, 692.0000309237514, 740.0000127187502, 788.0000398925021, 836.0000428450022, 884.0000005525001, 932.0000393187518, 980.0000367500014, 1028.000071638755], "ampl": [515.6633490685988, 2415.5875604847483, 4592.471289725832, 6630.397444523468, 8438.256015493138, 9993.133696665152, 11302.199196885571, 12389.160460808867, 13284.517083590637, 14017.022248729614, 14612.66974046631, 15106.764662340196, 15510.414516839903, 15842.906660322287, 16113.34357314581, 16337.170915273664, 16516.52084481619, 16664.381533995693, 16806.354592369076, 16879.55337228412, 16958.029920969104, 17011.46967806943]}, "wireSegments": null, "apaChannels": null, "measuredBy": null, "stage": null, "apaUuid": null, "layer": null, "headboardNum": null, "side": null}