{"0": {"freq": [20.0, 68.00000004249999, 116.00000061625, 164.00000102500002, 212.0000017225, 260.00000121875, 308.00000413875006, 356.00000178, 404.00000404, 452.00000113000004, 500.0, 548.0000054800001, 596.0000018625001, 644.0000128800003, 692.0000309237514, 740.0000127187502, 788.0000398925021, 836.0000428450022, 884.0000005525001, 932.0000393187518, 980.0000367500014, 1028.000071638755], "ampl": [2.1211933261234197, 12.771120613349057, 21.737403717589263, 32.5234524675258, 41.1853468232127, 51.23849329161652, 61.211631103987756, 70.28198995274255, 78.39692274478027, 86.93614289638731, 96.52508145273417, 104.29490696180657, 113.6936699917451, 121.6333049602254, 130.40890197258076, 138.47287410954598, 146.6276284775645, 153.97849913886998, 162.80950717418577, 170.101572659655, 177.09682085884958, 184.20071104387344]}, "1": {"freq": [20.0, 68.00000004249999, 116.00000061625, 164.00000102500002, 212.0000017225, 260.00000121875, 308.00000413875006, 356.00000178, 404.00000404, 452.00000113000004, 500.0, 548.0000054800001, 596.0000018625001, 644.0000128800003, 692.0000309237514, 740.0000127187502, 788.0000398925021, 836.0000428450022, 884.0000005525001, 932.0000393187518, 980.0000367500014, 1028.000071638755], "ampl": [2.938776355960108, 17.05043807212775, 32.24510872435815, 48.00479912867688, 62.59472438753869, 78.51134778937859, 92.72299998856535, 107.6833641751648, 120.67832445128998, 136.1518030254582, 150.18879353135486, 163.49827599271114, 178.31358178970166, 190.12852288531147, 204.2305261616587, 217.73396785706132, 229.88686249231748, 242.97413823524985, 254.68985755299795, 266.80112026500564, 279.09488469110175, 290.42030200559816]}, "2": {"freq": [20.0, 68.00000004249999, 116.00000061625, 164.00000102500002, 212.0000017225, 260.00000121875, 308.00000413875006, 356.00000178, 404.00000404, 452.00000113000004, 500.0, 548.0000054800001, 596.0000018625001, 644.0000128800003, 692.0000309237514, 740.0000127187502, 788.0000398925021, 836.0000428450022, 884.0000005525001, 932.0000393187518, 980.0000367500014, 1028.000071638755], "ampl": [2.52174883120646, 16.967441930229878, 32.547336438340054, 47.88548208843766, 61.37072639556445, 77.60434983173546, 93.43697019666122, 107.66051437519945, 123.02233741419073, 137.843915281246, 151.58170101123451, 166.11647374898433, 179.19695774000743, 192.46118277662032, 206.46220868593332, 219.55390551889963, 232.89433304726978, 245.21431148867308, 258.1826317221386, 270.67420454573, 283.3152363049774, 293.76944852378176]}, "3": {"freq": [20.0, 68.00000004249999, 116.00000061625, 164.00000102500002, 212.0000017225, 260.00000121875, 308.00000413875006, 356.00000178, 404.00000404, 452.00000113000004, 500.0, 548.0000054800001, 596.0000018625001, 644.0000128800003, 692.0000309237514, 740.0000127187502, 788.0000398925021, 836.0000428450022, 884.0000005525001, 932.0000393187518, 980.0000367500014, 1028.000071638755], "ampl": [2.113968212697597, 16.146276393031116, 32.70680852706049, 49.6747386010108, 65.27859244256106, 83.6494152341123, 100.39852016873925, 118.99686456188373, 133.95693346818106, 150.73881508224125, 166.4531610477556, 183.39712174576118, 199.9262915565085, 214.6363842639749, 229.32891248150634, 245.47529224563564, 260.6517148672775, 275.47698486907393, 289.2476662041561, 303.8361049891974, 318.8834840779476, 331.47987466012194]}, "4": {"freq": [20.0, 68.00000004249999, 116.00000061625, 164.00000102500002, 212.0000017225, 260.00000121875, 308.00000413875006, 356.00000178, 404.00000404, 452.00000113000004, 500.0, 548.0000054800001, 596.0000018625001, 644.0000128800003, 692.0000309237514, 740.0000127187502, 788.0000398925021, 836.0000428450022, 884.0000005525001, 932.0000393187518, 980.0000367500014, 1028.000071638755], "ampl": [1013.3900424815716, 4789.527847263368, 8856.28955408847, 12331.346269468115, 15123.200589797023, 17287.674044213327, 18953.65312243997, 20221.99591620411, 21198.31843227592, 21952.890073609742, 22529.787840792524, 22984.911788494526, 23340.799001478485, 23619.53753225151, 23835.06995241583, 24007.970926829294, 24128.10109446313, 24224.259077076134, 24295.73998240247, 24342.613021841098, 24388.33261689711, 24387.198308668303]}, "5": {"freq": [20.0, 68.00000004249999, 116.00000061625, 164.00000102500002, 212.0000017225, 260.00000121875, 308.00000413875006, 356.00000178, 404.00000404, 452.00000113000004, 500.0, 548.0000054800001, 596.0000018625001, 644.0000128800003, 692.0000309237514, 740.0000127187502, 788.0000398925021, 836.0000428450022, 884.0000005525001, 932.0000393187518, 980.0000367500014, 1028.000071638755], "ampl": [1004.1443130191016, 4764.760159558379, 8841.087333164556, 12328.01960155484, 15135.562623784088, 17315.574473282883, 18992.763257024315, 20270.63262683277, 21254.582348815486, 22014.119524700873, 22597.246509393277, 23056.021838781326, 23413.076940244973, 23697.592922481144, 23913.6978336905, 24090.530319225163, 24210.614556636352, 24307.5503326748, 24379.43766092866, 24426.335858249968, 24470.399239823135, 24471.8034980608]}, "6": {"freq": [20.0, 68.00000004249999, 116.00000061625, 164.00000102500002, 212.0000017225, 260.00000121875, 308.00000413875006, 356.00000178, 404.00000404, 452.00000113000004, 500.0, 548.0000054800001, 596.0000018625001, 644.0000128800003, 692.0000309237514, 740.0000127187502, 788.0000398925021, 836.0000428450022, 884.0000005525001, 932.0000393187518, 980.0000367500014, 1028.000071638755], "ampl": [1005.3922006382655, 4750.792510081834, 8784.45905287023, 12219.267757173417, 14968.281379764916, 17095.401826932626, 18725.946243108796, 19965.15086104403, 20918.326910468648, 21654.90837093856, 22217.88858940751, 22659.89882351404, 23005.574033767487, 23277.446304839177, 23488.60651505605, 23656.645751456217, 23772.447503915882, 23866.614695503795, 23931.040949653147, 23978.139591656174, 24031.697045990346, 24018.643498965965]}, "7": {"freq": [20.0, 68.00000004249999, 116.00000061625, 164.00000102500002, 212.0000017225, 260.00000121875, 308.00000413875006, 356.00000178, 404.00000404, 452.00000113000004, 500.0, 548.0000054800001, 596.0000018625001, 644.0000128800003, 692.0000309237514, 740.0000127187502, 788.0000398925021, 836.0000428450022, 884.0000005525001, 932.0000393187518, 980.0000367500014, 1028.000071638755], "ampl": [528.9384771554895, 2500.6063618172566, 4811.4585888395495, 6984.62563444319, 8911.966112996844, 10563.88825271971, 11953.695284636167, 13101.325747114372, 14045.804675867255, 14820.40074608481, 15452.391326221905, 15971.18114975897, 16397.844925727117, 16749.07183845785, 17038.420200932687, 17277.522846577645, 17464.51737828067, 17620.377635876543, 17747.466260794034, 17850.07061686314, 17944.978287402246, 17990.9027962248]}, "wireSegments": null, "apaChannels": null, "measuredBy": null, "stage": null, "apaUuid": null, "layer": null, "headboardNum": null, "side": null}