{"0": {"freq": [20.0, 68.00000004249999, 116.00000061625, 164.00000102500002, 212.0000017225, 260.00000121875, 308.00000413875006, 356.00000178, 404.00000404, 452.00000113000004, 500.0, 548.0000054800001, 596.0000018625001, 644.0000128800003, 692.0000309237514, 740.0000127187502, 788.0000398925021, 836.0000428450022, 884.0000005525001, 932.0000393187518, 980.0000367500014, 1028.000071638755], "ampl": [517.649940457428, 2460.9443479676397, 4729.609943353641, 6879.870141769323, 8804.759489680504, 10468.698996942589, 11881.742194218876, 13063.00406155356, 14040.604991022166, 14844.217072397523, 15506.668955123261, 16048.984319037514, 16499.29283380671, 16872.470091964526, 17169.235357449827, 17420.003690957208, 17627.780639033987, 17794.2691691474, 17930.07377214211, 18037.222881462505, 18126.687671139378, 18196.345988317815]}, "1": {"freq": [20.0, 68.00000004249999, 116.00000061625, 164.00000102500002, 212.0000017225, 260.00000121875, 308.00000413875006, 356.00000178, 404.00000404, 452.00000113000004, 500.0, 548.0000054800001, 596.0000018625001, 644.0000128800003, 692.0000309237514, 740.0000127187502, 788.0000398925021, 836.0000428450022, 884.0000005525001, 932.0000393187518, 980.0000367500014, 1028.000071638755], "ampl": [982.7247688675553, 4614.7937788872205, 8504.960001878686, 11844.468246404218, 14536.9031842602, 16641.09134559965, 18270.638945309944, 19527.03153985807, 20494.880984207262, 21242.948441439978, 21826.35372391115, 22285.366211099223, 22644.702719359986, 22933.05392592907, 23145.326110176025, 23316.14460577038, 23451.60098085276, 23548.802365878004, 23622.98725983899, 23674.165739436554, 23708.367838614904, 23726.25220796191]}, "2": {"freq": [20.0, 68.00000004249999, 116.00000061625, 164.00000102500002, 212.0000017225, 260.00000121875, 308.00000413875006, 356.00000178, 404.00000404, 452.00000113000004, 500.0, 548.0000054800001, 596.0000018625001, 644.0000128800003, 692.0000309237514, 740.0000127187502, 788.0000398925021, 836.0000428450022, 884.0000005525001, 932.0000393187518, 980.0000367500014, 1028.000071638755], "ampl": [1003.734785062158, 4706.011979226409, 8670.912154819991, 12069.712993578638, 14813.70769913564, 16951.864888939923, 18606.275960474188, 19879.57206973285, 20858.71898688269, 21617.280737697238, 22204.274510702067, 22663.537932724947, 23025.57852148695, 23312.809002750462, 23524.386468963057, 23694.78430736592, 23829.209704315148, 23926.48166191735, 23997.79363515734, 24049.205026052314, 24080.886341505047, 24098.624378592278]}, "3": {"freq": [20.0, 68.00000004249999, 116.00000061625, 164.00000102500002, 212.0000017225, 260.00000121875, 308.00000413875006, 356.00000178, 404.00000404, 452.00000113000004, 500.0, 548.0000054800001, 596.0000018625001, 644.0000128800003, 692.0000309237514, 740.0000127187502, 788.0000398925021, 836.0000428450022, 884.0000005525001, 932.0000393187518, 980.0000367500014, 1028.000071638755], "ampl": [1000.6971567416017, 4702.877957684127, 8661.882851408658, 12053.297077200048, 14782.708770507734, 16904.01010554825, 18544.659699911288, 19806.876386117077, 20774.981138767012, 21522.40615417453, 22102.352793012797, 22555.718179420655, 22911.957020401638, 23195.21361794505, 23401.8141914299, 23570.248367794793, 23702.19768868094, 23797.419002491974, 23868.01407685184, 23917.643282562512, 23949.288699984907, 23964.193254911337]}, "4": {"freq": [20.0, 68.00000004249999, 116.00000061625, 164.00000102500002, 212.0000017225, 260.00000121875, 308.00000413875006, 356.00000178, 404.00000404, 452.00000113000004, 500.0, 548.0000054800001, 596.0000018625001, 644.0000128800003, 692.0000309237514, 740.0000127187502, 788.0000398925021, 836.0000428450022, 884.0000005525001, 932.0000393187518, 980.0000367500014, 1028.000071638755], "ampl": [540.7919666508345, 2552.0836616642623, 4877.66744132045, 7064.567952289346, 9006.10331804257, 10673.419582985267, 12073.128242608225, 13234.661134875556, 14187.322132562442, 14967.593496955995, 15605.197084623487, 16125.211455514434, 16555.429562460307, 16910.509750727248, 17189.93009515663, 17424.031828581577, 17619.954445148633, 17773.986919020997, 17900.254086237725, 17999.87515241931, 18079.858573885176, 18140.261886116197]}, "5": {"freq": [20.0, 68.00000004249999, 116.00000061625, 164.00000102500002, 212.0000017225, 260.00000121875, 308.00000413875006, 356.00000178, 404.00000404, 452.00000113000004, 500.0, 548.0000054800001, 596.0000018625001, 644.0000128800003, 692.0000309237514, 740.0000127187502, 788.0000398925021, 836.0000428450022, 884.0000005525001, 932.0000393187518, 980.0000367500014, 1028.000071638755], "ampl": [995.2996620142989, 4659.857965367541, 8568.853554035551, 11898.61690933138, 14572.699566942005, 16646.462268936935, 18245.53813275306, 19475.089385988154, 20420.594033026686, 21151.284131052485, 21717.211690909164, 22159.851715898913, 22509.239455739993, 22787.09627804865, 22992.152423784053, 23157.587387337575, 23288.1323822587, 23380.872844697515, 23451.360978688223, 23496.674695605823, 23530.40554758284, 23545.935707392615]}, "6": {"freq": [20.0, 68.00000004249999, 116.00000061625, 164.00000102500002, 212.0000017225, 260.00000121875, 308.00000413875006, 356.00000178, 404.00000404, 452.00000113000004, 500.0, 548.0000054800001, 596.0000018625001, 644.0000128800003, 692.0000309237514, 740.0000127187502, 788.0000398925021, 836.0000428450022, 884.0000005525001, 932.0000393187518, 980.0000367500014, 1028.000071638755], "ampl": [1022.0927627117868, 4771.709843297452, 8756.58058838978, 12139.548844046187, 14842.900271017394, 16927.020250778733, 18525.287850189954, 19750.50319819274, 20684.888650924215, 21402.829062355497, 21959.205823762444, 22391.113526128473, 22728.562747811295, 22998.28055746994, 23192.976097997693, 23351.01529726176, 23474.761648393363, 23560.924989487106, 23625.642345324784, 23667.151746251013, 23695.481358543882, 23709.0238928222]}, "7": {"freq": [20.0, 68.00000004249999, 116.00000061625, 164.00000102500002, 212.0000017225, 260.00000121875, 308.00000413875006, 356.00000178, 404.00000404, 452.00000113000004, 500.0, 548.0000054800001, 596.0000018625001, 644.0000128800003, 692.0000309237514, 740.0000127187502, 788.0000398925021, 836.0000428450022, 884.0000005525001, 932.0000393187518, 980.0000367500014, 1028.000071638755], "ampl": [1000.2959797039698, 4683.937294131183, 8605.921681977657, 11942.915909811189, 14615.869285741046, 16684.61026254782, 18276.01588938116, 19496.181612376287, 20424.627104033985, 21145.5305329947, 21702.15216847869, 22134.698754409616, 22475.504845103413, 22746.890086846284, 22943.654699025712, 23100.823596620492, 23226.914415406856, 23314.14126794585, 23380.85947032922, 23426.99119057413, 23454.414287973654, 23466.53618235777]}, "wireSegments": null, "apaChannels": null, "measuredBy": null, "stage": null, "apaUuid": null, "layer": null, "headboardNum": null, "side": null}