{"scanEndMode": 0, "0": {"freq": [20.0, 68.00000004249999, 116.00000061625, 164.00000102500002, 212.0000017225, 260.00000121875, 308.00000413875006, 356.00000178, 404.00000404, 452.00000113000004, 500.0, 548.0000054800001, 596.0000018625001, 644.0000128800003, 692.0000309237514, 740.0000127187502, 788.0000398925021, 836.0000428450022, 884.0000005525001, 932.0000393187518, 980.0000367500014, 1028.000071638755], "ampl": [86.13671234485078, 487.2602495594574, 943.8308335831546, 1394.43235995767, 1826.7446435995682, 2235.9621106908, 2619.078327214923, 2968.7825728877638, 3292.181900351468, 3583.926374902224, 3848.405443247453, 4088.783038852634, 4304.360372864471, 4500.241022265517, 4667.78956150609, 4822.002138465192, 4958.254799394106, 5078.726980504568, 5181.953430500434, 5276.489661391918, 5358.280038152913, 5434.059154804857]}, "1": {"freq": [20.0, 68.00000004249999, 116.00000061625, 164.00000102500002, 212.0000017225, 260.00000121875, 308.00000413875006, 356.00000178, 404.00000404, 452.00000113000004, 500.0, 548.0000054800001, 596.0000018625001, 644.0000128800003, 692.0000309237514, 740.0000127187502, 788.0000398925021, 836.0000428450022, 884.0000005525001, 932.0000393187518, 980.0000367500014, 1028.000071638755], "ampl": [91.91789506422012, 496.08840313764404, 962.2398686885763, 1424.4852427021458, 1868.3329299070585, 2290.173460572453, 2685.766768636935, 3047.0799242314297, 3383.6497794728293, 3688.2945226974844, 3966.418899931919, 4217.520081241775, 4445.085812829313, 4651.163921652008, 4831.004459532596, 4992.869654687809, 5138.878538857328, 5268.878627273419, 5378.964993163059, 5481.054799762131, 5568.475738912466, 5652.422715826868]}, "2": {"freq": [20.0, 68.00000004249999, 116.00000061625, 164.00000102500002, 212.0000017225, 260.00000121875, 308.00000413875006, 356.00000178, 404.00000404, 452.00000113000004, 500.0, 548.0000054800001, 596.0000018625001, 644.0000128800003, 692.0000309237514, 740.0000127187502, 788.0000398925021, 836.0000428450022, 884.0000005525001, 932.0000393187518, 980.0000367500014, 1028.000071638755], "ampl": [83.88302763437535, 480.35770615652115, 930.7245075411271, 1377.641866639062, 1805.5041949546683, 2209.17425921312, 2586.5105118342167, 2931.2137307290473, 3250.1164895412758, 3537.962882913614, 3798.7706048115588, 4033.6747880433336, 4246.395315055174, 4435.02986783211, 4601.753140964934, 4750.627152709114, 4883.048085251479, 5002.795922056938, 5102.450083975003, 5195.493190232216, 5276.61864963216, 5350.398252480074]}, "3": {"freq": [20.0, 68.00000004249999, 116.00000061625, 164.00000102500002, 212.0000017225, 260.00000121875, 308.00000413875006, 356.00000178, 404.00000404, 452.00000113000004, 500.0, 548.0000054800001, 596.0000018625001, 644.0000128800003, 692.0000309237514, 740.0000127187502, 788.0000398925021, 836.0000428450022, 884.0000005525001, 932.0000393187518, 980.0000367500014, 1028.000071638755], "ampl": [66.51407623120491, 367.6126150122681, 716.3975979778972, 1061.8026271483222, 1394.3653648243867, 1708.4241870130566, 2004.0023036103903, 2277.0136439089238, 2533.3805071296974, 2764.2067793317933, 2973.26690686916, 3162.6389362639716, 3339.469163705296, 3488.9956026033537, 3628.6592679950604, 3750.0079196997285, 3859.149362506277, 3961.6343641831177, 4045.3223826253547, 4126.565495111137, 4193.949167082784, 4256.065005726516]}, "4": {"freq": [20.0, 68.00000004249999, 116.00000061625, 164.00000102500002, 212.0000017225, 260.00000121875, 308.00000413875006, 356.00000178, 404.00000404, 452.00000113000004, 500.0, 548.0000054800001, 596.0000018625001, 644.0000128800003, 692.0000309237514, 740.0000127187502, 788.0000398925021, 836.0000428450022, 884.0000005525001, 932.0000393187518, 980.0000367500014, 1028.000071638755], "ampl": [94.86239232858216, 541.0584648390131, 1046.0252569536867, 1546.4567205512833, 2021.5015207772235, 2471.4632806473783, 2883.8210024407226, 3265.669351766343, 3612.1519667227994, 3926.278703850107, 4209.0483753585895, 4463.811365331314, 4690.254817155146, 4887.232822291156, 5067.6825484162655, 5227.626978901875, 5363.962547031205, 5486.7504996736525, 5590.457073086085, 5688.3385346268, 5769.4156546186705, 5845.988963258631]}, "5": {"freq": [20.0, 68.00000004249999, 116.00000061625, 164.00000102500002, 212.0000017225, 260.00000121875, 308.00000413875006, 356.00000178, 404.00000404, 452.00000113000004, 500.0, 548.0000054800001, 596.0000018625001, 644.0000128800003, 692.0000309237514, 740.0000127187502, 788.0000398925021, 836.0000428450022, 884.0000005525001, 932.0000393187518, 980.0000367500014, 1028.000071638755], "ampl": [74.41962032729006, 401.1314209128204, 777.1117694135194, 1151.6957068997374, 1513.4964620613368, 1856.1636929393865, 2177.471366637843, 2478.694742662958, 2756.225537751406, 3010.9260598761657, 3242.915838342184, 3454.78656155915, 3646.203846930625, 3814.314945525452, 3970.9377604185165, 4109.8792930506925, 4231.866800379695, 4343.612229871644, 4439.585410973954, 4527.574245602179, 4604.096042757671, 4674.713466951694]}, "6": {"freq": [20.0, 68.00000004249999, 116.00000061625, 164.00000102500002, 212.0000017225, 260.00000121875, 308.00000413875006, 356.00000178, 404.00000404, 452.00000113000004, 500.0, 548.0000054800001, 596.0000018625001, 644.0000128800003, 692.0000309237514, 740.0000127187502, 788.0000398925021, 836.0000428450022, 884.0000005525001, 932.0000393187518, 980.0000367500014, 1028.000071638755], "ampl": [86.9303095045003, 488.11975372421335, 944.5946229636991, 1393.7310784492888, 1825.0725220583822, 2229.158400903641, 2602.576316023499, 2944.961035354184, 3253.8248201470533, 3533.690913930303, 3788.662130363865, 4014.2452736521827, 4212.715808890437, 4390.790511247417, 4550.2840999053315, 4693.886719874891, 4816.553749267456, 4921.163523550837, 5014.553672300149, 5099.893097190593, 5171.767417177368, 5238.859592235624]}, "7": {"freq": [20.0, 68.00000004249999, 116.00000061625, 164.00000102500002, 212.0000017225, 260.00000121875, 308.00000413875006, 356.00000178, 404.00000404, 452.00000113000004, 500.0, 548.0000054800001, 596.0000018625001, 644.0000128800003, 692.0000309237514, 740.0000127187502, 788.0000398925021, 836.0000428450022, 884.0000005525001, 932.0000393187518, 980.0000367500014, 1028.000071638755], "ampl": [75.5710047424543, 411.1005339505491, 799.3903128472098, 1186.2626614767205, 1557.0106892131007, 1907.816481104718, 2235.1672935739107, 2540.0048142941087, 2814.916772775221, 3069.3436024373555, 3301.3377164206254, 3508.618605266151, 3694.7832860681483, 3860.2439458268464, 4011.3796092484763, 4148.021510446319, 4265.209975029574, 4368.455972237114, 4461.094993419211, 4544.486562486409, 4616.611801659908, 4683.630583895801]}, "wireSegments": [306, 308, 310, 312, 314, 316, 318, 320], "apaChannels": [306, 308, 310, 312, 314, 316, 318, 320], "measuredBy": "Chris Stanford", "stage": "Installation (Top)", "apaUuid": "43cd3950-268d-11ec-b6f5-a70e70a44436", "layer": "X", "headboardNum": "7", "side": "A"}