{"scanEndMode": 0, "0": {"freq": [20.0, 68.00000004249999, 116.00000061625, 164.00000102500002, 212.0000017225, 260.00000121875, 308.00000413875006, 356.00000178, 404.00000404, 452.00000113000004, 500.0, 548.0000054800001, 596.0000018625001, 644.0000128800003, 692.0000309237514, 740.0000127187502, 788.0000398925021, 836.0000428450022, 884.0000005525001, 932.0000393187518, 980.0000367500014, 1028.000071638755], "ampl": [79.16439201783999, 430.5544906876294, 835.2398724656699, 1234.4298561295511, 1618.5942846682085, 1982.1178441584134, 2321.2524096763846, 2635.389621094079, 2923.074084775582, 3182.717294938348, 3422.0937530430087, 3637.8638974266787, 3832.4861385364393, 4004.8317474384417, 4162.087197020899, 4300.548587974367, 4421.95389411374, 4531.717817478588, 4627.209556915372, 4710.316038699762, 4786.844839692001, 4847.218372955295]}, "1": {"freq": [20.0, 68.00000004249999, 116.00000061625, 164.00000102500002, 212.0000017225, 260.00000121875, 308.00000413875006, 356.00000178, 404.00000404, 452.00000113000004, 500.0, 548.0000054800001, 596.0000018625001, 644.0000128800003, 692.0000309237514, 740.0000127187502, 788.0000398925021, 836.0000428450022, 884.0000005525001, 932.0000393187518, 980.0000367500014, 1028.000071638755], "ampl": [73.80397388432415, 411.9966444834867, 795.0820308922378, 1175.4798387016212, 1538.9181618000323, 1881.1180095868467, 2201.565843905814, 2495.0771710187087, 2764.5072832244246, 3010.509755928627, 3229.8828659882574, 3431.402231977685, 3609.668135289863, 3769.4651774258095, 3911.7807950157803, 4038.155304511051, 4151.706010072119, 4250.6627287193505, 4340.148687056876, 4415.721110461619, 4484.06061454951, 4541.014655749363]}, "2": {"freq": [20.0, 68.00000004249999, 116.00000061625, 164.00000102500002, 212.0000017225, 260.00000121875, 308.00000413875006, 356.00000178, 404.00000404, 452.00000113000004, 500.0, 548.0000054800001, 596.0000018625001, 644.0000128800003, 692.0000309237514, 740.0000127187502, 788.0000398925021, 836.0000428450022, 884.0000005525001, 932.0000393187518, 980.0000367500014, 1028.000071638755], "ampl": [83.01691622735662, 453.9187637024661, 883.1922948722762, 1307.6837222372917, 1716.9085433834769, 2102.402399727999, 2464.032844170822, 2799.299861510394, 3107.0754553528404, 3386.002694134778, 3640.402053221343, 3871.892376105557, 4080.528700968395, 4266.8392931560975, 4434.132796323034, 4580.528450052862, 4714.077954648209, 4830.378349360781, 4934.6485027158415, 5025.15485318224, 5105.113701269887, 5170.001084245703]}, "3": {"freq": [20.0, 68.00000004249999, 116.00000061625, 164.00000102500002, 212.0000017225, 260.00000121875, 308.00000413875006, 356.00000178, 404.00000404, 452.00000113000004, 500.0, 548.0000054800001, 596.0000018625001, 644.0000128800003, 692.0000309237514, 740.0000127187502, 788.0000398925021, 836.0000428450022, 884.0000005525001, 932.0000393187518, 980.0000367500014, 1028.000071638755], "ampl": [90.79714670278418, 510.55523738996703, 988.6816045732812, 1459.5764560056111, 1908.9826318235193, 2332.2208180524503, 2724.781252931993, 3085.5110114782024, 3414.607486095318, 3712.4013983162836, 3979.5291765195434, 4222.824643663358, 4440.122485510315, 4631.5759930211425, 4803.672055945448, 4953.0948863274725, 5088.898648415233, 5205.174936191867, 5309.175003677727, 5399.81675360464, 5479.798324267013, 5542.7965636048]}, "4": {"freq": [20.0, 68.00000004249999, 116.00000061625, 164.00000102500002, 212.0000017225, 260.00000121875, 308.00000413875006, 356.00000178, 404.00000404, 452.00000113000004, 500.0, 548.0000054800001, 596.0000018625001, 644.0000128800003, 692.0000309237514, 740.0000127187502, 788.0000398925021, 836.0000428450022, 884.0000005525001, 932.0000393187518, 980.0000367500014, 1028.000071638755], "ampl": [90.61497173716366, 492.1621559695139, 953.743540666308, 1411.5620269054164, 1847.6237196364898, 2257.122765649689, 2640.0150642284175, 2990.746883890374, 3312.317533407424, 3600.9453296800148, 3860.717051123743, 4097.808560596668, 4309.944763287592, 4495.940927573017, 4663.130120470184, 4809.212095581817, 4940.587699410957, 5053.725122688377, 5155.337110677431, 5243.384043411067, 5320.792991367516, 5386.020906260882]}, "5": {"freq": [20.0, 68.00000004249999, 116.00000061625, 164.00000102500002, 212.0000017225, 260.00000121875, 308.00000413875006, 356.00000178, 404.00000404, 452.00000113000004, 500.0, 548.0000054800001, 596.0000018625001, 644.0000128800003, 692.0000309237514, 740.0000127187502, 788.0000398925021, 836.0000428450022, 884.0000005525001, 932.0000393187518, 980.0000367500014, 1028.000071638755], "ampl": [80.73121379930558, 442.6202599571982, 857.4338986603221, 1265.6065971442895, 1656.5447221245881, 2027.3709276195461, 2370.002965764669, 2686.9267080882514, 2977.4588904588372, 3236.35351641597, 3473.4982327789194, 3686.278191835247, 3877.385244687725, 4047.171619398464, 4200.211470993554, 4332.61260515339, 4452.989213976255, 4556.0788848251, 4648.886867461627, 4728.356313764738, 4799.666299104128, 4858.066164041859]}, "6": {"freq": [20.0, 68.00000004249999, 116.00000061625, 164.00000102500002, 212.0000017225, 260.00000121875, 308.00000413875006, 356.00000178, 404.00000404, 452.00000113000004, 500.0, 548.0000054800001, 596.0000018625001, 644.0000128800003, 692.0000309237514, 740.0000127187502, 788.0000398925021, 836.0000428450022, 884.0000005525001, 932.0000393187518, 980.0000367500014, 1028.000071638755], "ampl": [83.41466570015365, 449.8370650171329, 875.129501580035, 1295.928796417216, 1695.6747661678264, 2072.368001988493, 2424.7307434383133, 2747.313119605676, 3042.802812716944, 3305.4561034230933, 3545.261447579848, 3762.0352975348233, 3955.5482906437846, 4125.708579130633, 4278.532879384758, 4412.069531364173, 4533.173615066954, 4636.937072157213, 4729.5994039467005, 4808.871589164963, 4880.465278712125, 4938.8165270655]}, "7": {"freq": [20.0, 68.00000004249999, 116.00000061625, 164.00000102500002, 212.0000017225, 260.00000121875, 308.00000413875006, 356.00000178, 404.00000404, 452.00000113000004, 500.0, 548.0000054800001, 596.0000018625001, 644.0000128800003, 692.0000309237514, 740.0000127187502, 788.0000398925021, 836.0000428450022, 884.0000005525001, 932.0000393187518, 980.0000367500014, 1028.000071638755], "ampl": [77.46703696760963, 432.4712739752855, 840.2080686456211, 1241.4222859468427, 1624.3955505387378, 1983.6807484162368, 2316.7846721834567, 2621.522361521668, 2900.2818814784637, 3148.795220145222, 3373.1360481156084, 3575.002220496853, 3752.149892612701, 3911.1804349410686, 4050.169850146357, 4175.144900193832, 4285.352665885792, 4381.477197346729, 4466.356580105355, 4540.0529837977165, 4603.999856841861, 4659.9805977218875]}, "wireSegments": [65, 67, 69, 71, 73, 75, 77, 79], "apaChannels": [65, 67, 69, 71, 73, 75, 77, 79], "measuredBy": "Chris Stanford", "stage": "Installation (Top)", "apaUuid": "43cd3950-268d-11ec-b6f5-a70e70a44436", "layer": "X", "headboardNum": "2", "side": "B"}