{"scanEndMode": 0, "0": {"freq": [], "ampl": []}, "1": {"freq": [], "ampl": []}, "2": {"freq": [], "ampl": []}, "3": {"freq": [], "ampl": []}, "4": {"freq": [20.0, 68.00000004249999, 116.00000061625, 164.00000102500002, 212.0000017225, 260.00000121875, 308.00000413875006, 356.00000178, 404.00000404, 452.00000113000004, 500.0, 548.0000054800001, 596.0000018625001, 644.0000128800003, 692.0000309237514, 740.0000127187502, 788.0000398925021, 836.0000428450022, 884.0000005525001, 932.0000393187518, 980.0000367500014, 1028.000071638755], "ampl": [101.91591144612048, 562.5588737052141, 1085.7492053507685, 1599.3789223423141, 2085.2579207504514, 2537.907894251568, 2950.5306591749923, 3325.685949592322, 3660.741308884874, 3953.119113997861, 4218.831647553923, 4455.3335069198765, 4662.1006119292815, 4842.153608623872, 4993.259525585193, 5129.686759687882, 5249.726169837702, 5356.819355091001, 5446.069549703911, 5527.555054905822, 5587.773826992751, 5645.823548158205]}, "5": {"freq": [20.0, 68.00000004249999, 116.00000061625, 164.00000102500002, 212.0000017225, 260.00000121875, 308.00000413875006, 356.00000178, 404.00000404, 452.00000113000004, 500.0, 548.0000054800001, 596.0000018625001, 644.0000128800003, 692.0000309237514, 740.0000127187502, 788.0000398925021, 836.0000428450022, 884.0000005525001, 932.0000393187518, 980.0000367500014, 1028.000071638755], "ampl": [114.64640783018032, 594.352898582864, 1154.172818249453, 1700.580546543148, 2221.310493264847, 2708.3880937895856, 3155.974895806834, 3563.4235396501103, 3932.253940109477, 4256.782587385014, 4551.120451753965, 4814.973897853388, 5047.457292055131, 5250.3505927779615, 5421.931921953729, 5576.479465064796, 5714.258406170105, 5837.363952772477, 5941.960520737424, 6034.96858619034, 6104.6470192208435, 6173.434531208449]}, "6": {"freq": [20.0, 68.00000004249999, 116.00000061625, 164.00000102500002, 212.0000017225, 260.00000121875, 308.00000413875006, 356.00000178, 404.00000404, 452.00000113000004, 500.0, 548.0000054800001, 596.0000018625001, 644.0000128800003, 692.0000309237514, 740.0000127187502, 788.0000398925021, 836.0000428450022, 884.0000005525001, 932.0000393187518, 980.0000367500014, 1028.000071638755], "ampl": [101.96911448701286, 559.1820237732524, 1083.4689052884892, 1594.7820301060872, 2078.8789341323695, 2529.2015293691643, 2940.8341476105725, 3311.9636150604006, 3646.2127251648344, 3935.015795822957, 4198.226067421104, 4431.705898719025, 4635.920282963886, 4813.670998035972, 4963.0324807549205, 5096.844337118427, 5215.887561872985, 5319.4055695333245, 5409.437417130079, 5487.646179880791, 5546.989707185583, 5603.394104468988]}, "7": {"freq": [20.0, 68.00000004249999, 116.00000061625, 164.00000102500002, 212.0000017225, 260.00000121875, 308.00000413875006, 356.00000178, 404.00000404, 452.00000113000004, 500.0, 548.0000054800001, 596.0000018625001, 644.0000128800003, 692.0000309237514, 740.0000127187502, 788.0000398925021, 836.0000428450022, 884.0000005525001, 932.0000393187518, 980.0000367500014, 1028.000071638755], "ampl": [105.52783549440434, 560.7464289213098, 1087.603254944711, 1603.6159131282907, 2094.390617455816, 2549.693338441735, 2967.9671168905447, 3345.905738258519, 3685.1112296240535, 3981.774415657313, 4250.926402877485, 4488.83896145476, 4700.042776427115, 4881.654149241738, 5037.416945583773, 5174.779990015349, 5296.849127055056, 5405.211500742684, 5495.913087057865, 5578.187941488542, 5640.315194164897, 5700.796526404706]}, "wireSegments": [353, 355, 357, 359, 753, 755, 757, 759], "apaChannels": [null, null, null, null, 359, 357, 355, 353], "measuredBy": "Chris Stanford", "stage": "Installation (Top)", "apaUuid": "43cd3950-268d-11ec-b6f5-a70e70a44436", "layer": "U", "headboardNum": "2", "side": "B"}