{"scanEndMode": 0, "0": {"freq": [20.0, 68.00000004249999, 116.00000061625, 164.00000102500002, 212.0000017225, 260.00000121875, 308.00000413875006, 356.00000178, 404.00000404, 452.00000113000004, 500.0, 548.0000054800001, 596.0000018625001, 644.0000128800003, 692.0000309237514, 740.0000127187502, 788.0000398925021, 836.0000428450022, 884.0000005525001, 932.0000393187518, 980.0000367500014, 1028.000071638755], "ampl": [107.51406435460565, 573.344225786481, 1103.1968809315017, 1620.3571264563127, 2113.5086129412034, 2574.126372869751, 2994.4638511967264, 3376.732970138157, 3719.8694897032938, 4030.255305026125, 4304.666850723958, 4546.536597563705, 4760.556189921589, 4949.984840805875, 5115.345905757713, 5261.448929762416, 5386.815855342592, 5500.576651999139, 5594.998148554243, 5677.642497347101, 5750.180708221941, 5809.912972094877]}, "1": {"freq": [20.0, 68.00000004249999, 116.00000061625, 164.00000102500002, 212.0000017225, 260.00000121875, 308.00000413875006, 356.00000178, 404.00000404, 452.00000113000004, 500.0, 548.0000054800001, 596.0000018625001, 644.0000128800003, 692.0000309237514, 740.0000127187502, 788.0000398925021, 836.0000428450022, 884.0000005525001, 932.0000393187518, 980.0000367500014, 1028.000071638755], "ampl": [107.964827968754, 559.5475600419587, 1081.1592920337275, 1587.1925404251247, 2072.6672678957507, 2524.582317315515, 2940.6424681178632, 3320.0407365894557, 3660.935117428789, 3968.98936697433, 4243.232105497013, 4485.983004293073, 4703.433231979565, 4893.62663787594, 5060.498196879825, 5208.488376234361, 5336.919014793044, 5452.851546771865, 5549.98757146896, 5635.443352589956, 5709.2583362369305, 5771.21474253343]}, "2": {"freq": [20.0, 68.00000004249999, 116.00000061625, 164.00000102500002, 212.0000017225, 260.00000121875, 308.00000413875006, 356.00000178, 404.00000404, 452.00000113000004, 500.0, 548.0000054800001, 596.0000018625001, 644.0000128800003, 692.0000309237514, 740.0000127187502, 788.0000398925021, 836.0000428450022, 884.0000005525001, 932.0000393187518, 980.0000367500014, 1028.000071638755], "ampl": [109.76923291914656, 591.8148144317224, 1137.166345284824, 1669.6406763138068, 2173.0188739504674, 2643.0035429404534, 3072.1108716755534, 3460.060940710743, 3808.615019803867, 4120.6183578005985, 4394.90503028249, 4638.034538038715, 4851.836706438548, 5041.062659822372, 5206.172617496021, 5348.444267692987, 5474.801717059874, 5587.470138523892, 5680.1973170582, 5762.253575556178, 5831.850634433046, 5892.579746076111]}, "3": {"freq": [20.0, 68.00000004249999, 116.00000061625, 164.00000102500002, 212.0000017225, 260.00000121875, 308.00000413875006, 356.00000178, 404.00000404, 452.00000113000004, 500.0, 548.0000054800001, 596.0000018625001, 644.0000128800003, 692.0000309237514, 740.0000127187502, 788.0000398925021, 836.0000428450022, 884.0000005525001, 932.0000393187518, 980.0000367500014, 1028.000071638755], "ampl": [108.03923698349473, 569.2209714981665, 1100.7588671490068, 1619.0939907754412, 2115.2924360265506, 2576.3133358173573, 3001.2791564799018, 3388.6337629342056, 3736.8670847103513, 4049.736128270948, 4325.246254692728, 4573.490505272601, 4791.711212098171, 4984.827754737827, 5155.670973010839, 5303.187875356171, 5433.403610020774, 5546.373809630681, 5645.041701992518, 5731.9117118078175, 5804.589171480133, 5869.209966840409]}, "4": {"freq": [20.0, 68.00000004249999, 116.00000061625, 164.00000102500002, 212.0000017225, 260.00000121875, 308.00000413875006, 356.00000178, 404.00000404, 452.00000113000004, 500.0, 548.0000054800001, 596.0000018625001, 644.0000128800003, 692.0000309237514, 740.0000127187502, 788.0000398925021, 836.0000428450022, 884.0000005525001, 932.0000393187518, 980.0000367500014, 1028.000071638755], "ampl": [116.99487152825454, 634.7839674136638, 1213.200379720718, 1777.6451366733393, 2310.8348239859492, 2805.30368747835, 3252.786796276072, 3655.2369992446256, 4014.310542638283, 4334.286390200744, 4614.746152894741, 4859.3493948263995, 5074.116847448813, 5262.857356814101, 5424.814894192263, 5567.562851509406, 5690.603201105432, 5800.350300353057, 5890.635884197929, 5968.853238520982, 6037.451917365537, 6092.794629181674]}, "5": {"freq": [20.0, 68.00000004249999, 116.00000061625, 164.00000102500002, 212.0000017225, 260.00000121875, 308.00000413875006, 356.00000178, 404.00000404, 452.00000113000004, 500.0, 548.0000054800001, 596.0000018625001, 644.0000128800003, 692.0000309237514, 740.0000127187502, 788.0000398925021, 836.0000428450022, 884.0000005525001, 932.0000393187518, 980.0000367500014, 1028.000071638755], "ampl": [127.53928407675731, 651.370810466334, 1249.9980598636423, 1833.6865786397898, 2391.457916984499, 2906.9338964814237, 3376.3804594097046, 3801.812119495739, 4182.589855899028, 4522.299215772529, 4822.86185856861, 5085.390264430878, 5315.523318868378, 5520.849479150141, 5698.563064802385, 5851.430130587421, 5984.841145086421, 6106.983231369779, 6204.812454460637, 6291.348797593602, 6366.912515230324, 6430.450944005491]}, "6": {"freq": [20.0, 68.00000004249999, 116.00000061625, 164.00000102500002, 212.0000017225, 260.00000121875, 308.00000413875006, 356.00000178, 404.00000404, 452.00000113000004, 500.0, 548.0000054800001, 596.0000018625001, 644.0000128800003, 692.0000309237514, 740.0000127187502, 788.0000398925021, 836.0000428450022, 884.0000005525001, 932.0000393187518, 980.0000367500014, 1028.000071638755], "ampl": [121.14664636260746, 650.3065993242192, 1247.1934575125172, 1826.1601489476839, 2370.9087232462625, 2870.183660111872, 3320.62371807526, 3721.367202219789, 4075.587470721356, 4389.925435109698, 4662.176464452742, 4896.996543746794, 5102.056461298422, 5282.848425153809, 5434.369880224741, 5568.141720455724, 5681.64472836527, 5783.131506940563, 5866.072012594842, 5936.813607277336, 6000.189554352965, 6049.232591652637]}, "7": {"freq": [20.0, 68.00000004249999, 116.00000061625, 164.00000102500002, 212.0000017225, 260.00000121875, 308.00000413875006, 356.00000178, 404.00000404, 452.00000113000004, 500.0, 548.0000054800001, 596.0000018625001, 644.0000128800003, 692.0000309237514, 740.0000127187502, 788.0000398925021, 836.0000428450022, 884.0000005525001, 932.0000393187518, 980.0000367500014, 1028.000071638755], "ampl": [10.616354816738074, 61.29392532091049, 119.2458180350582, 174.7614596246396, 232.18164078655346, 289.09403188060776, 345.1581900701846, 398.7914215800702, 451.4530719397824, 502.44607488533126, 550.5923724757827, 596.3143478082085, 642.8160569445963, 686.3567618042989, 727.4237934488456, 764.5830727039839, 801.7860638082348, 836.5496819607355, 869.7938726376052, 898.8468977116819, 926.5595394051991, 953.3631088424174]}, "wireSegments": [337, 339, 341, 343, 345, 347, 349, 351, 737, 739, 741, 743, 745, 747, 749, 751, 1137, 1139, 1141, 1143, 1145, 1147, 1149, 1151], "apaChannels": [351, 349, 347, 345, 343, 341, 339, 337], "measuredBy": "Chris Stanford", "stage": "Installation (Top)", "apaUuid": "43cd3950-268d-11ec-b6f5-a70e70a44436", "layer": "U", "headboardNum": "2", "side": "B"}