{"scanEndMode": 0, "0": {"freq": [100.0, 150.0000005859375, 200.0, 250.0, 300.0000046875001, 350.0000054687501, 400.0, 450.0000070312501, 500.0, 550.0000064453126, 600.0000093750002, 650.0000228515634, 700.0000109375002, 750.0000292968762, 800.0, 850.0000298828136, 900.0000140625002, 950.0000148437501, 1000.0], "ampl": [5251.864774420653, 7620.29936158749, 9607.675470414677, 11230.511768793604, 12544.23833919946, 13583.420613974378, 14415.251958889874, 15068.82918800659, 15592.578133767467, 16007.642187850053, 16337.666791206262, 16600.900214095076, 16808.466306896455, 16973.230520983478, 17107.199538617228, 17206.27522768454, 17287.259819592273, 17349.473593980587, 17394.846271015675]}, "1": {"freq": [100.0, 150.0000005859375, 200.0, 250.0, 300.0000046875001, 350.0000054687501, 400.0, 450.0000070312501, 500.0, 550.0000064453126, 600.0000093750002, 650.0000228515634, 700.0000109375002, 750.0000292968762, 800.0, 850.0000298828136, 900.0000140625002, 950.0000148437501, 1000.0], "ampl": [4888.161367923144, 7131.95122143755, 9044.037807125853, 10633.443661774745, 11938.739613124497, 12987.208461839424, 13838.197786805094, 14513.060325191835, 15060.243283814185, 15497.768202623362, 15849.159372380853, 16133.211604518025, 16356.754412673283, 16541.481824249215, 16685.8232044297, 16798.815219964687, 16890.676337189325, 16962.829505509824, 17015.836372403322]}, "2": {"freq": [100.0, 150.0000005859375, 200.0, 250.0, 300.0000046875001, 350.0000054687501, 400.0, 450.0000070312501, 500.0, 550.0000064453126, 600.0000093750002, 650.0000228515634, 700.0000109375002, 750.0000292968762, 800.0, 850.0000298828136, 900.0000140625002, 950.0000148437501, 1000.0], "ampl": [5280.289058673848, 7652.771027076334, 9638.931675429358, 11254.486482880371, 12556.033475795353, 13582.81758240079, 14403.27552148426, 15042.351006780991, 15556.60324070109, 15961.421613523518, 16285.354504836796, 16542.20618629557, 16742.92117466786, 16904.703908661526, 17030.43829312073, 17125.947156197348, 17204.58769233214, 17263.752943856198, 17305.594435388393]}, "3": {"freq": [100.0, 150.0000005859375, 200.0, 250.0, 300.0000046875001, 350.0000054687501, 400.0, 450.0000070312501, 500.0, 550.0000064453126, 600.0000093750002, 650.0000228515634, 700.0000109375002, 750.0000292968762, 800.0, 850.0000298828136, 900.0000140625002, 950.0000148437501, 1000.0], "ampl": [4883.889213392045, 7125.063757893792, 9038.579730570598, 10627.265086387064, 11934.103742964127, 12983.644933263027, 13834.694992079714, 14511.411501183758, 15058.109723289464, 15496.638095370994, 15849.55121775366, 16131.626941724744, 16357.305594348385, 16541.572731181295, 16686.666512106392, 16799.10244136034, 16890.598625371596, 16963.216315049325, 17020.63889936474]}, "4": {"freq": [100.0, 150.0000005859375, 200.0, 250.0, 300.0000046875001, 350.0000054687501, 400.0, 450.0000070312501, 500.0, 550.0000064453126, 600.0000093750002, 650.0000228515634, 700.0000109375002, 750.0000292968762, 800.0, 850.0000298828136, 900.0000140625002, 950.0000148437501, 1000.0], "ampl": [5316.139137488146, 7682.527165071155, 9645.516544156015, 11232.322740690373, 12499.09425871876, 13490.57076097645, 14277.139939027, 14889.22903188856, 15375.698598576952, 15758.02412174067, 16061.57800317115, 16302.706190082277, 16488.18166171173, 16639.37093413482, 16755.154856097924, 16841.946292471905, 16912.695477661528, 16966.00183088237, 17004.164938637165]}, "5": {"freq": [100.0, 150.0000005859375, 200.0, 250.0, 300.0000046875001, 350.0000054687501, 400.0, 450.0000070312501, 500.0, 550.0000064453126, 600.0000093750002, 650.0000228515634, 700.0000109375002, 750.0000292968762, 800.0, 850.0000298828136, 900.0000140625002, 950.0000148437501, 1000.0], "ampl": [4918.855789605938, 7161.3872263361345, 9064.020111318661, 10634.982613619039, 11919.401586889198, 12944.962449524008, 13773.086768808365, 14426.856415746179, 14954.737257534669, 15376.547612475895, 15713.594221978528, 15983.665155964522, 16197.272427102018, 16370.96363748977, 16509.31256586559, 16613.16194444295, 16699.29538193722, 16767.124234058927, 16816.7133655092]}, "6": {"freq": [100.0, 150.0000005859375, 200.0, 250.0, 300.0000046875001, 350.0000054687501, 400.0, 450.0000070312501, 500.0, 550.0000064453126, 600.0000093750002, 650.0000228515634, 700.0000109375002, 750.0000292968762, 800.0, 850.0000298828136, 900.0000140625002, 950.0000148437501, 1000.0], "ampl": [5315.015848560957, 7665.736366922849, 9610.269670635676, 11169.246846916998, 12409.91366111096, 13376.88580816777, 14141.906893601172, 14732.458546343865, 15200.303382925507, 15567.59117996751, 15858.493417491823, 16088.21613743509, 16265.787948795114, 16408.445577018203, 16518.10131546734, 16600.138119775595, 16665.30408875209, 16715.289821162805, 16747.739895153663]}, "7": {"freq": [100.0, 150.0000005859375, 200.0, 250.0, 300.0000046875001, 350.0000054687501, 400.0, 450.0000070312501, 500.0, 550.0000064453126, 600.0000093750002, 650.0000228515634, 700.0000109375002, 750.0000292968762, 800.0, 850.0000298828136, 900.0000140625002, 950.0000148437501, 1000.0], "ampl": [4855.171494240432, 7067.638290787957, 8941.639509823352, 10487.617472129054, 11745.958699976507, 12749.5347889715, 13560.516666168283, 14199.673955351143, 14714.0139072376, 15121.292563740186, 15450.266485864071, 15711.182358427373, 15920.402329492856, 16087.884163794275, 16220.94936010668, 16322.877450674161, 16406.057984726278, 16470.400727933073, 16520.265647685155]}, "wireSegments": [17, 19, 21, 23, 25, 27, 29, 31, 417, 419, 421, 423, 425, 427, 429, 431, 817, 819, 821, 823, 825, 827, 829, 831], "apaChannels": [31, 29, 27, 25, 23, 21, 19, 17], "measuredBy": "", "stage": "DWA Development", "apaUuid": "continuity150-12", "layer": "V", "headboardNum": "1", "side": "A"}