{"scanEndMode": 0, "0": {"freq": [20.0, 68.00000004249999, 116.00000061625, 164.00000102500002, 212.0000017225, 260.00000121875, 308.00000413875006, 356.00000178, 404.00000404, 452.00000113000004, 500.0, 548.0000054800001, 596.0000018625001, 644.0000128800003, 692.0000309237514, 740.0000127187502, 788.0000398925021, 836.0000428450022, 884.0000005525001, 932.0000393187518, 980.0000367500014, 1028.000071638755], "ampl": [137.15387902100127, 709.8182314177985, 1363.5169230027877, 1999.3361192443156, 2594.4139064735396, 3139.9826784444317, 3632.26219053932, 4071.6701165770883, 4461.287254509053, 4799.553062423018, 5096.482896556482, 5353.220218746666, 5577.34913571583, 5770.217317470805, 5934.96426138524, 6080.436536133889, 6204.457786337893, 6310.677213481022, 6400.618458978792, 6475.691892142749, 6543.083766826088, 6602.093602823826]}, "1": {"freq": [20.0, 68.00000004249999, 116.00000061625, 164.00000102500002, 212.0000017225, 260.00000121875, 308.00000413875006, 356.00000178, 404.00000404, 452.00000113000004, 500.0, 548.0000054800001, 596.0000018625001, 644.0000128800003, 692.0000309237514, 740.0000127187502, 788.0000398925021, 836.0000428450022, 884.0000005525001, 932.0000393187518, 980.0000367500014, 1028.000071638755], "ampl": [128.71098892982727, 685.2537988764896, 1314.8145422167495, 1920.347548692, 2488.404553731997, 3008.0270162128218, 3473.508344794581, 3888.2810893859346, 4253.8735282863545, 4572.2975586499515, 4849.3376965757, 5090.111222208121, 5299.128829041428, 5477.062208110332, 5628.489214129898, 5764.226701942499, 5877.136088615572, 5975.584357831124, 6057.976851680681, 6127.325921207055, 6188.399922964937, 6243.770607055869]}, "2": {"freq": [20.0, 68.00000004249999, 116.00000061625, 164.00000102500002, 212.0000017225, 260.00000121875, 308.00000413875006, 356.00000178, 404.00000404, 452.00000113000004, 500.0, 548.0000054800001, 596.0000018625001, 644.0000128800003, 692.0000309237514, 740.0000127187502, 788.0000398925021, 836.0000428450022, 884.0000005525001, 932.0000393187518, 980.0000367500014, 1028.000071638755], "ampl": [127.36264504310608, 656.2835088570176, 1259.021454285286, 1847.1865184300495, 2397.9276765659533, 2904.265759800517, 3359.9320827261113, 3767.1911336787393, 4128.122988780641, 4443.830453122643, 4719.861700310569, 4959.717475962184, 5167.640978999981, 5347.3156011545025, 5501.576765564209, 5636.925555136266, 5753.130234840502, 5851.348314107753, 5936.304008373685, 6007.367037213136, 6069.798837376404, 6126.543070783592]}, "3": {"freq": [20.0, 68.00000004249999, 116.00000061625, 164.00000102500002, 212.0000017225, 260.00000121875, 308.00000413875006, 356.00000178, 404.00000404, 452.00000113000004, 500.0, 548.0000054800001, 596.0000018625001, 644.0000128800003, 692.0000309237514, 740.0000127187502, 788.0000398925021, 836.0000428450022, 884.0000005525001, 932.0000393187518, 980.0000367500014, 1028.000071638755], "ampl": [134.89283481623414, 723.3825886924229, 1388.4197240372132, 2027.6934796058524, 2625.3003522285067, 3168.0076095964014, 3653.302643532116, 4083.1590031376277, 4461.446656547226, 4788.46531390338, 5073.329373414292, 5318.1641061053715, 5530.463227863353, 5713.952036808982, 5867.62463651681, 6003.5993782818405, 6118.2934012615115, 6216.689181047032, 6299.50826715775, 6369.671851070882, 6430.237379632696, 6485.8907420153155]}, "4": {"freq": [20.0, 68.00000004249999, 116.00000061625, 164.00000102500002, 212.0000017225, 260.00000121875, 308.00000413875006, 356.00000178, 404.00000404, 452.00000113000004, 500.0, 548.0000054800001, 596.0000018625001, 644.0000128800003, 692.0000309237514, 740.0000127187502, 788.0000398925021, 836.0000428450022, 884.0000005525001, 932.0000393187518, 980.0000367500014, 1028.000071638755], "ampl": [138.4856750533621, 716.0471033376789, 1372.2986645416206, 2005.9246382875406, 2599.2556814171644, 3142.3299546833973, 3630.0988551723203, 4063.79713893234, 4447.916809721177, 4781.286537688544, 5069.665758293661, 5322.6561907551895, 5540.774764874375, 5727.959175539158, 5888.128409529689, 6027.854007491743, 6148.077222658026, 6249.769742301942, 6335.8418802366805, 6409.064808685745, 6472.459922094383, 6529.46147681444]}, "5": {"freq": [20.0, 68.00000004249999, 116.00000061625, 164.00000102500002, 212.0000017225, 260.00000121875, 308.00000413875006, 356.00000178, 404.00000404, 452.00000113000004, 500.0, 548.0000054800001, 596.0000018625001, 644.0000128800003, 692.0000309237514, 740.0000127187502, 788.0000398925021, 836.0000428450022, 884.0000005525001, 932.0000393187518, 980.0000367500014, 1028.000071638755], "ampl": [144.30879844107753, 741.6106953228601, 1422.6143469394588, 2079.225716744552, 2691.2491702141397, 3250.8205662791247, 3751.6000656608244, 4195.978066516707, 4586.603883716367, 4926.912173861219, 5221.232144045948, 5476.887303412964, 5696.239577310992, 5885.1271308026735, 6047.588542315093, 6186.960562693917, 6306.438530086293, 6409.163911148847, 6497.101030788598, 6567.907384747402, 6632.041202155893, 6689.085866496795]}, "6": {"freq": [20.0, 68.00000004249999, 116.00000061625, 164.00000102500002, 212.0000017225, 260.00000121875, 308.00000413875006, 356.00000178, 404.00000404, 452.00000113000004, 500.0, 548.0000054800001, 596.0000018625001, 644.0000128800003, 692.0000309237514, 740.0000127187502, 788.0000398925021, 836.0000428450022, 884.0000005525001, 932.0000393187518, 980.0000367500014, 1028.000071638755], "ampl": [136.74326787985473, 711.6831161774631, 1365.2712472615742, 1996.4868786785328, 2588.151865627661, 3126.9818398178954, 3610.017081424671, 4040.4419934170587, 4418.304960843389, 4747.856599098707, 5031.675965803249, 5277.94239049118, 5491.615187657354, 5675.798106170716, 5831.7511983262175, 5967.191071445514, 6084.170365029743, 6182.398960949027, 6265.693255187115, 6336.163558626852, 6396.954291523552, 6453.6609513473195]}, "7": {"freq": [20.0, 68.00000004249999, 116.00000061625, 164.00000102500002, 212.0000017225, 260.00000121875, 308.00000413875006, 356.00000178, 404.00000404, 452.00000113000004, 500.0, 548.0000054800001, 596.0000018625001, 644.0000128800003, 692.0000309237514, 740.0000127187502, 788.0000398925021, 836.0000428450022, 884.0000005525001, 932.0000393187518, 980.0000367500014, 1028.000071638755], "ampl": [147.5810531316161, 767.485274018659, 1467.0231486994323, 2139.593301067612, 2759.7905961941656, 3319.0900095106963, 3815.532744786008, 4250.486607771133, 4628.579097378906, 4953.537701380263, 5232.857039225892, 5471.6535393030135, 5676.716111166178, 5852.4155264007695, 5999.042502141264, 6125.832677472136, 6232.199463468069, 6323.87149379185, 6401.405224418402, 6465.279291092448, 6518.92259665117, 6570.06868670028]}, "wireSegments": [257, 259, 261, 263, 265, 267, 269, 271, 657, 659, 661, 663, 665, 667, 669, 671, 1057, 1059, 1061, 1063, 1065, 1067, 1069, 1071], "apaChannels": [257, 259, 261, 263, 265, 267, 269, 271], "measuredBy": "Chris Stanford", "stage": "Installation (Top)", "apaUuid": "43cd3950-268d-11ec-b6f5-a70e70a44436", "layer": "V", "headboardNum": "7", "side": "A"}