{"scanEndMode": 0, "0": {"freq": [20.0, 68.00000004249999, 116.00000061625, 164.00000102500002, 212.0000017225, 260.00000121875, 308.00000413875006, 356.00000178, 404.00000404, 452.00000113000004, 500.0, 548.0000054800001, 596.0000018625001, 644.0000128800003, 692.0000309237514, 740.0000127187502, 788.0000398925021, 836.0000428450022, 884.0000005525001, 932.0000393187518, 980.0000367500014, 1028.000071638755], "ampl": [76.14694137642671, 407.1933222917381, 789.5653878917412, 1165.9914258175675, 1528.8824414204128, 1870.3289804801996, 2191.5002681873816, 2489.0418321786397, 2761.6578066002794, 3011.004430673882, 3237.0414711535077, 3441.723164137015, 3624.301873060913, 3792.9193676115483, 3942.389337340484, 4072.8062913377457, 4190.626150543617, 4292.996511742086, 4391.592396121885, 4467.742372039767, 4539.084043904483, 4601.674474870316]}, "1": {"freq": [20.0, 68.00000004249999, 116.00000061625, 164.00000102500002, 212.0000017225, 260.00000121875, 308.00000413875006, 356.00000178, 404.00000404, 452.00000113000004, 500.0, 548.0000054800001, 596.0000018625001, 644.0000128800003, 692.0000309237514, 740.0000127187502, 788.0000398925021, 836.0000428450022, 884.0000005525001, 932.0000393187518, 980.0000367500014, 1028.000071638755], "ampl": [73.86096720368661, 411.7017003560591, 795.9897138859981, 1175.750376903383, 1542.2671130624308, 1887.814875634078, 2212.5245471038625, 2512.8856315342887, 2787.87579272201, 3039.2844406329014, 3268.8480825548563, 3475.850938448542, 3660.177114299031, 3828.638671211035, 3980.9033788605566, 4113.254590273036, 4232.80101732576, 4335.5994275191215, 4435.677408048237, 4513.3260619471685, 4584.78055567175, 4649.447602044817]}, "2": {"freq": [20.0, 68.00000004249999, 116.00000061625, 164.00000102500002, 212.0000017225, 260.00000121875, 308.00000413875006, 356.00000178, 404.00000404, 452.00000113000004, 500.0, 548.0000054800001, 596.0000018625001, 644.0000128800003, 692.0000309237514, 740.0000127187502, 788.0000398925021, 836.0000428450022, 884.0000005525001, 932.0000393187518, 980.0000367500014, 1028.000071638755], "ampl": [81.513052097471, 447.33648632837816, 867.7398830233801, 1283.430967274906, 1682.838915070859, 2060.668455856642, 2413.185165251587, 2739.932349115693, 3039.8099807611056, 3314.2906038575506, 3561.547826700884, 3785.4986524023366, 3986.474725925363, 4169.5724406437475, 4332.135824369385, 4474.382914852718, 4603.244132816189, 4715.175788222023, 4821.684329343999, 4904.213862616345, 4983.260047891058, 5051.193895046471]}, "3": {"freq": [20.0, 68.00000004249999, 116.00000061625, 164.00000102500002, 212.0000017225, 260.00000121875, 308.00000413875006, 356.00000178, 404.00000404, 452.00000113000004, 500.0, 548.0000054800001, 596.0000018625001, 644.0000128800003, 692.0000309237514, 740.0000127187502, 788.0000398925021, 836.0000428450022, 884.0000005525001, 932.0000393187518, 980.0000367500014, 1028.000071638755], "ampl": [74.12225241852704, 411.48677102037203, 797.012559597713, 1177.3385273977938, 1544.691369518356, 1890.5343478414065, 2214.4115128962662, 2513.9903600652183, 2788.3942577802404, 3040.1578264224217, 3268.1103294085506, 3473.4276508724233, 3658.3495346864192, 3825.264356442849, 3974.4586270119735, 4106.219979784206, 4224.867857973355, 4326.758824337744, 4428.604473683658, 4500.327502781003, 4572.083715199897, 4635.5934981530545]}, "4": {"freq": [20.0, 68.00000004249999, 116.00000061625, 164.00000102500002, 212.0000017225, 260.00000121875, 308.00000413875006, 356.00000178, 404.00000404, 452.00000113000004, 500.0, 548.0000054800001, 596.0000018625001, 644.0000128800003, 692.0000309237514, 740.0000127187502, 788.0000398925021, 836.0000428450022, 884.0000005525001, 932.0000393187518, 980.0000367500014, 1028.000071638755], "ampl": [92.45510165483807, 494.73743133320255, 955.7877871699851, 1411.4913378455155, 1846.1213292505554, 2253.7713122731298, 2632.6498231288547, 2979.5690512274264, 3294.5678243329867, 3581.1284498397576, 3838.51275050449, 4067.681323455151, 4272.340055655705, 4455.639766122978, 4617.156715838767, 4760.70780016046, 4888.99511261217, 4996.961848123146, 5102.515336947193, 5179.82351595897, 5254.3062673502145, 5320.882423047591]}, "5": {"freq": [20.0, 68.00000004249999, 116.00000061625, 164.00000102500002, 212.0000017225, 260.00000121875, 308.00000413875006, 356.00000178, 404.00000404, 452.00000113000004, 500.0, 548.0000054800001, 596.0000018625001, 644.0000128800003, 692.0000309237514, 740.0000127187502, 788.0000398925021, 836.0000428450022, 884.0000005525001, 932.0000393187518, 980.0000367500014, 1028.000071638755], "ampl": [55.18633921768905, 268.75731684026215, 514.956526083775, 760.0414763585519, 995.1310666076671, 1219.6920376212222, 1429.4121198021878, 1623.3041018662007, 1802.883757488435, 1965.8713885353447, 2113.574125371056, 2248.5089650356254, 2368.7487689482223, 2477.1336478302487, 2573.81749131369, 2660.232303773683, 2738.743204785858, 2804.92537039139, 2869.393029581896, 2917.9463970027423, 2966.14001360722, 3005.999971408602]}, "6": {"freq": [20.0, 68.00000004249999, 116.00000061625, 164.00000102500002, 212.0000017225, 260.00000121875, 308.00000413875006, 356.00000178, 404.00000404, 452.00000113000004, 500.0, 548.0000054800001, 596.0000018625001, 644.0000128800003, 692.0000309237514, 740.0000127187502, 788.0000398925021, 836.0000428450022, 884.0000005525001, 932.0000393187518, 980.0000367500014, 1028.000071638755], "ampl": [77.29047088412143, 388.08105328481247, 751.2138762459957, 1109.6293851641353, 1453.7539278068982, 1775.6219849719746, 2074.814393322098, 2350.793903433079, 2600.6317407663782, 2826.3319624740975, 3028.899861124819, 3209.237221741968, 3371.367101776223, 3515.7125853734024, 3642.511999350164, 3755.0985326364366, 3856.9900837219798, 3941.4226125280807, 4024.144787086345, 4085.890369175169, 4144.381973079235, 4196.8491089949375]}, "7": {"freq": [20.0, 68.00000004249999, 116.00000061625, 164.00000102500002, 212.0000017225, 260.00000121875, 308.00000413875006, 356.00000178, 404.00000404, 452.00000113000004, 500.0, 548.0000054800001, 596.0000018625001, 644.0000128800003, 692.0000309237514, 740.0000127187502, 788.0000398925021, 836.0000428450022, 884.0000005525001, 932.0000393187518, 980.0000367500014, 1028.000071638755], "ampl": [64.02553042729284, 325.3230987413119, 621.8746456992775, 909.5375274198175, 1184.786754768771, 1444.6005402634844, 1684.3061999148938, 1904.1365223516068, 2102.432655400334, 2282.440005779899, 2443.499150690422, 2587.7755483744127, 2716.449432043221, 2830.6853562926053, 2931.5949645386563, 3021.9359395447827, 3101.432623919439, 3167.3782440331183, 3233.984151326647, 3282.6963262065037, 3328.150206146427, 3368.409410160415]}, "wireSegments": [321, 323, 325, 327, 329, 331, 333, 335], "apaChannels": [321, 323, 325, 327, 329, 331, 333, 335], "measuredBy": "Chris Stanford", "stage": "Installation (Top)", "apaUuid": "43cd3950-268d-11ec-b6f5-a70e70a44436", "layer": "X", "headboardNum": "7", "side": "A"}