{"scanEndMode": 0, "0": {"freq": [100.0, 150.0000005859375, 200.0, 250.0, 300.0000046875001, 350.0000054687501, 400.0, 450.0000070312501, 500.0, 550.0000064453126, 600.0000093750002, 650.0000228515634, 700.0000109375002, 750.0000292968762, 800.0, 850.0000298828136, 900.0000140625002, 950.0000148437501, 1000.0], "ampl": [2249.8772195926726, 3370.2936657243513, 4416.17447276399, 5384.704234703512, 6271.244078861619, 7071.418206408985, 7788.795388640474, 8425.559136671494, 8994.18727062579, 9484.95382589916, 9922.454162908298, 10300.329043807353, 10631.592496829995, 10917.670848626976, 11171.738545504546, 11393.069042051893, 11574.189677411137, 11734.417700763874, 11872.96659570045]}, "1": {"freq": [100.0, 150.0000005859375, 200.0, 250.0, 300.0000046875001, 350.0000054687501, 400.0, 450.0000070312501, 500.0, 550.0000064453126, 600.0000093750002, 650.0000228515634, 700.0000109375002, 750.0000292968762, 800.0, 850.0000298828136, 900.0000140625002, 950.0000148437501, 1000.0], "ampl": [1743.8453524394592, 2627.7998936083263, 3467.2267071845495, 4261.341046287765, 5004.04490436815, 5691.514694025175, 6323.663096262285, 6900.488032867486, 7427.03213873911, 7893.540733624392, 8318.478416966333, 8694.035166964484, 9030.920551302406, 9326.997823630281, 9595.245507780342, 9835.172241395963, 10035.571224501313, 10215.12296419802, 10376.242792943143]}, "2": {"freq": [100.0, 150.0000005859375, 200.0, 250.0, 300.0000046875001, 350.0000054687501, 400.0, 450.0000070312501, 500.0, 550.0000064453126, 600.0000093750002, 650.0000228515634, 700.0000109375002, 750.0000292968762, 800.0, 850.0000298828136, 900.0000140625002, 950.0000148437501, 1000.0], "ampl": [2226.910308393206, 3334.470981144696, 4368.826478370959, 5328.307476120571, 6203.036135228745, 6992.290465465577, 7698.020506034312, 8325.095497308497, 8883.864586017116, 9364.57165789266, 9793.685401389059, 10163.576635780226, 10486.594313071917, 10766.429075760781, 11015.25540415563, 11230.79382564603, 11405.244988272543, 11559.068745724837, 11695.965608985365]}, "3": {"freq": [100.0, 150.0000005859375, 200.0, 250.0, 300.0000046875001, 350.0000054687501, 400.0, 450.0000070312501, 500.0, 550.0000064453126, 600.0000093750002, 650.0000228515634, 700.0000109375002, 750.0000292968762, 800.0, 850.0000298828136, 900.0000140625002, 950.0000148437501, 1000.0], "ampl": [1756.5265162534984, 2647.5908105906537, 3494.232537383631, 4295.170520269879, 5044.7005421876565, 5736.2130245117705, 6372.291997382346, 6951.264130654803, 7481.634718796479, 7946.897667629808, 8373.83859203701, 8748.847526436035, 9087.555195226289, 9382.654923277545, 9654.365930769814, 9891.276763204116, 10091.543225225922, 10271.951041156673, 10431.290682655066]}, "4": {"freq": [100.0, 150.0000005859375, 200.0, 250.0, 300.0000046875001, 350.0000054687501, 400.0, 450.0000070312501, 500.0, 550.0000064453126, 600.0000093750002, 650.0000228515634, 700.0000109375002, 750.0000292968762, 800.0, 850.0000298828136, 900.0000140625002, 950.0000148437501, 1000.0], "ampl": [2149.827792130861, 3222.96114781065, 4227.29406868328, 5157.711283946797, 6011.092413448414, 6783.381896085752, 7476.128090434111, 8095.4110332083455, 8648.450494485298, 9126.326130306914, 9551.65278600077, 9920.058637227718, 10245.76057973745, 10525.814638824668, 10776.136069119897, 10995.258531043293, 11172.035565218908, 11330.095195100817, 11469.594212393029]}, "5": {"freq": [100.0, 150.0000005859375, 200.0, 250.0, 300.0000046875001, 350.0000054687501, 400.0, 450.0000070312501, 500.0, 550.0000064453126, 600.0000093750002, 650.0000228515634, 700.0000109375002, 750.0000292968762, 800.0, 850.0000298828136, 900.0000140625002, 950.0000148437501, 1000.0], "ampl": [1636.7130775679111, 2468.380888419502, 3262.259315619129, 4013.320921600498, 4720.144075950818, 5374.177103397818, 5978.759393093863, 6533.042999520423, 7040.334156643494, 7492.015280050514, 7905.739533298903, 8271.658739842296, 8601.278022123097, 8893.357611897907, 9157.419781202338, 9394.420947952596, 9594.007507025766, 9773.843294596476, 9934.884922091087]}, "6": {"freq": [100.0, 150.0000005859375, 200.0, 250.0, 300.0000046875001, 350.0000054687501, 400.0, 450.0000070312501, 500.0, 550.0000064453126, 600.0000093750002, 650.0000228515634, 700.0000109375002, 750.0000292968762, 800.0, 850.0000298828136, 900.0000140625002, 950.0000148437501, 1000.0], "ampl": [2130.458220643861, 3191.333728429459, 4184.0745269778745, 5102.561880461308, 5941.427060339175, 6697.645327059972, 7376.0174744574, 7978.454036195417, 8515.085174410948, 8976.650053245114, 9389.616079849178, 9744.443182989691, 10056.29575533652, 10326.060574095172, 10564.79153115784, 10772.768269872, 10941.985711374178, 11091.952532250913, 11222.04233949336]}, "7": {"freq": [100.0, 150.0000005859375, 200.0, 250.0, 300.0000046875001, 350.0000054687501, 400.0, 450.0000070312501, 500.0, 550.0000064453126, 600.0000093750002, 650.0000228515634, 700.0000109375002, 750.0000292968762, 800.0, 850.0000298828136, 900.0000140625002, 950.0000148437501, 1000.0], "ampl": [1662.7969423227464, 2507.1648390191135, 3309.113453640363, 4065.943404398402, 4775.068436142322, 5430.291329154699, 6029.808112434429, 6578.799715085874, 7078.308066208062, 7519.834673166561, 7922.748563986285, 8277.799407438983, 8596.108280692879, 8876.615503798483, 9131.800132866645, 9355.090832823333, 9543.674285137631, 9715.11280725994, 9865.594053692535]}, "wireSegments": [33, 35, 37, 39, 41, 43, 45, 47], "apaChannels": [47, 45, 43, 41, 39, 37, 35, 33], "measuredBy": "", "stage": "DWA Development", "apaUuid": "continuity47-12", "layer": "X", "headboardNum": "1", "side": "A"}