{"scanEndMode": 0, "0": {"freq": [], "ampl": []}, "1": {"freq": [], "ampl": []}, "2": {"freq": [], "ampl": []}, "3": {"freq": [], "ampl": []}, "4": {"freq": [20.0, 68.00000004249999, 116.00000061625, 164.00000102500002, 212.0000017225, 260.00000121875, 308.00000413875006, 356.00000178, 404.00000404, 452.00000113000004, 500.0, 548.0000054800001, 596.0000018625001, 644.0000128800003, 692.0000309237514, 740.0000127187502, 788.0000398925021, 836.0000428450022, 884.0000005525001, 932.0000393187518, 980.0000367500014, 1028.000071638755], "ampl": [71.28470467705023, 359.26159168281015, 697.7510860335756, 1032.2209815366125, 1347.520687310624, 1645.6363658472585, 1920.3669594885935, 2170.144657904352, 2395.8930761918523, 2596.382020692298, 2776.7113714826496, 2940.4696861771818, 3081.471265304871, 3206.4380269600115, 3319.5378008088123, 3421.0927553213774, 3502.154171449703, 3574.1502468692397, 3639.687205172218, 3696.9798048625617, 3745.389381254738, 3787.046405677261]}, "5": {"freq": [20.0, 68.00000004249999, 116.00000061625, 164.00000102500002, 212.0000017225, 260.00000121875, 308.00000413875006, 356.00000178, 404.00000404, 452.00000113000004, 500.0, 548.0000054800001, 596.0000018625001, 644.0000128800003, 692.0000309237514, 740.0000127187502, 788.0000398925021, 836.0000428450022, 884.0000005525001, 932.0000393187518, 980.0000367500014, 1028.000071638755], "ampl": [104.28057444565931, 566.295385669325, 1097.54407344534, 1619.716347750281, 2108.1810540633064, 2565.6238994267046, 2984.2555726307505, 3361.319947378773, 3698.238214989623, 3997.2702452787125, 4263.787869717365, 4499.622310995497, 4703.0656556682525, 4884.047079836484, 5040.501671709845, 5183.493512128032, 5298.393838379898, 5398.845094711615, 5486.798587101048, 5566.619885285802, 5631.84623613646, 5690.131293391562]}, "6": {"freq": [20.0, 68.00000004249999, 116.00000061625, 164.00000102500002, 212.0000017225, 260.00000121875, 308.00000413875006, 356.00000178, 404.00000404, 452.00000113000004, 500.0, 548.0000054800001, 596.0000018625001, 644.0000128800003, 692.0000309237514, 740.0000127187502, 788.0000398925021, 836.0000428450022, 884.0000005525001, 932.0000393187518, 980.0000367500014, 1028.000071638755], "ampl": [103.24131932533666, 552.5384898006579, 1065.7951032257658, 1576.9622436172606, 2055.5083486423555, 2506.0144867194194, 2918.694004291728, 3291.8681330854183, 3627.0425159855413, 3924.056989110972, 4189.964101204225, 4428.817290058537, 4632.138441544772, 4815.0922445061915, 4975.691214092595, 5119.9013112601215, 5236.78779896972, 5338.879327584321, 5429.884990954418, 5511.063248780424, 5578.1050794518715, 5637.192492601852]}, "7": {"freq": [20.0, 68.00000004249999, 116.00000061625, 164.00000102500002, 212.0000017225, 260.00000121875, 308.00000413875006, 356.00000178, 404.00000404, 452.00000113000004, 500.0, 548.0000054800001, 596.0000018625001, 644.0000128800003, 692.0000309237514, 740.0000127187502, 788.0000398925021, 836.0000428450022, 884.0000005525001, 932.0000393187518, 980.0000367500014, 1028.000071638755], "ampl": [108.7589759670509, 598.9116158550185, 1158.7523702783153, 1709.14998869341, 2222.102140913912, 2700.0344124773223, 3135.4247003751384, 3527.5120590797865, 3872.754265961571, 4178.486717958048, 4449.066321147284, 4691.411980429238, 4897.1451602961715, 5079.548979447915, 5239.449714715646, 5382.785878266625, 5496.409780933356, 5594.583243575778, 5682.815435380519, 5761.451568408136, 5827.572147239366, 5883.373530409267]}, "wireSegments": [354, 356, 358, 360, 754, 756, 758, 760], "apaChannels": [null, null, null, null, 360, 358, 356, 354], "measuredBy": "Chris Stanford", "stage": "Installation (Top)", "apaUuid": "43cd3950-268d-11ec-b6f5-a70e70a44436", "layer": "U", "headboardNum": "2", "side": "B"}