{"scanEndMode": 0, "0": {"freq": [], "ampl": []}, "1": {"freq": [], "ampl": []}, "2": {"freq": [], "ampl": []}, "3": {"freq": [], "ampl": []}, "4": {"freq": [100.0, 150.0000005859375, 200.0, 250.0, 300.0000046875001, 350.0000054687501, 400.0, 450.0000070312501, 500.0, 550.0000064453126, 600.0000093750002, 650.0000228515634, 700.0000109375002, 750.0000292968762, 800.0, 850.0000298828136, 900.0000140625002, 950.0000148437501, 1000.0], "ampl": [7207.633633597684, 10128.764012103036, 12368.064801211754, 14035.406601483272, 15254.833070260987, 16157.911636422272, 16825.39439348238, 17318.32725498106, 17698.22614576725, 17989.135481684916, 18206.488488860366, 18371.72504517625, 18494.185953507465, 18600.775914193495, 18656.07924655328, 18701.1774211158, 18725.140306408903, 18741.238300413806, 18747.501431563745]}, "5": {"freq": [100.0, 150.0000005859375, 200.0, 250.0, 300.0000046875001, 350.0000054687501, 400.0, 450.0000070312501, 500.0, 550.0000064453126, 600.0000093750002, 650.0000228515634, 700.0000109375002, 750.0000292968762, 800.0, 850.0000298828136, 900.0000140625002, 950.0000148437501, 1000.0], "ampl": [6953.622364584421, 9836.914167392255, 12085.754900689863, 13788.563012999513, 15051.041477117593, 15999.798868554668, 16709.910618923455, 17238.75080088037, 17647.93069067744, 17962.9475581842, 18200.535541845198, 18381.94629464148, 18521.985594938837, 18640.49389024736, 18707.603585415163, 18761.674195592605, 18789.66154593964, 18815.420561732742, 18826.320625271303]}, "6": {"freq": [100.0, 150.0000005859375, 200.0, 250.0, 300.0000046875001, 350.0000054687501, 400.0, 450.0000070312501, 500.0, 550.0000064453126, 600.0000093750002, 650.0000228515634, 700.0000109375002, 750.0000292968762, 800.0, 850.0000298828136, 900.0000140625002, 950.0000148437501, 1000.0], "ampl": [7237.881284530197, 10152.217816225018, 12373.261790982515, 14018.348880199406, 15214.124190053095, 16096.85212187868, 16749.922046935877, 17228.257353245812, 17597.362701230497, 17880.08703298633, 18087.874108663058, 18246.171959499963, 18363.963223104794, 18467.035139005977, 18519.489879956862, 18561.099832503896, 18583.278900098783, 18596.768471148982, 18601.039855914172]}, "7": {"freq": [100.0, 150.0000005859375, 200.0, 250.0, 300.0000046875001, 350.0000054687501, 400.0, 450.0000070312501, 500.0, 550.0000064453126, 600.0000093750002, 650.0000228515634, 700.0000109375002, 750.0000292968762, 800.0, 850.0000298828136, 900.0000140625002, 950.0000148437501, 1000.0], "ampl": [6796.401239601197, 9624.092295807623, 11839.395399661002, 13521.865394051898, 14772.251144532307, 15714.117553877713, 16420.24545017574, 16945.43442600426, 17355.073072765907, 17672.842572137317, 17908.476057604432, 18091.553933869025, 18228.75833277814, 18349.24551207704, 18416.217034585487, 18469.923657212705, 18503.896864338763, 18527.330405450408, 18539.90794307991]}, "wireSegments": [33, 35, 37, 39, 433, 435, 437, 439, 833, 835, 837, 839], "apaChannels": [null, null, null, null, 39, 37, 35, 33], "measuredBy": "", "stage": "DWA Development", "apaUuid": "continuity220-12", "layer": "V", "headboardNum": "1", "side": "A"}