{"scanEndMode": 0, "0": {"freq": [20.0, 68.00000004249999, 116.00000061625, 164.00000102500002, 212.0000017225, 260.00000121875, 308.00000413875006, 356.00000178, 404.00000404, 452.00000113000004, 500.0, 548.0000054800001, 596.0000018625001, 644.0000128800003, 692.0000309237514, 740.0000127187502, 788.0000398925021, 836.0000428450022, 884.0000005525001, 932.0000393187518, 980.0000367500014, 1028.000071638755], "ampl": [66.18110121570137, 335.00303085597943, 649.0529813408328, 960.2382597498616, 1260.9950370955378, 1547.2505880950425, 1813.5004525208444, 2061.9083494074584, 2290.575844384627, 2499.731110934482, 2690.696316427094, 2864.505525465932, 3020.309685612024, 3160.2571874422893, 3285.418547822804, 3397.723514299797, 3498.3424186946413, 3588.439218931214, 3666.883052720731, 3735.2777525557008, 3797.1907259857817, 3851.78858745939]}, "1": {"freq": [20.0, 68.00000004249999, 116.00000061625, 164.00000102500002, 212.0000017225, 260.00000121875, 308.00000413875006, 356.00000178, 404.00000404, 452.00000113000004, 500.0, 548.0000054800001, 596.0000018625001, 644.0000128800003, 692.0000309237514, 740.0000127187502, 788.0000398925021, 836.0000428450022, 884.0000005525001, 932.0000393187518, 980.0000367500014, 1028.000071638755], "ampl": [98.56190977798843, 551.764370723736, 1066.225753428169, 1571.2730217277497, 2053.9569845713477, 2508.5969934494938, 2926.824129644738, 3310.1434625404913, 3660.3339030270063, 3975.320007200696, 4259.5221208218145, 4514.142374538634, 4739.562916368712, 4940.6330769511305, 5116.816716245826, 5274.497030346056, 5413.404061286413, 5535.75804462172, 5641.929032376858, 5733.634614892795, 5817.799786885442, 5888.942609211325]}, "2": {"freq": [20.0, 68.00000004249999, 116.00000061625, 164.00000102500002, 212.0000017225, 260.00000121875, 308.00000413875006, 356.00000178, 404.00000404, 452.00000113000004, 500.0, 548.0000054800001, 596.0000018625001, 644.0000128800003, 692.0000309237514, 740.0000127187502, 788.0000398925021, 836.0000428450022, 884.0000005525001, 932.0000393187518, 980.0000367500014, 1028.000071638755], "ampl": [87.08521434712573, 471.8345127454457, 914.56422350887, 1354.1331757761732, 1775.5240919290302, 2177.393033461962, 2552.4535453310023, 2897.507438286085, 3216.830891142462, 3505.8006255136056, 3769.7872441496984, 4008.673056669205, 4223.703622062429, 4415.286765221747, 4588.395943637919, 4740.780075041344, 4878.3139871934445, 4997.890110144883, 5104.288127639307, 5198.325266214826, 5282.142690843338, 5354.360526751346]}, "3": {"freq": [20.0, 68.00000004249999, 116.00000061625, 164.00000102500002, 212.0000017225, 260.00000121875, 308.00000413875006, 356.00000178, 404.00000404, 452.00000113000004, 500.0, 548.0000054800001, 596.0000018625001, 644.0000128800003, 692.0000309237514, 740.0000127187502, 788.0000398925021, 836.0000428450022, 884.0000005525001, 932.0000393187518, 980.0000367500014, 1028.000071638755], "ampl": [96.77875291635881, 533.8828463692995, 1031.9016142731477, 1524.7507139945353, 1994.4465026445712, 2436.8927789753507, 2846.0552863131275, 3222.2971906903326, 3561.507263389056, 3871.84914668647, 4151.463160709758, 4399.922909169641, 4624.221686710219, 4823.086288446193, 4999.145555231888, 5154.485924649582, 5293.798690891945, 5415.289726096054, 5521.893618664963, 5615.110909960771, 5697.755728750754, 5768.481354853035]}, "4": {"freq": [20.0, 68.00000004249999, 116.00000061625, 164.00000102500002, 212.0000017225, 260.00000121875, 308.00000413875006, 356.00000178, 404.00000404, 452.00000113000004, 500.0, 548.0000054800001, 596.0000018625001, 644.0000128800003, 692.0000309237514, 740.0000127187502, 788.0000398925021, 836.0000428450022, 884.0000005525001, 932.0000393187518, 980.0000367500014, 1028.000071638755], "ampl": [76.03470691687966, 414.86086756432115, 799.8648209498061, 1184.1258962640973, 1553.4553521449593, 1903.8204914207406, 2229.069292271968, 2531.843702469037, 2810.566257331869, 3065.4925836126336, 3297.0430953949576, 3507.15633253868, 3695.216690888482, 3864.2266466753185, 4017.1768148834312, 4153.122753849911, 4275.218682633172, 4381.793472828147, 4476.599495044969, 4559.451190955516, 4635.910310775691, 4700.289661268632]}, "5": {"freq": [20.0, 68.00000004249999, 116.00000061625, 164.00000102500002, 212.0000017225, 260.00000121875, 308.00000413875006, 356.00000178, 404.00000404, 452.00000113000004, 500.0, 548.0000054800001, 596.0000018625001, 644.0000128800003, 692.0000309237514, 740.0000127187502, 788.0000398925021, 836.0000428450022, 884.0000005525001, 932.0000393187518, 980.0000367500014, 1028.000071638755], "ampl": [80.8640760111981, 441.360318773547, 851.2270196353954, 1256.8276957952585, 1647.8597346176823, 2015.7451141997506, 2360.3010488676737, 2677.7414557565417, 2969.3995016315953, 3235.7388636079136, 3477.8387338346697, 3695.7665697356297, 3890.371561491774, 4065.491948945746, 4223.407801703944, 4362.976424472998, 4487.012351952971, 4597.104015626689, 4692.789432190999, 4778.42307744652, 4855.823352274961, 4921.597577426238]}, "6": {"freq": [20.0, 68.00000004249999, 116.00000061625, 164.00000102500002, 212.0000017225, 260.00000121875, 308.00000413875006, 356.00000178, 404.00000404, 452.00000113000004, 500.0, 548.0000054800001, 596.0000018625001, 644.0000128800003, 692.0000309237514, 740.0000127187502, 788.0000398925021, 836.0000428450022, 884.0000005525001, 932.0000393187518, 980.0000367500014, 1028.000071638755], "ampl": [81.8126911252818, 435.17118459414104, 841.2834166514617, 1245.309977020722, 1631.3521784850655, 1997.248649979796, 2339.344822160673, 2656.3918898371194, 2945.140961956794, 3209.380462817433, 3447.5482719796237, 3662.18358133284, 3856.698622781181, 4030.0768104816, 4184.562417170938, 4322.643033486234, 4446.821834890792, 4553.999132595216, 4650.113417507751, 4733.777451513299, 4807.9017849592465, 4873.610880135343]}, "7": {"freq": [20.0, 68.00000004249999, 116.00000061625, 164.00000102500002, 212.0000017225, 260.00000121875, 308.00000413875006, 356.00000178, 404.00000404, 452.00000113000004, 500.0, 548.0000054800001, 596.0000018625001, 644.0000128800003, 692.0000309237514, 740.0000127187502, 788.0000398925021, 836.0000428450022, 884.0000005525001, 932.0000393187518, 980.0000367500014, 1028.000071638755], "ampl": [83.84612011212725, 462.8622595768957, 893.1189958373047, 1320.367145043283, 1726.5114413532688, 2111.676314901058, 2470.0637968265296, 2798.381809761743, 3096.91380955632, 3368.99390351295, 3613.4715595947027, 3834.440541904285, 4031.5799082116237, 4208.272757365261, 4364.794664631767, 4502.761760390837, 4626.0342272284515, 4734.415745782084, 4829.50510813828, 4912.365341748774, 4987.662352329107, 5052.251871905796]}, "wireSegments": [289, 291, 293, 295, 297, 299, 301, 303], "apaChannels": [289, 291, 293, 295, 297, 299, 301, 303], "measuredBy": "Chris Stanford", "stage": "Installation (Top)", "apaUuid": "43cd3950-268d-11ec-b6f5-a70e70a44436", "layer": "X", "headboardNum": "7", "side": "A"}