{"scanEndMode": 0, "0": {"freq": [100.0, 150.0000005859375, 200.0, 250.0, 300.0000046875001, 350.0000054687501, 400.0, 450.0000070312501, 500.0, 550.0000064453126, 600.0000093750002, 650.0000228515634, 700.0000109375002, 750.0000292968762, 800.0, 850.0000298828136, 900.0000140625002, 950.0000148437501, 1000.0], "ampl": [5430.90091739846, 7847.234191737765, 9856.21965972442, 11483.205286804656, 12776.919687424714, 13803.952290718487, 14607.935772426516, 15237.46916987442, 15736.582676441009, 16134.472335025053, 16447.58229989034, 16693.872187850502, 16893.852188537086, 17043.53433758236, 17172.254434479368, 17271.641988840554, 17332.26663611831, 17384.864071009848, 17419.675551950175]}, "1": {"freq": [100.0, 150.0000005859375, 200.0, 250.0, 300.0000046875001, 350.0000054687501, 400.0, 450.0000070312501, 500.0, 550.0000064453126, 600.0000093750002, 650.0000228515634, 700.0000109375002, 750.0000292968762, 800.0, 850.0000298828136, 900.0000140625002, 950.0000148437501, 1000.0], "ampl": [4948.581404684606, 7205.385182224909, 9130.530955648494, 10725.290790338518, 12025.973517811019, 13080.60684355953, 13922.989090789275, 14594.245051481168, 15135.894586103901, 15571.110298250844, 15919.738772113993, 16197.764064510757, 16426.193636587337, 16601.69713395676, 16751.991226553586, 16870.315038268862, 16948.583747777517, 17017.856841393907, 17066.30343023313]}, "2": {"freq": [100.0, 150.0000005859375, 200.0, 250.0, 300.0000046875001, 350.0000054687501, 400.0, 450.0000070312501, 500.0, 550.0000064453126, 600.0000093750002, 650.0000228515634, 700.0000109375002, 750.0000292968762, 800.0, 850.0000298828136, 900.0000140625002, 950.0000148437501, 1000.0], "ampl": [5371.068496555957, 7762.133940443225, 9751.842864696106, 11359.18251792351, 12641.194643819359, 13656.497351293181, 14451.234587646746, 15075.227839367693, 15568.30294574277, 15961.28082565545, 16271.011792825586, 16515.304877175593, 16713.32549550365, 16861.26883027522, 16987.518958254743, 17086.864694592477, 17146.216751450516, 17198.935698095753, 17233.28525228479]}, "3": {"freq": [100.0, 150.0000005859375, 200.0, 250.0, 300.0000046875001, 350.0000054687501, 400.0, 450.0000070312501, 500.0, 550.0000064453126, 600.0000093750002, 650.0000228515634, 700.0000109375002, 750.0000292968762, 800.0, 850.0000298828136, 900.0000140625002, 950.0000148437501, 1000.0], "ampl": [4938.390671733255, 7196.462465996595, 9121.429729627433, 10718.793927406032, 12020.423039961957, 13077.197538260625, 13920.735570751785, 14591.534763682894, 15131.800993009556, 15568.356567213983, 15917.82504551003, 16198.279859734927, 16425.40347280914, 16600.43153194075, 16750.75282010996, 16870.091603149398, 16948.385044227914, 17018.309155324005, 17065.489317500935]}, "4": {"freq": [100.0, 150.0000005859375, 200.0, 250.0, 300.0000046875001, 350.0000054687501, 400.0, 450.0000070312501, 500.0, 550.0000064453126, 600.0000093750002, 650.0000228515634, 700.0000109375002, 750.0000292968762, 800.0, 850.0000298828136, 900.0000140625002, 950.0000148437501, 1000.0], "ampl": [5285.819111845855, 7644.945043840795, 9617.264281465217, 11218.713326078847, 12497.927048898993, 13517.342587157395, 14316.97836329389, 14944.547582265806, 15444.145718993956, 15843.98072885539, 16157.464881709575, 16405.94361986272, 16606.90883474003, 16758.444713019653, 16889.49273341278, 16988.39494844579, 17051.37671533221, 17105.7740863357, 17141.7963964829]}, "5": {"freq": [100.0, 150.0000005859375, 200.0, 250.0, 300.0000046875001, 350.0000054687501, 400.0, 450.0000070312501, 500.0, 550.0000064453126, 600.0000093750002, 650.0000228515634, 700.0000109375002, 750.0000292968762, 800.0, 850.0000298828136, 900.0000140625002, 950.0000148437501, 1000.0], "ampl": [4837.207653143111, 7055.325440246721, 8951.474541682655, 10531.063713682242, 11823.93534569702, 12877.054438951513, 13718.389320988994, 14392.557955011354, 14936.50002143384, 15377.623252694448, 15729.498591806427, 16012.933774392473, 16242.476039549336, 16422.317433299944, 16576.972482259032, 16697.926841910426, 16778.596903751273, 16849.8734197307, 16900.408158537004]}, "6": {"freq": [100.0, 150.0000005859375, 200.0, 250.0, 300.0000046875001, 350.0000054687501, 400.0, 450.0000070312501, 500.0, 550.0000064453126, 600.0000093750002, 650.0000228515634, 700.0000109375002, 750.0000292968762, 800.0, 850.0000298828136, 900.0000140625002, 950.0000148437501, 1000.0], "ampl": [5232.134750390791, 7565.279834508619, 9509.857976720212, 11088.73550010635, 12347.138370055021, 13347.784845981207, 14131.489562811936, 14746.224158112112, 15234.04451270971, 15622.64531173007, 15931.02858775807, 16173.622513674029, 16368.60213338127, 16516.861707465127, 16644.394975597934, 16741.8754367842, 16801.89970792201, 16854.37703892247, 16889.262136738496]}, "7": {"freq": [100.0, 150.0000005859375, 200.0, 250.0, 300.0000046875001, 350.0000054687501, 400.0, 450.0000070312501, 500.0, 550.0000064453126, 600.0000093750002, 650.0000228515634, 700.0000109375002, 750.0000292968762, 800.0, 850.0000298828136, 900.0000140625002, 950.0000148437501, 1000.0], "ampl": [4822.850335498475, 7029.064105338921, 8907.649925339276, 10468.192745812923, 11740.589689186982, 12773.897401542608, 13598.32998989182, 14256.484720982016, 14785.112084073111, 15212.261744601781, 15553.823073689608, 15827.349169700257, 16049.759276129538, 16222.649936623993, 16369.64159442193, 16486.326929040926, 16563.02278251303, 16631.574936370682, 16678.95418463675]}, "wireSegments": [33, 35, 37, 39, 41, 43, 45, 47], "apaChannels": [47, 45, 43, 41, 39, 37, 35, 33], "measuredBy": "", "stage": "DWA Development", "apaUuid": "continuity150-12", "layer": "X", "headboardNum": "1", "side": "A"}