{"scanEndMode": 0, "0": {"freq": [20.0, 68.00000004249999, 116.00000061625, 164.00000102500002, 212.0000017225, 260.00000121875, 308.00000413875006, 356.00000178, 404.00000404, 452.00000113000004, 500.0, 548.0000054800001, 596.0000018625001, 644.0000128800003, 692.0000309237514, 740.0000127187502, 788.0000398925021, 836.0000428450022, 884.0000005525001, 932.0000393187518, 980.0000367500014, 1028.000071638755], "ampl": [132.5556138320261, 701.6436939107673, 1344.8635635996786, 1967.1352845810216, 2547.8844753301305, 3080.091812560225, 3558.826896504614, 3986.7287449686796, 4363.079209656914, 4692.189044423343, 4979.203033649324, 5229.277898714616, 5444.484009966031, 5630.649291289058, 5791.428131331368, 5928.389519066471, 6048.771609939588, 6150.589786863102, 6237.118878371357, 6310.094815397547, 6372.615067741818, 6426.663653660555]}, "1": {"freq": [20.0, 68.00000004249999, 116.00000061625, 164.00000102500002, 212.0000017225, 260.00000121875, 308.00000413875006, 356.00000178, 404.00000404, 452.00000113000004, 500.0, 548.0000054800001, 596.0000018625001, 644.0000128800003, 692.0000309237514, 740.0000127187502, 788.0000398925021, 836.0000428450022, 884.0000005525001, 932.0000393187518, 980.0000367500014, 1028.000071638755], "ampl": [24.18193045266462, 136.74125852314052, 267.3931678276368, 396.2548686952071, 527.6010220719397, 653.7863948903628, 779.8598013033412, 902.0292783881935, 1021.4159516038819, 1135.8396734045007, 1245.8767301896328, 1353.6221559620592, 1455.1944475632258, 1551.3190354352716, 1643.8316423782219, 1732.002730050393, 1814.3077065097095, 1891.7496680712304, 1966.4939195238858, 2033.916386435262, 2100.0061604487073, 2157.9093616422692]}, "2": {"freq": [20.0, 68.00000004249999, 116.00000061625, 164.00000102500002, 212.0000017225, 260.00000121875, 308.00000413875006, 356.00000178, 404.00000404, 452.00000113000004, 500.0, 548.0000054800001, 596.0000018625001, 644.0000128800003, 692.0000309237514, 740.0000127187502, 788.0000398925021, 836.0000428450022, 884.0000005525001, 932.0000393187518, 980.0000367500014, 1028.000071638755], "ampl": [114.31159629148682, 610.6990353023654, 1179.0698325079704, 1727.0808612850587, 2243.83132113027, 2721.5138408773314, 3153.9676785702063, 3543.8233183324564, 3890.5819129624474, 4197.954247782049, 4466.615212259919, 4704.630531010469, 4908.973985159772, 5089.346001384114, 5245.701564562303, 5382.24009422497, 5501.030221120578, 5600.945203969591, 5688.954936115224, 5762.933932269975, 5826.40802317493, 5882.741360092919]}, "3": {"freq": [20.0, 68.00000004249999, 116.00000061625, 164.00000102500002, 212.0000017225, 260.00000121875, 308.00000413875006, 356.00000178, 404.00000404, 452.00000113000004, 500.0, 548.0000054800001, 596.0000018625001, 644.0000128800003, 692.0000309237514, 740.0000127187502, 788.0000398925021, 836.0000428450022, 884.0000005525001, 932.0000393187518, 980.0000367500014, 1028.000071638755], "ampl": [101.74809312862043, 538.3331717502591, 1032.8885344810749, 1519.4726615114603, 1981.6444072522943, 2412.3076891961105, 2805.1736265648633, 3164.141628304006, 3486.938503234564, 3774.0363052404164, 4031.0993369836733, 4257.484070419911, 4457.088468391692, 4631.590881865224, 4786.786882675552, 4920.4106191990695, 5039.294602995021, 5138.710795273762, 5228.685587822093, 5304.7111941680805, 5370.703303990264, 5429.30863387989]}, "4": {"freq": [20.0, 68.00000004249999, 116.00000061625, 164.00000102500002, 212.0000017225, 260.00000121875, 308.00000413875006, 356.00000178, 404.00000404, 452.00000113000004, 500.0, 548.0000054800001, 596.0000018625001, 644.0000128800003, 692.0000309237514, 740.0000127187502, 788.0000398925021, 836.0000428450022, 884.0000005525001, 932.0000393187518, 980.0000367500014, 1028.000071638755], "ampl": [110.08069252357582, 592.490308165082, 1130.4553241513427, 1657.805621602648, 2152.3784324669855, 2610.3271765758395, 3024.7194674830575, 3400.727566801348, 3734.27144727775, 4031.4705679580507, 4292.33473903114, 4522.933377520768, 4719.691303902061, 4896.256460249522, 5047.090897397486, 5179.485354710673, 5296.393598264191, 5393.52598712987, 5478.245943328967, 5551.511504039608, 5613.473727866597, 5668.407380029359]}, "5": {"freq": [20.0, 68.00000004249999, 116.00000061625, 164.00000102500002, 212.0000017225, 260.00000121875, 308.00000413875006, 356.00000178, 404.00000404, 452.00000113000004, 500.0, 548.0000054800001, 596.0000018625001, 644.0000128800003, 692.0000309237514, 740.0000127187502, 788.0000398925021, 836.0000428450022, 884.0000005525001, 932.0000393187518, 980.0000367500014, 1028.000071638755], "ampl": [94.29113666482283, 496.7891918052632, 947.0750594824196, 1393.6178325799956, 1817.5480803839312, 2216.6266028457444, 2578.4847434207554, 2908.5561630809566, 3209.776259457912, 3478.5319033069213, 3717.0475124133186, 3928.782828626034, 4115.714510532377, 4283.348855463782, 4427.602945637151, 4553.106289511374, 4666.792171672669, 4763.256532365526, 4847.487266204739, 4920.133829901212, 4983.588443858475, 5038.73519138017]}, "6": {"freq": [20.0, 68.00000004249999, 116.00000061625, 164.00000102500002, 212.0000017225, 260.00000121875, 308.00000413875006, 356.00000178, 404.00000404, 452.00000113000004, 500.0, 548.0000054800001, 596.0000018625001, 644.0000128800003, 692.0000309237514, 740.0000127187502, 788.0000398925021, 836.0000428450022, 884.0000005525001, 932.0000393187518, 980.0000367500014, 1028.000071638755], "ampl": [112.23303262959334, 590.9373462918322, 1132.75334160457, 1657.2486636167505, 2150.6764506297363, 2604.12511331779, 3016.0530110685722, 3384.1310540015497, 3712.6918881727834, 4000.932954910642, 4255.256664586215, 4476.503515106368, 4666.685283947544, 4836.1410959412715, 4979.871072960219, 5106.358219480029, 5217.644522312308, 5310.790184546562, 5391.878931320447, 5458.228568217894, 5516.699469601983, 5567.814485044223]}, "7": {"freq": [20.0, 68.00000004249999, 116.00000061625, 164.00000102500002, 212.0000017225, 260.00000121875, 308.00000413875006, 356.00000178, 404.00000404, 452.00000113000004, 500.0, 548.0000054800001, 596.0000018625001, 644.0000128800003, 692.0000309237514, 740.0000127187502, 788.0000398925021, 836.0000428450022, 884.0000005525001, 932.0000393187518, 980.0000367500014, 1028.000071638755], "ampl": [100.63224851765081, 532.9758983746499, 1027.762339667936, 1508.86630127587, 1963.065519841609, 2384.3192959218572, 2766.8120842059852, 3113.5414974435953, 3424.2538063921493, 3699.2412262081543, 3942.427304202503, 4156.268509844605, 4340.4631863840705, 4504.447870034788, 4646.288510320287, 4770.346092647578, 4880.987205235819, 4971.899996971534, 5054.5459721596135, 5120.629614884074, 5179.5973088950905, 5230.83721810196]}, "wireSegments": [58, 60, 62, 64, 66, 68, 70, 72, 458, 460, 462, 464, 466, 468, 470, 472, 858, 860, 862, 864, 866, 868, 870, 872], "apaChannels": [58, 60, 62, 64, 66, 68, 70, 72], "measuredBy": "Chris Stanford", "stage": "Installation (Top)", "apaUuid": "43cd3950-268d-11ec-b6f5-a70e70a44436", "layer": "V", "headboardNum": "2", "side": "B"}