{"scanEndMode": 0, "0": {"freq": [], "ampl": []}, "1": {"freq": [], "ampl": []}, "2": {"freq": [], "ampl": []}, "3": {"freq": [], "ampl": []}, "4": {"freq": [100.0, 150.0000005859375, 200.0, 250.0, 300.0000046875001, 350.0000054687501, 400.0, 450.0000070312501, 500.0, 550.0000064453126, 600.0000093750002, 650.0000228515634, 700.0000109375002, 750.0000292968762, 800.0, 850.0000298828136, 900.0000140625002, 950.0000148437501, 1000.0], "ampl": [2182.277218810681, 3285.918830632419, 4327.561654963901, 5297.342521389768, 6191.847874625072, 6992.488963215952, 7713.050429081309, 8354.618270014675, 8913.836186193266, 9412.050817002906, 9832.63673556529, 10200.336270003389, 10522.428169944033, 10802.751113557333, 11035.172408798748, 11243.058602558633, 11425.307511935134, 11574.694354645197, 11704.103076510004]}, "5": {"freq": [100.0, 150.0000005859375, 200.0, 250.0, 300.0000046875001, 350.0000054687501, 400.0, 450.0000070312501, 500.0, 550.0000064453126, 600.0000093750002, 650.0000228515634, 700.0000109375002, 750.0000292968762, 800.0, 850.0000298828136, 900.0000140625002, 950.0000148437501, 1000.0], "ampl": [3500.281655521699, 5171.4135625147355, 6658.3879602620245, 7954.303736314727, 9076.758101413536, 10013.479698935831, 10814.28388193211, 11490.911384451007, 12048.954858046298, 12529.747050707207, 12914.708067929416, 13241.34068185095, 13519.436900376737, 13754.610492817943, 13940.218056847989, 14099.486325204081, 14239.827833687532, 14346.907541110008, 14438.014099413818]}, "6": {"freq": [100.0, 150.0000005859375, 200.0, 250.0, 300.0000046875001, 350.0000054687501, 400.0, 450.0000070312501, 500.0, 550.0000064453126, 600.0000093750002, 650.0000228515634, 700.0000109375002, 750.0000292968762, 800.0, 850.0000298828136, 900.0000140625002, 950.0000148437501, 1000.0], "ampl": [3672.482661185735, 5426.244098579046, 6981.122994592554, 8335.019260464484, 9505.016750243063, 10473.383694916149, 11297.835055651645, 11989.047626687965, 12557.294475796012, 13041.586668203168, 13423.782431722226, 13749.182684180374, 14021.42285619655, 14249.195945203532, 14427.601945370501, 14579.937321310435, 14711.079655363053, 14810.284033364136, 14894.2589259761]}, "7": {"freq": [100.0, 150.0000005859375, 200.0, 250.0, 300.0000046875001, 350.0000054687501, 400.0, 450.0000070312501, 500.0, 550.0000064453126, 600.0000093750002, 650.0000228515634, 700.0000109375002, 750.0000292968762, 800.0, 850.0000298828136, 900.0000140625002, 950.0000148437501, 1000.0], "ampl": [3410.853949726445, 5059.851467821499, 6532.911397808116, 7829.40010392167, 8956.93074268882, 9901.351685867096, 10708.136824315736, 11389.908257393614, 11953.176474223237, 12434.751047096028, 12818.643932159974, 13147.040379318245, 13419.537489063718, 13651.561778866375, 13832.683924526482, 13989.428061311326, 14124.23446594006, 14227.48963544608, 14314.241680847885]}, "wireSegments": [34, 36, 38, 40, 434, 436, 438, 440, 834, 836, 838, 840], "apaChannels": [null, null, null, null, 40, 38, 36, 34], "measuredBy": "", "stage": "DWA Development", "apaUuid": "continuity100-12", "layer": "V", "headboardNum": "1", "side": "A"}