{"scanEndMode": 0, "0": {"freq": [100.0, 150.0000005859375, 200.0, 250.0, 300.0000046875001, 350.0000054687501, 400.0, 450.0000070312501, 500.0, 550.0000064453126, 600.0000093750002, 650.0000228515634, 700.0000109375002, 750.0000292968762, 800.0, 850.0000298828136, 900.0000140625002, 950.0000148437501, 1000.0], "ampl": [3728.260544234402, 5516.06823422766, 7112.70921564901, 8510.008890240735, 9713.572553658669, 10739.148029347869, 11600.385569328526, 12320.984355906727, 12929.25634396009, 13430.988934135159, 13860.833747309234, 14201.359661254966, 14490.328295629315, 14734.13997096427, 14942.360777255635, 15107.592698595607, 15240.878214263164, 15355.846699281088, 15435.6351516022]}, "1": {"freq": [100.0, 150.0000005859375, 200.0, 250.0, 300.0000046875001, 350.0000054687501, 400.0, 450.0000070312501, 500.0, 550.0000064453126, 600.0000093750002, 650.0000228515634, 700.0000109375002, 750.0000292968762, 800.0, 850.0000298828136, 900.0000140625002, 950.0000148437501, 1000.0], "ampl": [3387.6651311574683, 5034.099607582766, 6526.6693403464915, 7855.114293144147, 9018.404458187799, 10028.993141102008, 10889.205756123403, 11620.06383533051, 12245.498206574763, 12769.631269528734, 13222.269015480388, 13586.383173252267, 13900.19072017363, 14165.266476212233, 14390.80258933802, 14579.105876855807, 14730.400059403284, 14860.122075604877, 14954.335125671367]}, "2": {"freq": [100.0, 150.0000005859375, 200.0, 250.0, 300.0000046875001, 350.0000054687501, 400.0, 450.0000070312501, 500.0, 550.0000064453126, 600.0000093750002, 650.0000228515634, 700.0000109375002, 750.0000292968762, 800.0, 850.0000298828136, 900.0000140625002, 950.0000148437501, 1000.0], "ampl": [3807.5375571279433, 5626.611665543327, 7244.060152796448, 8653.655071017483, 9861.458403402066, 10887.229201061047, 11741.437332761063, 12454.832376044988, 13054.950655733654, 13548.769109275616, 13968.560459009348, 14300.859583595899, 14582.473295959437, 14819.082189311026, 15017.468133436407, 15178.823449067384, 15307.133066954219, 15414.866396508954, 15487.983271695435]}, "3": {"freq": [100.0, 150.0000005859375, 200.0, 250.0, 300.0000046875001, 350.0000054687501, 400.0, 450.0000070312501, 500.0, 550.0000064453126, 600.0000093750002, 650.0000228515634, 700.0000109375002, 750.0000292968762, 800.0, 850.0000298828136, 900.0000140625002, 950.0000148437501, 1000.0], "ampl": [3314.3919801997527, 4932.02036662785, 6399.8960704145, 7705.701024635002, 8851.495403422794, 9845.345471115372, 10695.191039672987, 11415.658618087453, 12032.767216866063, 12549.584805768834, 12997.241358429868, 13358.443177716059, 13667.166387084173, 13930.368565408347, 14153.736161387476, 14339.208651866342, 14489.61032547729, 14620.515652482243, 14710.945433429799]}, "4": {"freq": [100.0, 150.0000005859375, 200.0, 250.0, 300.0000046875001, 350.0000054687501, 400.0, 450.0000070312501, 500.0, 550.0000064453126, 600.0000093750002, 650.0000228515634, 700.0000109375002, 750.0000292968762, 800.0, 850.0000298828136, 900.0000140625002, 950.0000148437501, 1000.0], "ampl": [3826.8916997636998, 5640.813685586821, 7244.359632696913, 8629.246710661548, 9808.64959660928, 10799.796724030624, 11622.918481773939, 12302.181392445436, 12868.838425037613, 13332.825447733036, 13726.185029900074, 14033.73668893643, 14294.286666439188, 14510.990287608034, 14693.278657116249, 14838.632005306734, 14953.240704803373, 15052.444179480175, 15114.610692089238]}, "5": {"freq": [100.0, 150.0000005859375, 200.0, 250.0, 300.0000046875001, 350.0000054687501, 400.0, 450.0000070312501, 500.0, 550.0000064453126, 600.0000093750002, 650.0000228515634, 700.0000109375002, 750.0000292968762, 800.0, 850.0000298828136, 900.0000140625002, 950.0000148437501, 1000.0], "ampl": [3433.7519084399246, 5093.565083440772, 6593.066780141538, 7919.371795446568, 9074.763387284773, 10070.98913516149, 10915.54479435583, 11627.976395673224, 12236.005800103545, 12740.010786103321, 13175.05767658589, 13526.885823072998, 13822.099698427743, 14074.063936784978, 14288.196608977487, 14467.122115523118, 14604.834352586662, 14727.212601397472, 14813.198763516273]}, "6": {"freq": [100.0, 150.0000005859375, 200.0, 250.0, 300.0000046875001, 350.0000054687501, 400.0, 450.0000070312501, 500.0, 550.0000064453126, 600.0000093750002, 650.0000228515634, 700.0000109375002, 750.0000292968762, 800.0, 850.0000298828136, 900.0000140625002, 950.0000148437501, 1000.0], "ampl": [3862.0527047404066, 5680.8652603292485, 7280.547445441961, 8652.721484543586, 9813.726809676295, 10787.217721710904, 11587.59883409787, 12244.937668892015, 12794.887791736403, 13238.19945522483, 13617.246587206278, 13909.497804238272, 14157.44280893346, 14362.360832791112, 14534.812784979262, 14671.690732973117, 14778.296851057668, 14869.966813002904, 14926.81608264838]}, "7": {"freq": [100.0, 150.0000005859375, 200.0, 250.0, 300.0000046875001, 350.0000054687501, 400.0, 450.0000070312501, 500.0, 550.0000064453126, 600.0000093750002, 650.0000228515634, 700.0000109375002, 750.0000292968762, 800.0, 850.0000298828136, 900.0000140625002, 950.0000148437501, 1000.0], "ampl": [88.97856082261606, 141.6144549582848, 193.36012205869025, 249.2432024662984, 305.4198528463146, 363.65655438490126, 421.93708570132907, 477.8090524720959, 532.868318780514, 585.6737558581628, 637.7989148171349, 686.7544438228232, 732.4183950607146, 777.7689623993102, 818.2749757000646, 857.8544387287192, 895.013144946449, 930.7788502185622, 960.3201051912434]}, "wireSegments": [1, 3, 5, 7, 9, 11, 13, 15], "apaChannels": [15, 13, 11, 9, 7, 5, 3, 1], "measuredBy": "", "stage": "DWA Development", "apaUuid": "continuity100-12", "layer": "X", "headboardNum": "1", "side": "A"}