{"scanEndMode": 0, "0": {"freq": [20.0, 68.00000004249999, 116.00000061625, 164.00000102500002, 212.0000017225, 260.00000121875, 308.00000413875006, 356.00000178, 404.00000404, 452.00000113000004, 500.0, 548.0000054800001, 596.0000018625001, 644.0000128800003, 692.0000309237514, 740.0000127187502, 788.0000398925021, 836.0000428450022, 884.0000005525001, 932.0000393187518, 980.0000367500014, 1028.000071638755], "ampl": [128.37245824147408, 664.0645718257484, 1273.4669164587765, 1867.730402194002, 2421.7202774928833, 2928.8401633377866, 3387.260168811274, 3795.833619788708, 4155.105313376234, 4471.895679098833, 4746.3271727053925, 4986.361529351296, 5196.327096710117, 5372.232484116913, 5527.148556069601, 5660.763031747706, 5775.629796339484, 5873.926372206802, 5959.354756970348, 6032.048930475168, 6090.989274097588, 6143.981008530554]}, "1": {"freq": [20.0, 68.00000004249999, 116.00000061625, 164.00000102500002, 212.0000017225, 260.00000121875, 308.00000413875006, 356.00000178, 404.00000404, 452.00000113000004, 500.0, 548.0000054800001, 596.0000018625001, 644.0000128800003, 692.0000309237514, 740.0000127187502, 788.0000398925021, 836.0000428450022, 884.0000005525001, 932.0000393187518, 980.0000367500014, 1028.000071638755], "ampl": [83.42372638035347, 430.405936336236, 825.4366147818877, 1212.7267166745667, 1578.3075597339923, 1913.9679563826085, 2224.1227459898296, 2501.4126894083706, 2748.7759440273135, 2967.78776220071, 3160.6083584219878, 3331.1602834339046, 3480.1498103548874, 3608.5536021780376, 3722.715178749948, 3819.8773060562894, 3903.2114970452976, 3977.017826088865, 4044.1339868523073, 4097.970066910416, 4143.369401882259, 4185.305181968595]}, "2": {"freq": [20.0, 68.00000004249999, 116.00000061625, 164.00000102500002, 212.0000017225, 260.00000121875, 308.00000413875006, 356.00000178, 404.00000404, 452.00000113000004, 500.0, 548.0000054800001, 596.0000018625001, 644.0000128800003, 692.0000309237514, 740.0000127187502, 788.0000398925021, 836.0000428450022, 884.0000005525001, 932.0000393187518, 980.0000367500014, 1028.000071638755], "ampl": [75.78717003181953, 383.6864449011506, 740.1309269817183, 1088.6269482464097, 1421.6482690506791, 1728.1137610277965, 2011.4585371742417, 2269.1137948278897, 2497.974969326738, 2703.1442335307424, 2884.928822745857, 3046.3499325966804, 3189.3336521758324, 3312.549806072813, 3421.3110718681755, 3515.0541885919465, 3596.8560119834747, 3670.0670573252914, 3732.3466558948435, 3787.504241344277, 3830.991310194888, 3873.3033703427714]}, "3": {"freq": [20.0, 68.00000004249999, 116.00000061625, 164.00000102500002, 212.0000017225, 260.00000121875, 308.00000413875006, 356.00000178, 404.00000404, 452.00000113000004, 500.0, 548.0000054800001, 596.0000018625001, 644.0000128800003, 692.0000309237514, 740.0000127187502, 788.0000398925021, 836.0000428450022, 884.0000005525001, 932.0000393187518, 980.0000367500014, 1028.000071638755], "ampl": [105.03098855005673, 562.8494302617108, 1082.6448844223867, 1587.9696909284066, 2063.241135503138, 2499.809330608125, 2895.4029396313763, 3251.765780218195, 3566.65788395234, 3843.7544210479223, 4088.64080275445, 4302.829854828761, 4491.04357211917, 4651.662432519311, 4791.359105310996, 4912.317827772897, 5017.121823833926, 5109.943374811922, 5187.93609784447, 5256.16744992735, 5311.464008192944, 5362.045349718885]}, "4": {"freq": [20.0, 68.00000004249999, 116.00000061625, 164.00000102500002, 212.0000017225, 260.00000121875, 308.00000413875006, 356.00000178, 404.00000404, 452.00000113000004, 500.0, 548.0000054800001, 596.0000018625001, 644.0000128800003, 692.0000309237514, 740.0000127187502, 788.0000398925021, 836.0000428450022, 884.0000005525001, 932.0000393187518, 980.0000367500014, 1028.000071638755], "ampl": [103.53521380915997, 547.1245201950642, 1050.01694047804, 1539.8020099866458, 2000.7857463983266, 2427.618631452039, 2815.603906340857, 3165.595216119036, 3477.5114982114933, 3753.098742260797, 3997.0511775865307, 4211.9972154564175, 4402.344310873555, 4564.3992255976555, 4706.571653778354, 4830.029059314007, 4935.127982779073, 5030.496715243191, 5111.136694552301, 5181.646711425315, 5238.118944334026, 5290.637109103118]}, "5": {"freq": [20.0, 68.00000004249999, 116.00000061625, 164.00000102500002, 212.0000017225, 260.00000121875, 308.00000413875006, 356.00000178, 404.00000404, 452.00000113000004, 500.0, 548.0000054800001, 596.0000018625001, 644.0000128800003, 692.0000309237514, 740.0000127187502, 788.0000398925021, 836.0000428450022, 884.0000005525001, 932.0000393187518, 980.0000367500014, 1028.000071638755], "ampl": [105.15951434788867, 549.1825320243462, 1060.91287164484, 1557.0814033554377, 2023.0795346962182, 2456.3447912347992, 2850.213973402647, 3203.984617488014, 3520.395870878566, 3799.2188078444738, 4046.7490575348756, 4265.277386297996, 4457.330455939429, 4619.994821192354, 4767.135782875636, 4890.100150436661, 4997.2686566220145, 5094.349379771596, 5175.641167311901, 5245.892628952034, 5304.91248408707, 5359.9911885244765]}, "6": {"freq": [20.0, 68.00000004249999, 116.00000061625, 164.00000102500002, 212.0000017225, 260.00000121875, 308.00000413875006, 356.00000178, 404.00000404, 452.00000113000004, 500.0, 548.0000054800001, 596.0000018625001, 644.0000128800003, 692.0000309237514, 740.0000127187502, 788.0000398925021, 836.0000428450022, 884.0000005525001, 932.0000393187518, 980.0000367500014, 1028.000071638755], "ampl": [103.82660087956224, 540.8802863357987, 1040.8854218176332, 1524.6348316150513, 1980.1571937017557, 2403.7745681545775, 2787.2237783837345, 3131.449607404187, 3436.0384644764085, 3703.730106381453, 3941.7881439058997, 4151.121519658437, 4335.038337514598, 4491.633479966704, 4628.9805257698, 4747.308756732452, 4847.4525662450715, 4936.775030511013, 5015.062518388501, 5080.894494745415, 5134.025117802198, 5183.365338632582]}, "7": {"freq": [20.0, 68.00000004249999, 116.00000061625, 164.00000102500002, 212.0000017225, 260.00000121875, 308.00000413875006, 356.00000178, 404.00000404, 452.00000113000004, 500.0, 548.0000054800001, 596.0000018625001, 644.0000128800003, 692.0000309237514, 740.0000127187502, 788.0000398925021, 836.0000428450022, 884.0000005525001, 932.0000393187518, 980.0000367500014, 1028.000071638755], "ampl": [100.34855574401077, 532.9843404397956, 1023.9257273716557, 1498.6878260250328, 1944.6399126031442, 2355.859304508469, 2726.653032402385, 3059.0177344351755, 3353.4050802746174, 3612.1436476688414, 3837.8824182428552, 4036.973576245666, 4210.28224261892, 4359.7821762088415, 4488.134859878372, 4600.63356976108, 4695.820468381561, 4780.494061397187, 4851.592482556045, 4913.033067866163, 4963.9802516196305, 5008.012255947492]}, "wireSegments": [57, 59, 61, 63, 65, 67, 69, 71, 457, 459, 461, 463, 465, 467, 469, 471, 857, 859, 861, 863, 865, 867, 869, 871], "apaChannels": [57, 59, 61, 63, 65, 67, 69, 71], "measuredBy": "Chris Stanford", "stage": "Installation (Top)", "apaUuid": "43cd3950-268d-11ec-b6f5-a70e70a44436", "layer": "V", "headboardNum": "2", "side": "B"}