{"scanEndMode": 0, "0": {"freq": [100.0, 150.0000005859375, 200.0, 250.0, 300.0000046875001, 350.0000054687501, 400.0, 450.0000070312501, 500.0, 550.0000064453126, 600.0000093750002, 650.0000228515634, 700.0000109375002, 750.0000292968762, 800.0, 850.0000298828136, 900.0000140625002, 950.0000148437501, 1000.0], "ampl": [2163.401916027085, 3248.295752361376, 4266.7340513083955, 5211.867824424501, 6080.338459087734, 6864.460938052359, 7572.274393926536, 8202.012129476956, 8762.8496008211, 9260.592266694686, 9691.334486271666, 10073.521502578245, 10409.878979360263, 10701.766793186202, 10956.011062895457, 11178.885055510626, 11368.671931188983, 11533.882006514094, 11675.282077929933]}, "1": {"freq": [100.0, 150.0000005859375, 200.0, 250.0, 300.0000046875001, 350.0000054687501, 400.0, 450.0000070312501, 500.0, 550.0000064453126, 600.0000093750002, 650.0000228515634, 700.0000109375002, 750.0000292968762, 800.0, 850.0000298828136, 900.0000140625002, 950.0000148437501, 1000.0], "ampl": [1760.8230106732224, 2660.424112858718, 3512.530792646299, 4317.181681681591, 5069.623672054195, 5761.826206892674, 6400.167312238605, 6977.770189582659, 7503.489996382313, 7978.046001304789, 8397.842608796142, 8776.721606547615, 9113.528702666117, 9412.837366288375, 9677.205457367365, 9912.635598107772, 10117.748772696099, 10297.118362885456, 10455.00540806462]}, "2": {"freq": [100.0, 150.0000005859375, 200.0, 250.0, 300.0000046875001, 350.0000054687501, 400.0, 450.0000070312501, 500.0, 550.0000064453126, 600.0000093750002, 650.0000228515634, 700.0000109375002, 750.0000292968762, 800.0, 850.0000298828136, 900.0000140625002, 950.0000148437501, 1000.0], "ampl": [2178.8953608372117, 3270.6995002529416, 4294.149651343186, 5239.659543827246, 6106.3504791379855, 6886.20569144078, 7588.906398197478, 8210.687427413068, 8765.611900178455, 9252.049439633829, 9675.324366265017, 10049.412269726361, 10376.940918108368, 10661.919277420067, 10908.203383347576, 11124.066380622142, 11307.782630034271, 11466.207127431362, 11602.487526317425]}, "3": {"freq": [100.0, 150.0000005859375, 200.0, 250.0, 300.0000046875001, 350.0000054687501, 400.0, 450.0000070312501, 500.0, 550.0000064453126, 600.0000093750002, 650.0000228515634, 700.0000109375002, 750.0000292968762, 800.0, 850.0000298828136, 900.0000140625002, 950.0000148437501, 1000.0], "ampl": [881.8154278275003, 1344.265326957998, 1789.700933216751, 2221.254520621051, 2633.545943183345, 3025.561672841846, 3396.789689292677, 3744.343163474571, 4072.7442792970674, 4377.8960715514495, 4656.87957789012, 4916.300411166546, 5155.725876265207, 5371.052543598713, 5571.096064403139, 5752.134295996197, 5914.651656611593, 6062.183311566411, 6194.595861096846]}, "4": {"freq": [], "ampl": []}, "5": {"freq": [], "ampl": []}, "6": {"freq": [], "ampl": []}, "7": {"freq": [], "ampl": []}, "wireSegments": [34, 36, 38, 40, 434, 436, 438, 440, 834, 836, 838, 840], "apaChannels": [34, 36, 38, 40, null, null, null, null], "measuredBy": "", "stage": "DWA Development", "apaUuid": "continuity47-12", "layer": "U", "headboardNum": "10", "side": "A"}