{"scanEndMode": 0, "0": {"freq": [20.0, 68.00000004249999, 116.00000061625, 164.00000102500002, 212.0000017225, 260.00000121875, 308.00000413875006, 356.00000178, 404.00000404, 452.00000113000004, 500.0, 548.0000054800001, 596.0000018625001, 644.0000128800003, 692.0000309237514, 740.0000127187502, 788.0000398925021, 836.0000428450022, 884.0000005525001, 932.0000393187518, 980.0000367500014, 1028.000071638755], "ampl": [87.25688513254792, 506.435854797989, 986.1342867783347, 1460.9438256174662, 1919.6017150239998, 2355.5675829183865, 2764.130769871123, 3143.563257630418, 3496.520662033378, 3820.8410534127115, 4117.269671704228, 4387.495604653403, 4633.483706826902, 4850.957989037344, 5047.7046280926525, 5226.203048169289, 5388.651048111387, 5530.4673163659945, 5655.702128985893, 5770.2188526218815, 5872.400367118905, 5958.372660255108]}, "1": {"freq": [20.0, 68.00000004249999, 116.00000061625, 164.00000102500002, 212.0000017225, 260.00000121875, 308.00000413875006, 356.00000178, 404.00000404, 452.00000113000004, 500.0, 548.0000054800001, 596.0000018625001, 644.0000128800003, 692.0000309237514, 740.0000127187502, 788.0000398925021, 836.0000428450022, 884.0000005525001, 932.0000393187518, 980.0000367500014, 1028.000071638755], "ampl": [95.55916767200682, 529.2548816053752, 1031.4793682985744, 1531.1265806230194, 2011.9943013252637, 2471.179239231249, 2903.072752891997, 3306.984276655117, 3681.6927993439094, 4024.3324311653428, 4343.773495965391, 4632.437730427521, 4897.09488969672, 5132.1990237991395, 5345.554966805079, 5537.150475196293, 5713.954412501085, 5867.615074634586, 6005.951034192611, 6130.9637373136375, 6243.9841131978965, 6337.740123807387]}, "2": {"freq": [20.0, 68.00000004249999, 116.00000061625, 164.00000102500002, 212.0000017225, 260.00000121875, 308.00000413875006, 356.00000178, 404.00000404, 452.00000113000004, 500.0, 548.0000054800001, 596.0000018625001, 644.0000128800003, 692.0000309237514, 740.0000127187502, 788.0000398925021, 836.0000428450022, 884.0000005525001, 932.0000393187518, 980.0000367500014, 1028.000071638755], "ampl": [66.74417776237757, 410.1753538566866, 803.1400065342683, 1190.0799603122161, 1565.451715364202, 1922.6142678939316, 2259.5982560860302, 2573.0509733648732, 2865.999842366468, 3134.2940812731617, 3380.905523873997, 3606.4233039300916, 3812.9695886056656, 3995.1533992131854, 4162.093767966398, 4314.465240883088, 4453.132158600672, 4573.186427229202, 4681.753000087025, 4779.7113606875355, 4865.2854489379515, 4941.556442105387]}, "3": {"freq": [20.0, 68.00000004249999, 116.00000061625, 164.00000102500002, 212.0000017225, 260.00000121875, 308.00000413875006, 356.00000178, 404.00000404, 452.00000113000004, 500.0, 548.0000054800001, 596.0000018625001, 644.0000128800003, 692.0000309237514, 740.0000127187502, 788.0000398925021, 836.0000428450022, 884.0000005525001, 932.0000393187518, 980.0000367500014, 1028.000071638755], "ampl": [50.175390437443205, 297.3606904743782, 582.3411171424385, 867.9701786484949, 1144.679006005685, 1412.6631503072363, 1666.0060115947456, 1905.292142040372, 2131.329875447178, 2340.057416978709, 2533.303953317632, 2713.340655310592, 2879.1363043741226, 3028.8993152026874, 3164.9344225735385, 3289.535758385496, 3404.540518300595, 3506.4288095572533, 3597.87050905447, 3682.5145740678745, 3757.572850631704, 3821.9533702378994]}, "4": {"freq": [20.0, 68.00000004249999, 116.00000061625, 164.00000102500002, 212.0000017225, 260.00000121875, 308.00000413875006, 356.00000178, 404.00000404, 452.00000113000004, 500.0, 548.0000054800001, 596.0000018625001, 644.0000128800003, 692.0000309237514, 740.0000127187502, 788.0000398925021, 836.0000428450022, 884.0000005525001, 932.0000393187518, 980.0000367500014, 1028.000071638755], "ampl": [104.52472977579833, 599.8032451552724, 1166.7473153980657, 1723.8565478125477, 2258.100815100002, 2763.039387217568, 3234.51238350265, 3669.4997600208694, 4068.291364785174, 4432.253400753476, 4762.316149309724, 5059.191664139241, 5326.427306264487, 5565.162938930847, 5777.0703288535815, 5965.9155511005665, 6137.9399167315205, 6286.270402177116, 6417.221229313663, 6534.702658850439, 6640.579259677897, 6727.196546793292]}, "5": {"freq": [20.0, 68.00000004249999, 116.00000061625, 164.00000102500002, 212.0000017225, 260.00000121875, 308.00000413875006, 356.00000178, 404.00000404, 452.00000113000004, 500.0, 548.0000054800001, 596.0000018625001, 644.0000128800003, 692.0000309237514, 740.0000127187502, 788.0000398925021, 836.0000428450022, 884.0000005525001, 932.0000393187518, 980.0000367500014, 1028.000071638755], "ampl": [16.775282595470127, 103.12858308897903, 200.6046831180878, 299.01726165460235, 398.6520446043768, 495.58852457306637, 589.765476944487, 683.878485079569, 774.008521466683, 861.729749558363, 947.4293854695629, 1029.2136677650847, 1109.6783098987082, 1184.3401064654595, 1255.9712646869727, 1325.4017206553663, 1391.0389648771743, 1453.5248124538532, 1511.0686161121819, 1565.2455513985121, 1617.037474478528, 1665.8826964767504]}, "6": {"freq": [20.0, 68.00000004249999, 116.00000061625, 164.00000102500002, 212.0000017225, 260.00000121875, 308.00000413875006, 356.00000178, 404.00000404, 452.00000113000004, 500.0, 548.0000054800001, 596.0000018625001, 644.0000128800003, 692.0000309237514, 740.0000127187502, 788.0000398925021, 836.0000428450022, 884.0000005525001, 932.0000393187518, 980.0000367500014, 1028.000071638755], "ampl": [101.9181789966997, 575.6322742269276, 1118.4251273470204, 1653.5118041356584, 2169.1049536433684, 2654.830055387898, 3107.2871018758256, 3523.21535740064, 3905.1393409867846, 4253.449136858272, 4568.223433122196, 4851.15673007514, 5106.150523344555, 5331.229498917687, 5531.499450253942, 5713.208123356787, 5874.203745672232, 6014.895598611293, 6139.11425632306, 6248.703248686085, 6348.606744691184, 6430.518341008515]}, "7": {"freq": [20.0, 68.00000004249999, 116.00000061625, 164.00000102500002, 212.0000017225, 260.00000121875, 308.00000413875006, 356.00000178, 404.00000404, 452.00000113000004, 500.0, 548.0000054800001, 596.0000018625001, 644.0000128800003, 692.0000309237514, 740.0000127187502, 788.0000398925021, 836.0000428450022, 884.0000005525001, 932.0000393187518, 980.0000367500014, 1028.000071638755], "ampl": [83.636250897443, 466.31919517332227, 912.2579136361397, 1354.522520003188, 1781.7094323812314, 2188.869190028948, 2571.25682409179, 2927.96048636482, 3258.4331525653424, 3560.443243534297, 3839.118635600178, 4090.238569155851, 4320.306741213466, 4527.213151159834, 4711.78803537726, 4879.088486958317, 5031.218040706671, 5164.51018608263, 5282.845477161553, 5389.025887329837, 5484.85680357097, 5563.760891568622]}, "wireSegments": [67, 69, 71, 73, 75, 77, 79, 81], "apaChannels": [67, 69, 71, 73, 75, 77, 79, 81], "measuredBy": "Chris Stanford", "stage": "Installation (Top)", "apaUuid": "43cd3950-268d-11ec-b6f5-a70e70a44436", "layer": "G", "headboardNum": "2", "side": "B"}