{"scanEndMode": 0, "0": {"freq": [20.0, 68.00000004249999, 116.00000061625, 164.00000102500002, 212.0000017225, 260.00000121875, 308.00000413875006, 356.00000178, 404.00000404, 452.00000113000004, 500.0, 548.0000054800001, 596.0000018625001, 644.0000128800003, 692.0000309237514, 740.0000127187502, 788.0000398925021, 836.0000428450022, 884.0000005525001, 932.0000393187518, 980.0000367500014, 1028.000071638755], "ampl": [98.09591736807049, 478.1066419688811, 918.4670024962268, 1352.2413592650698, 1755.6449187669318, 2131.577865340732, 2469.381307322023, 2774.0321108635612, 3044.61743956687, 3283.0080449606744, 3494.831120530153, 3677.618751431737, 3836.0333125129328, 3976.8788012242853, 4095.8565904012785, 4199.685276979661, 4294.738508103228, 4371.05430237635, 4434.876138745161, 4492.443200237969, 4540.596443038731, 4583.2740783344425]}, "1": {"freq": [20.0, 68.00000004249999, 116.00000061625, 164.00000102500002, 212.0000017225, 260.00000121875, 308.00000413875006, 356.00000178, 404.00000404, 452.00000113000004, 500.0, 548.0000054800001, 596.0000018625001, 644.0000128800003, 692.0000309237514, 740.0000127187502, 788.0000398925021, 836.0000428450022, 884.0000005525001, 932.0000393187518, 980.0000367500014, 1028.000071638755], "ampl": [128.26435734058552, 681.9102963914113, 1312.100007272154, 1921.3073202590622, 2488.390898113114, 3009.9293678362715, 3479.8527804457485, 3898.2494286255865, 4266.872887252004, 4590.7295244058605, 4874.757247755409, 5121.579409017944, 5331.025323449971, 5515.193443825676, 5672.40267485078, 5811.013021131759, 5933.599831595868, 6032.717970004759, 6116.593064903487, 6189.331718867928, 6252.531147001199, 6305.271850824393]}, "2": {"freq": [20.0, 68.00000004249999, 116.00000061625, 164.00000102500002, 212.0000017225, 260.00000121875, 308.00000413875006, 356.00000178, 404.00000404, 452.00000113000004, 500.0, 548.0000054800001, 596.0000018625001, 644.0000128800003, 692.0000309237514, 740.0000127187502, 788.0000398925021, 836.0000428450022, 884.0000005525001, 932.0000393187518, 980.0000367500014, 1028.000071638755], "ampl": [119.0262537302927, 619.262591030501, 1191.3686478379846, 1752.6424238717223, 2279.0468790279124, 2767.77473005856, 3211.5855658654173, 3611.2783115184257, 3966.800222466112, 4282.507199666815, 4561.0524208070265, 4805.827863394073, 5014.523356975043, 5201.370790050203, 5362.471398861013, 5502.02863885707, 5627.576902653682, 5729.898762450462, 5816.726677844735, 5892.858964515356, 5959.814325357339, 6016.383768856392]}, "3": {"freq": [20.0, 68.00000004249999, 116.00000061625, 164.00000102500002, 212.0000017225, 260.00000121875, 308.00000413875006, 356.00000178, 404.00000404, 452.00000113000004, 500.0, 548.0000054800001, 596.0000018625001, 644.0000128800003, 692.0000309237514, 740.0000127187502, 788.0000398925021, 836.0000428450022, 884.0000005525001, 932.0000393187518, 980.0000367500014, 1028.000071638755], "ampl": [124.5347208486717, 662.2575095855881, 1269.986227689741, 1861.5082991307802, 2415.7884812887405, 2927.662971965136, 3389.72642240058, 3802.590647268398, 4170.481245842378, 4495.627053211424, 4782.566458988751, 5027.903067928915, 5243.215797980645, 5431.809909920023, 5592.1363851592905, 5733.878575604042, 5862.047461797819, 5965.789831850983, 6050.122005617632, 6126.921711615436, 6192.289757781454, 6248.329357844283]}, "4": {"freq": [20.0, 68.00000004249999, 116.00000061625, 164.00000102500002, 212.0000017225, 260.00000121875, 308.00000413875006, 356.00000178, 404.00000404, 452.00000113000004, 500.0, 548.0000054800001, 596.0000018625001, 644.0000128800003, 692.0000309237514, 740.0000127187502, 788.0000398925021, 836.0000428450022, 884.0000005525001, 932.0000393187518, 980.0000367500014, 1028.000071638755], "ampl": [113.28273603659565, 594.0645491555628, 1144.838470259353, 1681.035583055194, 2184.20673741708, 2648.3386472128072, 3070.660282894697, 3448.84703599427, 3787.4724146843864, 4087.115760299181, 4350.695033711783, 4581.541407891326, 4780.658371164401, 4955.570136393456, 5107.484280427789, 5238.78941273452, 5358.0992714273625, 5455.9387900158135, 5536.764531342814, 5608.356045747564, 5670.2206450990325, 5724.588036325704]}, "5": {"freq": [20.0, 68.00000004249999, 116.00000061625, 164.00000102500002, 212.0000017225, 260.00000121875, 308.00000413875006, 356.00000178, 404.00000404, 452.00000113000004, 500.0, 548.0000054800001, 596.0000018625001, 644.0000128800003, 692.0000309237514, 740.0000127187502, 788.0000398925021, 836.0000428450022, 884.0000005525001, 932.0000393187518, 980.0000367500014, 1028.000071638755], "ampl": [110.87954841810266, 579.6658171906935, 1110.7495124500358, 1629.0114603742331, 2114.3845045941785, 2559.351570552852, 2972.0878140864634, 3337.8652921937905, 3663.4453716760777, 3952.178115458236, 4207.235832590059, 4429.155703482235, 4620.426752739968, 4790.183760667504, 4935.905710679579, 5063.223201310758, 5176.637338639833, 5270.122475691515, 5347.74829926194, 5417.406529637124, 5477.885055417084, 5529.65295534732]}, "6": {"freq": [20.0, 68.00000004249999, 116.00000061625, 164.00000102500002, 212.0000017225, 260.00000121875, 308.00000413875006, 356.00000178, 404.00000404, 452.00000113000004, 500.0, 548.0000054800001, 596.0000018625001, 644.0000128800003, 692.0000309237514, 740.0000127187502, 788.0000398925021, 836.0000428450022, 884.0000005525001, 932.0000393187518, 980.0000367500014, 1028.000071638755], "ampl": [113.50541708510507, 590.7123126793961, 1135.2417498864022, 1664.4619890589, 2163.9768427085896, 2624.9053933265272, 3043.788367055161, 3418.4882855074925, 3752.6405419479884, 4049.3469612695376, 4310.5816088518095, 4536.812996896765, 4734.447994875441, 4907.228440302429, 5058.3796632520925, 5187.186200029121, 5304.221145919118, 5401.051700456281, 5478.221608742872, 5549.638806090605, 5610.316981924166, 5664.101883123678]}, "7": {"freq": [20.0, 68.00000004249999, 116.00000061625, 164.00000102500002, 212.0000017225, 260.00000121875, 308.00000413875006, 356.00000178, 404.00000404, 452.00000113000004, 500.0, 548.0000054800001, 596.0000018625001, 644.0000128800003, 692.0000309237514, 740.0000127187502, 788.0000398925021, 836.0000428450022, 884.0000005525001, 932.0000393187518, 980.0000367500014, 1028.000071638755], "ampl": [121.47679148211844, 636.6369615114105, 1220.5234965642105, 1784.619262733949, 2312.0078789092345, 2794.418029494421, 3230.6714541722686, 3617.677075120491, 3957.028828461101, 4259.085060066371, 4518.901649384863, 4747.014950168566, 4942.416414844872, 5111.583417622374, 5260.907221907528, 5384.504245661473, 5497.880211559758, 5590.637487067202, 5665.654493510416, 5733.505384123214, 5790.528875719455, 5841.188004560146]}, "wireSegments": [41, 43, 45, 47, 49, 51, 53, 55, 441, 443, 445, 447, 449, 451, 453, 455, 841, 843, 845, 847, 849, 851, 853, 855], "apaChannels": [41, 43, 45, 47, 49, 51, 53, 55], "measuredBy": "Chris Stanford", "stage": "Installation (Top)", "apaUuid": "43cd3950-268d-11ec-b6f5-a70e70a44436", "layer": "V", "headboardNum": "2", "side": "B"}