{"scanEndMode": 0, "0": {"freq": [100.0, 150.0000005859375, 200.0, 250.0, 300.0000046875001, 350.0000054687501, 400.0, 450.0000070312501, 500.0, 550.0000064453126, 600.0000093750002, 650.0000228515634, 700.0000109375002, 750.0000292968762, 800.0, 850.0000298828136, 900.0000140625002, 950.0000148437501, 1000.0], "ampl": [3765.3953865774724, 5564.895183355661, 7172.585935865068, 8576.700984148923, 9782.161170540634, 10804.708211573674, 11665.568653798628, 12393.187568136242, 12987.415666264373, 13491.645780091201, 13904.337448698005, 14255.570615995006, 14537.651778866742, 14778.493575406286, 14972.115541615372, 15139.223149414414, 15265.815690131443, 15382.529791110723, 15459.634834577382]}, "1": {"freq": [100.0, 150.0000005859375, 200.0, 250.0, 300.0000046875001, 350.0000054687501, 400.0, 450.0000070312501, 500.0, 550.0000064453126, 600.0000093750002, 650.0000228515634, 700.0000109375002, 750.0000292968762, 800.0, 850.0000298828136, 900.0000140625002, 950.0000148437501, 1000.0], "ampl": [3363.125567861157, 4995.626958218294, 6477.570009810508, 7793.443338562769, 8945.890297146605, 9940.595759051177, 10788.363866329868, 11520.506183033538, 12124.53030289571, 12645.368701369332, 13077.675473799518, 13448.516657654442, 13752.703135839878, 14011.89791819513, 14226.108638310414, 14410.014991985483, 14553.749097627917, 14684.947891766338, 14778.715731396504]}, "2": {"freq": [100.0, 150.0000005859375, 200.0, 250.0, 300.0000046875001, 350.0000054687501, 400.0, 450.0000070312501, 500.0, 550.0000064453126, 600.0000093750002, 650.0000228515634, 700.0000109375002, 750.0000292968762, 800.0, 850.0000298828136, 900.0000140625002, 950.0000148437501, 1000.0], "ampl": [3737.5362991608627, 5523.705793054585, 7117.003852187902, 8507.118732769986, 9701.005741748344, 10713.507038898444, 11562.87089070678, 12280.044456578922, 12866.12513990688, 13363.63543919439, 13769.657122648403, 14113.890824252076, 14393.222959355295, 14627.646473809154, 14819.027280035996, 14981.846347032639, 15107.47347287, 15219.88317530507, 15296.089056909428]}, "3": {"freq": [100.0, 150.0000005859375, 200.0, 250.0, 300.0000046875001, 350.0000054687501, 400.0, 450.0000070312501, 500.0, 550.0000064453126, 600.0000093750002, 650.0000228515634, 700.0000109375002, 750.0000292968762, 800.0, 850.0000298828136, 900.0000140625002, 950.0000148437501, 1000.0], "ampl": [3367.260356916409, 5005.088257179845, 6489.643186794998, 7810.574692040827, 8961.92569025787, 9959.597073031655, 10810.0420570236, 11540.774271855755, 12147.932300133012, 12667.466806350485, 13099.033264304526, 13470.058197056711, 13772.444627394405, 14032.67719256961, 14245.609850900446, 14429.460762888903, 14573.592593984189, 14704.205217022865, 14796.195613205835]}, "4": {"freq": [100.0, 150.0000005859375, 200.0, 250.0, 300.0000046875001, 350.0000054687501, 400.0, 450.0000070312501, 500.0, 550.0000064453126, 600.0000093750002, 650.0000228515634, 700.0000109375002, 750.0000292968762, 800.0, 850.0000298828136, 900.0000140625002, 950.0000148437501, 1000.0], "ampl": [3778.6663775602005, 5568.713439274742, 7156.419839609868, 8530.906963225094, 9699.986048283396, 10684.190376539718, 11501.949303941572, 12189.935940014842, 12746.294764949107, 13216.947893725925, 13596.478416224292, 13920.879715958648, 14178.481031851441, 14394.915207109041, 14570.04395857856, 14719.845759469548, 14833.48619392728, 14932.816287930813, 14999.970131074153]}, "5": {"freq": [100.0, 150.0000005859375, 200.0, 250.0, 300.0000046875001, 350.0000054687501, 400.0, 450.0000070312501, 500.0, 550.0000064453126, 600.0000093750002, 650.0000228515634, 700.0000109375002, 750.0000292968762, 800.0, 850.0000298828136, 900.0000140625002, 950.0000148437501, 1000.0], "ampl": [3402.7232329824237, 5046.271634693421, 6530.734225677381, 7841.60458743557, 8981.903186708123, 9961.360781567168, 10791.681477940512, 11502.593905682243, 12089.763295504303, 12591.661439724794, 13004.292459775677, 13360.663224690785, 13647.313583742558, 13892.227668531325, 14093.827106802735, 14267.319050045042, 14398.888786164436, 14523.110516661523, 14609.019274534632]}, "6": {"freq": [100.0, 150.0000005859375, 200.0, 250.0, 300.0000046875001, 350.0000054687501, 400.0, 450.0000070312501, 500.0, 550.0000064453126, 600.0000093750002, 650.0000228515634, 700.0000109375002, 750.0000292968762, 800.0, 850.0000298828136, 900.0000140625002, 950.0000148437501, 1000.0], "ampl": [3828.666325129513, 5632.950288136678, 7221.401807837075, 8585.715347732577, 9739.705200418735, 10701.304904346736, 11497.408383080674, 12162.435650093483, 12697.284579353218, 13147.48014999903, 13508.340970343237, 13815.885475676429, 14058.791573060116, 14261.35153324124, 14424.844350481646, 14562.315327777958, 14666.529879647245, 14758.63555728352, 14819.157112492823]}, "7": {"freq": [100.0, 150.0000005859375, 200.0, 250.0, 300.0000046875001, 350.0000054687501, 400.0, 450.0000070312501, 500.0, 550.0000064453126, 600.0000093750002, 650.0000228515634, 700.0000109375002, 750.0000292968762, 800.0, 850.0000298828136, 900.0000140625002, 950.0000148437501, 1000.0], "ampl": [3306.307166804341, 4906.744435971978, 6348.915817026166, 7621.454216693665, 8726.599290582104, 9673.560153922355, 10476.435343118288, 11161.752425041537, 11727.064229720832, 12210.275949783087, 12609.459807881996, 12949.50258779657, 13225.98895023522, 13463.153299656686, 13655.831225654822, 13820.943158270971, 13950.31503539898, 14065.34105148466, 14147.593188948345]}, "wireSegments": [17, 19, 21, 23, 25, 27, 29, 31, 417, 419, 421, 423, 425, 427, 429, 431, 817, 819, 821, 823, 825, 827, 829, 831], "apaChannels": [31, 29, 27, 25, 23, 21, 19, 17], "measuredBy": "", "stage": "DWA Development", "apaUuid": "continuity100-12", "layer": "V", "headboardNum": "1", "side": "A"}