{"scanEndMode": 0, "0": {"freq": [20.0, 68.00000004249999, 116.00000061625, 164.00000102500002, 212.0000017225, 260.00000121875, 308.00000413875006, 356.00000178, 404.00000404, 452.00000113000004, 500.0, 548.0000054800001, 596.0000018625001, 644.0000128800003, 692.0000309237514, 740.0000127187502, 788.0000398925021, 836.0000428450022, 884.0000005525001, 932.0000393187518, 980.0000367500014, 1028.000071638755], "ampl": [117.7416820272053, 635.1556590210836, 1217.9176510586399, 1787.068597129747, 2327.2150414439498, 2826.4001375569674, 3283.0524270119618, 3694.1735887449977, 4061.6290046008244, 4391.7973730253, 4679.770665516408, 4934.112221141183, 5156.574143901379, 5354.521117965153, 5524.4401990273, 5673.724998203272, 5801.403245752748, 5914.20200788838, 6010.363162867729, 6094.401156929846, 6167.041940221682, 6231.447150272189]}, "1": {"freq": [20.0, 68.00000004249999, 116.00000061625, 164.00000102500002, 212.0000017225, 260.00000121875, 308.00000413875006, 356.00000178, 404.00000404, 452.00000113000004, 500.0, 548.0000054800001, 596.0000018625001, 644.0000128800003, 692.0000309237514, 740.0000127187502, 788.0000398925021, 836.0000428450022, 884.0000005525001, 932.0000393187518, 980.0000367500014, 1028.000071638755], "ampl": [95.2506373641078, 507.93538937315657, 978.6650051758872, 1443.050778693204, 1884.7849404811902, 2300.6802322677136, 2684.2599946491264, 3035.5675241340396, 3351.9718319930394, 3639.3996052522148, 3895.197279764417, 4122.823766492986, 4325.9538290542105, 4506.964615945049, 4664.110039589998, 4802.851800811187, 4926.146179845568, 5032.010187684292, 5126.6517997890605, 5207.317829287104, 5278.134956157793, 5342.196659105837]}, "2": {"freq": [20.0, 68.00000004249999, 116.00000061625, 164.00000102500002, 212.0000017225, 260.00000121875, 308.00000413875006, 356.00000178, 404.00000404, 452.00000113000004, 500.0, 548.0000054800001, 596.0000018625001, 644.0000128800003, 692.0000309237514, 740.0000127187502, 788.0000398925021, 836.0000428450022, 884.0000005525001, 932.0000393187518, 980.0000367500014, 1028.000071638755], "ampl": [111.42147232442335, 603.7433753947607, 1161.1330254273862, 1705.6124960622508, 2222.4983345765004, 2700.860240097567, 3141.2956784702938, 3537.0374179149494, 3888.8694185077115, 4207.080916482792, 4486.466285655955, 4731.435023025955, 4949.580827930454, 5140.357235015884, 5305.339806994346, 5451.0845918721825, 5576.950855034585, 5686.343926991101, 5782.434078828311, 5863.7146732072515, 5935.196163401262, 5996.929454152255]}, "3": {"freq": [20.0, 68.00000004249999, 116.00000061625, 164.00000102500002, 212.0000017225, 260.00000121875, 308.00000413875006, 356.00000178, 404.00000404, 452.00000113000004, 500.0, 548.0000054800001, 596.0000018625001, 644.0000128800003, 692.0000309237514, 740.0000127187502, 788.0000398925021, 836.0000428450022, 884.0000005525001, 932.0000393187518, 980.0000367500014, 1028.000071638755], "ampl": [99.6584146782732, 526.8721951845769, 1014.662844874449, 1496.02634326101, 1954.4647967007672, 2383.6470848955464, 2782.902979794881, 3146.1947633831296, 3472.8909324835095, 3770.9109531231443, 4034.904712138496, 4271.052708173101, 4481.308029546106, 4667.273017284987, 4831.335880947378, 4975.157412741223, 5100.912679067427, 5211.587925885572, 5310.365019260246, 5394.469524807868, 5468.515722130454, 5533.447974962052]}, "4": {"freq": [20.0, 68.00000004249999, 116.00000061625, 164.00000102500002, 212.0000017225, 260.00000121875, 308.00000413875006, 356.00000178, 404.00000404, 452.00000113000004, 500.0, 548.0000054800001, 596.0000018625001, 644.0000128800003, 692.0000309237514, 740.0000127187502, 788.0000398925021, 836.0000428450022, 884.0000005525001, 932.0000393187518, 980.0000367500014, 1028.000071638755], "ampl": [110.80984554918878, 597.9266393311194, 1153.5729257449032, 1692.344210786077, 2202.4952572676057, 2676.9614823981915, 3110.669815858807, 3501.4363570050064, 3851.663662279202, 4163.554156802546, 4442.044453303824, 4684.798350338687, 4899.850741486684, 5089.437434895378, 5251.694755047264, 5395.932923696854, 5518.975485504368, 5625.904005810871, 5720.647598859118, 5801.207883051013, 5872.0542444044, 5934.00051618638]}, "5": {"freq": [20.0, 68.00000004249999, 116.00000061625, 164.00000102500002, 212.0000017225, 260.00000121875, 308.00000413875006, 356.00000178, 404.00000404, 452.00000113000004, 500.0, 548.0000054800001, 596.0000018625001, 644.0000128800003, 692.0000309237514, 740.0000127187502, 788.0000398925021, 836.0000428450022, 884.0000005525001, 932.0000393187518, 980.0000367500014, 1028.000071638755], "ampl": [101.30099829720723, 524.6513118091807, 1009.8029629405944, 1487.0173997196725, 1939.9765387394489, 2366.3733504761985, 2757.768695805557, 3113.9514850887945, 3436.9459627348424, 3725.5537271890807, 3985.287519211983, 4215.6822645290285, 4420.374952075576, 4599.896580534509, 4756.682700452325, 4896.34585816091, 5016.272931651415, 5113.2623650643945, 5216.672047500625, 5296.081891949722, 5366.608840755711, 5428.777780707815]}, "6": {"freq": [20.0, 68.00000004249999, 116.00000061625, 164.00000102500002, 212.0000017225, 260.00000121875, 308.00000413875006, 356.00000178, 404.00000404, 452.00000113000004, 500.0, 548.0000054800001, 596.0000018625001, 644.0000128800003, 692.0000309237514, 740.0000127187502, 788.0000398925021, 836.0000428450022, 884.0000005525001, 932.0000393187518, 980.0000367500014, 1028.000071638755], "ampl": [116.74067080130176, 627.3539715544273, 1204.2066016187948, 1766.833693858373, 2294.295051594992, 2780.4478643892503, 3220.140767424696, 3616.4534538266707, 3967.194771446188, 4276.12299771932, 4547.043006136042, 4785.016230069109, 4990.64107254761, 5171.00742548471, 5326.992973431082, 5462.612414604238, 5577.477399387641, 5678.165689485237, 5766.005964260687, 5840.089967020601, 5903.028149319821, 5958.772704893844]}, "7": {"freq": [20.0, 68.00000004249999, 116.00000061625, 164.00000102500002, 212.0000017225, 260.00000121875, 308.00000413875006, 356.00000178, 404.00000404, 452.00000113000004, 500.0, 548.0000054800001, 596.0000018625001, 644.0000128800003, 692.0000309237514, 740.0000127187502, 788.0000398925021, 836.0000428450022, 884.0000005525001, 932.0000393187518, 980.0000367500014, 1028.000071638755], "ampl": [63.49468120052553, 320.39189299457206, 616.4329604673534, 907.8067797605761, 1185.8614760042783, 1445.845017618036, 1683.888533363088, 1902.2365658519054, 2098.6536269850208, 2273.623039564392, 2430.7474504706915, 2569.9592216222504, 2692.328768541753, 2801.5806494791927, 2896.887112547824, 2982.2862468678213, 3053.559790150675, 3116.7239682509353, 3173.153317202292, 3220.7192067998353, 3261.2101325370913, 3299.5815238208747]}, "wireSegments": [321, 323, 325, 327, 329, 331, 333, 335, 721, 723, 725, 727, 729, 731, 733, 735, 1121, 1123, 1125, 1127, 1129, 1131, 1133, 1135], "apaChannels": [335, 333, 331, 329, 327, 325, 323, 321], "measuredBy": "Chris Stanford", "stage": "Installation (Top)", "apaUuid": "43cd3950-268d-11ec-b6f5-a70e70a44436", "layer": "U", "headboardNum": "2", "side": "B"}