{"scanEndMode": 0, "0": {"freq": [100.0, 150.0000005859375, 200.0, 250.0, 300.0000046875001, 350.0000054687501, 400.0, 450.0000070312501, 500.0, 550.0000064453126, 600.0000093750002, 650.0000228515634, 700.0000109375002, 750.0000292968762, 800.0, 850.0000298828136, 900.0000140625002, 950.0000148437501, 1000.0], "ampl": [3681.3743162760425, 5441.979135308029, 7012.077759691078, 8385.428267052805, 9565.26879879428, 10571.003828278497, 11413.106848902838, 12124.693428430146, 12716.29484833515, 13211.380800990664, 13621.473034499686, 13963.704765395956, 14246.853296114341, 14484.587164659415, 14676.236267953474, 14834.64626967122, 14973.68033158075, 15078.515224554882, 15162.506173828313]}, "1": {"freq": [100.0, 150.0000005859375, 200.0, 250.0, 300.0000046875001, 350.0000054687501, 400.0, 450.0000070312501, 500.0, 550.0000064453126, 600.0000093750002, 650.0000228515634, 700.0000109375002, 750.0000292968762, 800.0, 850.0000298828136, 900.0000140625002, 950.0000148437501, 1000.0], "ampl": [3450.127157325993, 5115.91805340955, 6618.822699271804, 7944.848439753573, 9094.329592241329, 10084.022075930665, 10918.537824272822, 11628.159904479522, 12222.132234101618, 12722.291565026751, 13138.089067215124, 13487.623075083942, 13777.86783550765, 14022.087539365704, 14220.33780097307, 14385.958967443245, 14529.464435808719, 14640.349772840187, 14729.818568927085]}, "2": {"freq": [100.0, 150.0000005859375, 200.0, 250.0, 300.0000046875001, 350.0000054687501, 400.0, 450.0000070312501, 500.0, 550.0000064453126, 600.0000093750002, 650.0000228515634, 700.0000109375002, 750.0000292968762, 800.0, 850.0000298828136, 900.0000140625002, 950.0000148437501, 1000.0], "ampl": [3696.6176822233274, 5464.334875087421, 7040.011382983343, 8415.823080698576, 9595.652119046159, 10602.826053651741, 11444.101349602799, 12153.568873877717, 12743.030602749135, 13237.945952335851, 13645.371803551567, 13984.712180443707, 14269.555225003756, 14506.308646174459, 14696.583670731483, 14852.450015879647, 14991.809348931598, 15095.85765906096, 15178.97232121484]}, "3": {"freq": [100.0, 150.0000005859375, 200.0, 250.0, 300.0000046875001, 350.0000054687501, 400.0, 450.0000070312501, 500.0, 550.0000064453126, 600.0000093750002, 650.0000228515634, 700.0000109375002, 750.0000292968762, 800.0, 850.0000298828136, 900.0000140625002, 950.0000148437501, 1000.0], "ampl": [3370.8519333989047, 5005.83205991501, 6479.9500119826225, 7785.250546707094, 8917.099936707269, 9892.250200363174, 10717.64707902673, 11419.32613801716, 12006.31999315279, 12501.077506777701, 12914.338391137318, 13259.477603978396, 13549.491562029814, 13789.422197411082, 13988.30004418129, 14149.6683580711, 14294.913747399623, 14405.288881883867, 14495.445440522026]}, "4": {"freq": [100.0, 150.0000005859375, 200.0, 250.0, 300.0000046875001, 350.0000054687501, 400.0, 450.0000070312501, 500.0, 550.0000064453126, 600.0000093750002, 650.0000228515634, 700.0000109375002, 750.0000292968762, 800.0, 850.0000298828136, 900.0000140625002, 950.0000148437501, 1000.0], "ampl": [3706.9598641892303, 5469.040246504568, 7036.116962668486, 8400.124121693143, 9563.800318097494, 10552.644255139257, 11376.470141840397, 12067.352564346027, 12640.912947991843, 13116.57892926238, 13510.62967286453, 13836.360104523386, 14108.979359439152, 14332.08054391451, 14515.099946776492, 14662.582335996709, 14794.01557774303, 14891.979450035386, 14970.312578002966]}, "5": {"freq": [100.0, 150.0000005859375, 200.0, 250.0, 300.0000046875001, 350.0000054687501, 400.0, 450.0000070312501, 500.0, 550.0000064453126, 600.0000093750002, 650.0000228515634, 700.0000109375002, 750.0000292968762, 800.0, 850.0000298828136, 900.0000140625002, 950.0000148437501, 1000.0], "ampl": [3412.2053591698723, 5051.8216726369, 6518.564091815397, 7808.787234898303, 8917.038175362966, 9868.002585708095, 10662.123479740698, 11332.665313269545, 11891.787714813445, 12357.812150564192, 12746.15020209869, 13068.907317344818, 13337.160288855886, 13562.40462953946, 13742.781835919484, 13890.74542263314, 14023.225156089336, 14122.862386684206, 14202.36894303987]}, "6": {"freq": [100.0, 150.0000005859375, 200.0, 250.0, 300.0000046875001, 350.0000054687501, 400.0, 450.0000070312501, 500.0, 550.0000064453126, 600.0000093750002, 650.0000228515634, 700.0000109375002, 750.0000292968762, 800.0, 850.0000298828136, 900.0000140625002, 950.0000148437501, 1000.0], "ampl": [3737.5012695637233, 5511.727181262863, 7079.578725224685, 8438.64606092562, 9594.238320239696, 10572.299109269461, 11381.99384266622, 12060.172333990942, 12618.94762826821, 13085.39494158011, 13466.782124630301, 13782.368760814787, 14044.692199288524, 14261.240436779472, 14435.415078385564, 14575.970554704374, 14699.75321888256, 14792.934971076409, 14864.379169672942]}, "7": {"freq": [100.0, 150.0000005859375, 200.0, 250.0, 300.0000046875001, 350.0000054687501, 400.0, 450.0000070312501, 500.0, 550.0000064453126, 600.0000093750002, 650.0000228515634, 700.0000109375002, 750.0000292968762, 800.0, 850.0000298828136, 900.0000140625002, 950.0000148437501, 1000.0], "ampl": [3466.8717446391292, 5127.973482049513, 6607.036103314229, 7899.60480789428, 9006.173349322877, 9947.012273170367, 10731.88471281272, 11391.27972981175, 11937.94616475981, 12393.212334065985, 12769.756043988891, 13083.03714388286, 13340.219971509438, 13555.733229116997, 13728.82458726729, 13871.01633275454, 13995.231807882903, 14089.59523329966, 14164.176723454162]}, "wireSegments": [18, 20, 22, 24, 26, 28, 30, 32, 418, 420, 422, 424, 426, 428, 430, 432, 818, 820, 822, 824, 826, 828, 830, 832], "apaChannels": [32, 30, 28, 26, 24, 22, 20, 18], "measuredBy": "", "stage": "DWA Development", "apaUuid": "continuity100-12", "layer": "V", "headboardNum": "1", "side": "A"}