{"scanEndMode": 0, "0": {"freq": [20.0, 68.00000004249999, 116.00000061625, 164.00000102500002, 212.0000017225, 260.00000121875, 308.00000413875006, 356.00000178, 404.00000404, 452.00000113000004, 500.0, 548.0000054800001, 596.0000018625001, 644.0000128800003, 692.0000309237514, 740.0000127187502, 788.0000398925021, 836.0000428450022, 884.0000005525001, 932.0000393187518, 980.0000367500014, 1028.000071638755], "ampl": [86.67323629634049, 479.5260619859645, 934.178209996838, 1384.8325112796697, 1820.608969859026, 2233.860090691413, 2623.402129949028, 2986.5181195652126, 3321.3887576569955, 3630.773153989362, 3912.375678207262, 4171.061358783261, 4402.0324033359875, 4613.2870239582835, 4807.598849470173, 4974.4363165192035, 5127.890514811085, 5264.257445138185, 5385.332623910381, 5493.372369005765, 5589.81972825022, 5673.697059384517]}, "1": {"freq": [20.0, 68.00000004249999, 116.00000061625, 164.00000102500002, 212.0000017225, 260.00000121875, 308.00000413875006, 356.00000178, 404.00000404, 452.00000113000004, 500.0, 548.0000054800001, 596.0000018625001, 644.0000128800003, 692.0000309237514, 740.0000127187502, 788.0000398925021, 836.0000428450022, 884.0000005525001, 932.0000393187518, 980.0000367500014, 1028.000071638755], "ampl": [82.61765618719122, 473.46324913481124, 922.8220576377125, 1365.4067301072446, 1793.1391578603614, 2200.068169766774, 2580.575835911652, 2936.0274917287834, 3261.911462702914, 3562.7142579168617, 3835.1999045379057, 4085.686508362091, 4311.066049544552, 4514.844402510681, 4701.196049887188, 4860.70437341166, 5008.302938401988, 5140.415818349482, 5254.022422855775, 5357.159809868058, 5449.919062570239, 5529.800890623515]}, "2": {"freq": [20.0, 68.00000004249999, 116.00000061625, 164.00000102500002, 212.0000017225, 260.00000121875, 308.00000413875006, 356.00000178, 404.00000404, 452.00000113000004, 500.0, 548.0000054800001, 596.0000018625001, 644.0000128800003, 692.0000309237514, 740.0000127187502, 788.0000398925021, 836.0000428450022, 884.0000005525001, 932.0000393187518, 980.0000367500014, 1028.000071638755], "ampl": [97.15818783776284, 540.8937353390443, 1051.3916552022715, 1560.3331554861038, 2049.2421449094873, 2514.9522329064116, 2949.0738378357623, 3353.615397743219, 3724.406120867543, 4067.29431330215, 4376.546116960147, 4659.852901732038, 4914.640135120991, 5145.2225778057955, 5356.161437727989, 5536.585829737841, 5703.845240862455, 5851.052335355228, 5980.816634405892, 6098.449823613964, 6203.095107918792, 6292.988907293466]}, "3": {"freq": [20.0, 68.00000004249999, 116.00000061625, 164.00000102500002, 212.0000017225, 260.00000121875, 308.00000413875006, 356.00000178, 404.00000404, 452.00000113000004, 500.0, 548.0000054800001, 596.0000018625001, 644.0000128800003, 692.0000309237514, 740.0000127187502, 788.0000398925021, 836.0000428450022, 884.0000005525001, 932.0000393187518, 980.0000367500014, 1028.000071638755], "ampl": [29.015145314226814, 197.12910613680543, 388.35141657449316, 579.8650900087662, 769.3275371077303, 953.6591065963006, 1134.6919788289786, 1311.213805438738, 1478.5427921893772, 1641.6265278686533, 1796.6866242888311, 1947.1759817760571, 2086.6858371914386, 2219.8199916914523, 2348.512616399167, 2465.7060125875605, 2577.2729200218423, 2683.0259278110557, 2778.185149789638, 2869.7588168944862, 2954.4441248820463, 3032.2230444828174]}, "4": {"freq": [20.0, 68.00000004249999, 116.00000061625, 164.00000102500002, 212.0000017225, 260.00000121875, 308.00000413875006, 356.00000178, 404.00000404, 452.00000113000004, 500.0, 548.0000054800001, 596.0000018625001, 644.0000128800003, 692.0000309237514, 740.0000127187502, 788.0000398925021, 836.0000428450022, 884.0000005525001, 932.0000393187518, 980.0000367500014, 1028.000071638755], "ampl": [102.87657929756716, 564.4304063084802, 1097.92692009885, 1626.4290243249854, 2133.733835925458, 2612.5639984737427, 3058.3646877682636, 3471.579117369937, 3849.928052881103, 4197.101037569532, 4508.592199781884, 4791.873651822237, 5044.133017751386, 5271.853295308216, 5481.042883547819, 5656.585197670506, 5819.065616093915, 5959.969137291907, 6085.187448444621, 6198.214340981944, 6297.916166822871, 6381.626077347763]}, "5": {"freq": [20.0, 68.00000004249999, 116.00000061625, 164.00000102500002, 212.0000017225, 260.00000121875, 308.00000413875006, 356.00000178, 404.00000404, 452.00000113000004, 500.0, 548.0000054800001, 596.0000018625001, 644.0000128800003, 692.0000309237514, 740.0000127187502, 788.0000398925021, 836.0000428450022, 884.0000005525001, 932.0000393187518, 980.0000367500014, 1028.000071638755], "ampl": [67.48242135565314, 369.0345463480761, 718.1267458797392, 1066.4379827059333, 1404.264762509724, 1725.4309902722525, 2027.486936069468, 2312.0072089668097, 2574.5924542832145, 2817.275614686535, 3037.3830536215523, 3242.0817615014344, 3430.6288808882223, 3591.4417390821586, 3743.568170362563, 3875.50591870216, 3996.3959676220743, 4104.480098048095, 4201.677172716723, 4288.535020339389, 4365.089205677258, 4432.160238346554]}, "6": {"freq": [20.0, 68.00000004249999, 116.00000061625, 164.00000102500002, 212.0000017225, 260.00000121875, 308.00000413875006, 356.00000178, 404.00000404, 452.00000113000004, 500.0, 548.0000054800001, 596.0000018625001, 644.0000128800003, 692.0000309237514, 740.0000127187502, 788.0000398925021, 836.0000428450022, 884.0000005525001, 932.0000393187518, 980.0000367500014, 1028.000071638755], "ampl": [72.79719079396483, 385.5470285692561, 752.6834037794786, 1116.58306566788, 1469.1553589409987, 1803.8322161177766, 2117.7722996478897, 2411.0479910488157, 2681.098433536468, 2930.299973738583, 3156.130898445062, 3361.9871706617887, 3549.637127346711, 3716.792339075937, 3871.1183650138805, 4003.46537957202, 4125.888753820238, 4234.388414503251, 4329.205454667486, 4415.3793350848655, 4490.352287809928, 4555.3282845404565]}, "7": {"freq": [20.0, 68.00000004249999, 116.00000061625, 164.00000102500002, 212.0000017225, 260.00000121875, 308.00000413875006, 356.00000178, 404.00000404, 452.00000113000004, 500.0, 548.0000054800001, 596.0000018625001, 644.0000128800003, 692.0000309237514, 740.0000127187502, 788.0000398925021, 836.0000428450022, 884.0000005525001, 932.0000393187518, 980.0000367500014, 1028.000071638755], "ampl": [83.56897176719895, 472.4014682709498, 921.953191615799, 1365.2764585632071, 1789.9488709494033, 2192.1086927443257, 2565.780909433697, 2911.3397263492107, 3226.1645896546734, 3512.1795940323004, 3770.563257136168, 4005.1956149246244, 4212.800880357258, 4401.599162149709, 4572.622108234914, 4715.958274352175, 4849.405467641188, 4967.699334800675, 5068.699486446592, 5159.005920443405, 5238.951095354386, 5307.610762138685]}, "wireSegments": [66, 68, 70, 72, 74, 76, 78, 80], "apaChannels": [66, 68, 70, 72, 74, 76, 78, 80], "measuredBy": "Chris Stanford", "stage": "Installation (Top)", "apaUuid": "43cd3950-268d-11ec-b6f5-a70e70a44436", "layer": "G", "headboardNum": "2", "side": "B"}