{"0": {"freq": [20.0, 68.00000004249999, 116.00000061625, 164.00000102500002, 212.0000017225, 260.00000121875, 308.00000413875006, 356.00000178, 404.00000404, 452.00000113000004, 500.0, 548.0000054800001, 596.0000018625001, 644.0000128800003, 692.0000309237514, 740.0000127187502, 788.0000398925021, 836.0000428450022, 884.0000005525001, 932.0000393187518, 980.0000367500014, 1028.000071638755], "ampl": [250.39952784377027, 1227.3806561720155, 2373.035046078667, 3502.312095437933, 4576.947927866711, 5578.008231597381, 6494.882878597169, 7320.789662938052, 8061.678974077204, 8722.165894195712, 9301.787278711232, 9815.167402060484, 10264.796136811234, 10657.472621769364, 11003.383278134543, 11302.572641543687, 11565.219339652025, 11792.06899086057, 11989.522203743292, 12160.434205293213, 12306.913190947442, 12431.310304639443]}, "1": {"freq": [20.0, 68.00000004249999, 116.00000061625, 164.00000102500002, 212.0000017225, 260.00000121875, 308.00000413875006, 356.00000178, 404.00000404, 452.00000113000004, 500.0, 548.0000054800001, 596.0000018625001, 644.0000128800003, 692.0000309237514, 740.0000127187502, 788.0000398925021, 836.0000428450022, 884.0000005525001, 932.0000393187518, 980.0000367500014, 1028.000071638755], "ampl": [415.0987431730635, 2163.688333616622, 4150.4756240000925, 6053.61634973403, 7800.877576777892, 9363.548070380442, 10741.980356604254, 11938.735958311167, 12974.525275785873, 13858.09978355975, 14612.889654979053, 15255.94380929718, 15806.479955432398, 16272.976530810032, 16671.930049030765, 17007.301504935425, 17296.69267314163, 17538.516615816538, 17746.32652399345, 17916.30175277157, 18059.52907868897, 18178.818447136808]}, "2": {"freq": [20.0, 68.00000004249999, 116.00000061625, 164.00000102500002, 212.0000017225, 260.00000121875, 308.00000413875006, 356.00000178, 404.00000404, 452.00000113000004, 500.0, 548.0000054800001, 596.0000018625001, 644.0000128800003, 692.0000309237514, 740.0000127187502, 788.0000398925021, 836.0000428450022, 884.0000005525001, 932.0000393187518, 980.0000367500014, 1028.000071638755], "ampl": [427.9541467501557, 2210.417252069927, 4235.411144975064, 6178.843551827958, 7965.715295277526, 9568.951702557762, 10982.793292853543, 12212.132630562694, 13275.226401073747, 14183.354452542306, 14957.697063590345, 15617.153570511802, 16180.126378375622, 16659.345532489093, 17066.371771018046, 17407.63623190429, 17702.732142528275, 17949.258885179326, 18157.439183059643, 18335.57310784425, 18477.54867834057, 18598.205658498166]}, "3": {"freq": [20.0, 68.00000004249999, 116.00000061625, 164.00000102500002, 212.0000017225, 260.00000121875, 308.00000413875006, 356.00000178, 404.00000404, 452.00000113000004, 500.0, 548.0000054800001, 596.0000018625001, 644.0000128800003, 692.0000309237514, 740.0000127187502, 788.0000398925021, 836.0000428450022, 884.0000005525001, 932.0000393187518, 980.0000367500014, 1028.000071638755], "ampl": [433.38978008614777, 2260.294823864237, 4327.035442318368, 6294.2654604173285, 8093.9531105372525, 9701.794359918827, 11110.79541915757, 12335.275780457683, 13390.08090177114, 14287.461136556418, 15050.895845716985, 15701.641359180278, 16255.79056628664, 16724.685161331832, 17126.263805358973, 17462.23796325, 17749.14942509408, 17992.610911324977, 18197.93354777148, 18370.204946446636, 18508.94041358904, 18628.95896173657]}, "4": {"freq": [20.0, 68.00000004249999, 116.00000061625, 164.00000102500002, 212.0000017225, 260.00000121875, 308.00000413875006, 356.00000178, 404.00000404, 452.00000113000004, 500.0, 548.0000054800001, 596.0000018625001, 644.0000128800003, 692.0000309237514, 740.0000127187502, 788.0000398925021, 836.0000428450022, 884.0000005525001, 932.0000393187518, 980.0000367500014, 1028.000071638755], "ampl": [239.4872552527565, 1169.9108770702487, 2247.792917931507, 3302.0280107994026, 4299.650011008855, 5230.055317688817, 6085.4203222059705, 6865.535988523132, 7572.739316495118, 8206.911442868435, 8772.5166107317, 9279.351438684656, 9731.296655683067, 10130.26943937777, 10486.379451485105, 10797.726503321777, 11074.422329038174, 11318.828885523748, 11533.02231674057, 11722.038287121724, 11885.097133815781, 12028.723909264909]}, "5": {"freq": [20.0, 68.00000004249999, 116.00000061625, 164.00000102500002, 212.0000017225, 260.00000121875, 308.00000413875006, 356.00000178, 404.00000404, 452.00000113000004, 500.0, 548.0000054800001, 596.0000018625001, 644.0000128800003, 692.0000309237514, 740.0000127187502, 788.0000398925021, 836.0000428450022, 884.0000005525001, 932.0000393187518, 980.0000367500014, 1028.000071638755], "ampl": [423.3707520773441, 2212.0348198027323, 4244.640110162674, 6182.6906172306135, 7953.4870277644395, 9528.639977022298, 10906.71941593597, 12098.761647974594, 13123.139381435216, 13992.860645642135, 14730.970210561323, 15359.784671444868, 15895.206218866928, 16346.51991490291, 16730.99045132816, 17052.09953720399, 17328.026619636777, 17560.052723309862, 17756.20853992821, 17918.795270740735, 18052.588576182698, 18164.83931909186]}, "6": {"freq": [20.0, 68.00000004249999, 116.00000061625, 164.00000102500002, 212.0000017225, 260.00000121875, 308.00000413875006, 356.00000178, 404.00000404, 452.00000113000004, 500.0, 548.0000054800001, 596.0000018625001, 644.0000128800003, 692.0000309237514, 740.0000127187502, 788.0000398925021, 836.0000428450022, 884.0000005525001, 932.0000393187518, 980.0000367500014, 1028.000071638755], "ampl": [470.24680840853165, 2322.108609184276, 4409.432219664997, 6394.694241445661, 8202.048006084111, 9802.394386590007, 11199.89020616047, 12399.477171951134, 13427.07685253753, 14295.700660416349, 15027.532744182961, 15645.58159094003, 16173.271808435553, 16614.5738118976, 16988.310204815636, 17300.36246162571, 17566.750545731407, 17788.641434421435, 17975.13766978118, 18129.620862730095, 18254.234615848636, 18360.941970461485]}, "7": {"freq": [20.0, 68.00000004249999, 116.00000061625, 164.00000102500002, 212.0000017225, 260.00000121875, 308.00000413875006, 356.00000178, 404.00000404, 452.00000113000004, 500.0, 548.0000054800001, 596.0000018625001, 644.0000128800003, 692.0000309237514, 740.0000127187502, 788.0000398925021, 836.0000428450022, 884.0000005525001, 932.0000393187518, 980.0000367500014, 1028.000071638755], "ampl": [453.5642126888786, 2341.8756556486874, 4478.686031620335, 6499.584287904843, 8327.611447927453, 9939.233382255266, 11338.666622237495, 12534.093767136825, 13550.28449152068, 14406.372878029111, 15123.178743505689, 15729.177475931187, 16241.763388992129, 16669.37283497709, 17031.77467465476, 17332.82656744441, 17588.876204259173, 17801.32076472961, 17981.905553831963, 18128.79631054458, 18246.906819491134, 18347.52017670436]}, "wireSegments": null, "apaChannels": null, "measuredBy": null, "stage": null, "apaUuid": null, "layer": null, "headboardNum": null, "side": null}