{"0": {"freq": [20.0, 68.00000004249999, 116.00000061625, 164.00000102500002, 212.0000017225, 260.00000121875, 308.00000413875006, 356.00000178, 404.00000404, 452.00000113000004, 500.0, 548.0000054800001, 596.0000018625001, 644.0000128800003, 692.0000309237514, 740.0000127187502, 788.0000398925021, 836.0000428450022, 884.0000005525001, 932.0000393187518, 980.0000367500014, 1028.000071638755], "ampl": [441.39738765547287, 2295.7232267067725, 4404.36075918499, 6421.054589802736, 8265.631423225315, 9914.400421165368, 11366.993839650178, 12613.438912676633, 13690.894560190862, 14608.610173183348, 15386.289826169117, 16064.11515377358, 16617.580320178928, 17094.81297458807, 17512.02766018333, 17837.381329980664, 18124.02670635079, 18368.86390698324, 18576.61787915652, 18751.189149991715, 18890.191153231586, 19009.27697697507]}, "1": {"freq": [20.0, 68.00000004249999, 116.00000061625, 164.00000102500002, 212.0000017225, 260.00000121875, 308.00000413875006, 356.00000178, 404.00000404, 452.00000113000004, 500.0, 548.0000054800001, 596.0000018625001, 644.0000128800003, 692.0000309237514, 740.0000127187502, 788.0000398925021, 836.0000428450022, 884.0000005525001, 932.0000393187518, 980.0000367500014, 1028.000071638755], "ampl": [432.50922623546455, 2228.4535602478154, 4276.764097545192, 6241.289000658888, 8044.554772884484, 9665.505247507099, 11100.466901124579, 12336.51495677115, 13409.287043581779, 14326.279217988877, 15113.099175703876, 15793.15787806954, 16349.660687908156, 16833.756027707124, 17255.90996312955, 17590.431221850315, 17882.500906412813, 18132.359169170824, 18344.856492293486, 18526.093501916974, 18671.213897925012, 18790.965966049742]}, "2": {"freq": [20.0, 68.00000004249999, 116.00000061625, 164.00000102500002, 212.0000017225, 260.00000121875, 308.00000413875006, 356.00000178, 404.00000404, 452.00000113000004, 500.0, 548.0000054800001, 596.0000018625001, 644.0000128800003, 692.0000309237514, 740.0000127187502, 788.0000398925021, 836.0000428450022, 884.0000005525001, 932.0000393187518, 980.0000367500014, 1028.000071638755], "ampl": [428.50841576130495, 2242.3173373412374, 4304.614926431245, 6279.2199775088475, 8090.587315086646, 9717.925117050754, 11154.976175834778, 12392.755568763709, 13466.74527050099, 14384.032757093539, 15170.932734702497, 15852.325539125222, 16410.523096643836, 16894.410943511648, 17315.73065656334, 17653.01612611247, 17945.705655838236, 18195.976843064127, 18408.843365053937, 18590.466691563, 18736.38339404424, 18860.181566032596]}, "3": {"freq": [20.0, 68.00000004249999, 116.00000061625, 164.00000102500002, 212.0000017225, 260.00000121875, 308.00000413875006, 356.00000178, 404.00000404, 452.00000113000004, 500.0, 548.0000054800001, 596.0000018625001, 644.0000128800003, 692.0000309237514, 740.0000127187502, 788.0000398925021, 836.0000428450022, 884.0000005525001, 932.0000393187518, 980.0000367500014, 1028.000071638755], "ampl": [248.5101967779901, 1220.657360658921, 2352.1443610976517, 3474.0531705244457, 4541.633200255416, 5540.036304849161, 6460.352557225091, 7290.611421628733, 8045.318610275007, 8717.546541329411, 9318.518041841002, 9860.880307502843, 10324.873509576439, 10740.997259089138, 11113.984625466026, 11427.312994375538, 11707.96207267925, 11954.787491905343, 12171.870646084846, 12361.464541020368, 12525.07263872021, 12670.378880336044]}, "4": {"freq": [20.0, 68.00000004249999, 116.00000061625, 164.00000102500002, 212.0000017225, 260.00000121875, 308.00000413875006, 356.00000178, 404.00000404, 452.00000113000004, 500.0, 548.0000054800001, 596.0000018625001, 644.0000128800003, 692.0000309237514, 740.0000127187502, 788.0000398925021, 836.0000428450022, 884.0000005525001, 932.0000393187518, 980.0000367500014, 1028.000071638755], "ampl": [426.62240481307816, 2197.6429231824754, 4176.588690288944, 6044.513799174185, 7745.959458941846, 9271.77089413289, 10624.135143971602, 11805.779911797246, 13131.212339093294, 14027.098561966284, 14797.204506587595, 15468.94047853563, 16022.896651822202, 16505.459113230245, 16928.953382465617, 17265.201339394007, 17564.076898278356, 17816.788872645786, 18037.740406673023, 18224.27347157467, 18375.74891400032, 18509.126257044692]}, "5": {"freq": [20.0, 68.00000004249999, 116.00000061625, 164.00000102500002, 212.0000017225, 260.00000121875, 308.00000413875006, 356.00000178, 404.00000404, 452.00000113000004, 500.0, 548.0000054800001, 596.0000018625001, 644.0000128800003, 692.0000309237514, 740.0000127187502, 788.0000398925021, 836.0000428450022, 884.0000005525001, 932.0000393187518, 980.0000367500014, 1028.000071638755], "ampl": [438.7815671480656, 2267.5622064623662, 4349.03047543631, 6339.467697403253, 8159.5995538568295, 9790.821745574953, 11226.735477167993, 12461.007675234996, 13529.796182106977, 14437.713096918978, 15215.397401530408, 15884.44131639735, 16431.345560046957, 16905.939244680514, 17318.063592079714, 17647.235080852923, 17929.963606147336, 18171.667138445682, 18377.82876597363, 18553.776781074626, 18692.7657770029, 18810.98905911929]}, "6": {"freq": [20.0, 68.00000004249999, 116.00000061625, 164.00000102500002, 212.0000017225, 260.00000121875, 308.00000413875006, 356.00000178, 404.00000404, 452.00000113000004, 500.0, 548.0000054800001, 596.0000018625001, 644.0000128800003, 692.0000309237514, 740.0000127187502, 788.0000398925021, 836.0000428450022, 884.0000005525001, 932.0000393187518, 980.0000367500014, 1028.000071638755], "ampl": [450.22725272677275, 2323.6129902943208, 4447.897989434798, 6465.65242823423, 8293.300499958295, 9913.401184136424, 11325.246852409515, 12525.168151976788, 13553.517123649439, 14420.655238825571, 15154.459809863249, 15786.485431312742, 16298.362147383767, 16738.475700547606, 17119.514797744156, 17418.346043068923, 17678.28501655773, 17897.648060826115, 18083.06508971459, 18240.217076024186, 18363.005604151822, 18466.385326406777]}, "7": {"freq": [20.0, 68.00000004249999, 116.00000061625, 164.00000102500002, 212.0000017225, 260.00000121875, 308.00000413875006, 356.00000178, 404.00000404, 452.00000113000004, 500.0, 548.0000054800001, 596.0000018625001, 644.0000128800003, 692.0000309237514, 740.0000127187502, 788.0000398925021, 836.0000428450022, 884.0000005525001, 932.0000393187518, 980.0000367500014, 1028.000071638755], "ampl": [275.93703444177135, 1255.0762912490304, 2381.7551981157376, 3492.936619676721, 4542.799639334522, 5511.8156556275735, 6397.347374716639, 7188.823612491651, 7896.156507117159, 8521.843663725394, 9072.782758693405, 9565.787356805653, 9983.517473110229, 10354.593987001994, 10683.399580067937, 10953.526507848019, 11195.930684143392, 11405.596211992004, 11590.163703622866, 11750.013560181158, 11885.128799645996, 12001.182438875503]}, "wireSegments": null, "apaChannels": null, "measuredBy": null, "stage": null, "apaUuid": null, "layer": null, "headboardNum": null, "side": null}