{"0": {"freq": [20.0, 68.00000004249999, 116.00000061625, 164.00000102500002, 212.0000017225, 260.00000121875, 308.00000413875006, 356.00000178, 404.00000404, 452.00000113000004, 500.0, 548.0000054800001, 596.0000018625001, 644.0000128800003, 692.0000309237514, 740.0000127187502, 788.0000398925021, 836.0000428450022, 884.0000005525001, 932.0000393187518, 980.0000367500014, 1028.000071638755], "ampl": [440.27965590359577, 2299.385403713313, 4411.121025673781, 6434.424239696752, 8294.760774491622, 9953.915291114632, 11413.516811057929, 12682.366027838845, 13770.229762747598, 14703.469659201119, 15501.263237299965, 16161.83648751753, 16740.372037230303, 17228.062782426594, 17636.166668810652, 17986.731167963455, 18280.27836741264, 18527.204629301985, 18732.10981068286, 18909.805266731393, 19054.75471051635, 19169.704554406708]}, "1": {"freq": [20.0, 68.00000004249999, 116.00000061625, 164.00000102500002, 212.0000017225, 260.00000121875, 308.00000413875006, 356.00000178, 404.00000404, 452.00000113000004, 500.0, 548.0000054800001, 596.0000018625001, 644.0000128800003, 692.0000309237514, 740.0000127187502, 788.0000398925021, 836.0000428450022, 884.0000005525001, 932.0000393187518, 980.0000367500014, 1028.000071638755], "ampl": [424.7762148295785, 2218.0323082164045, 4264.063069539925, 6227.138895323845, 8033.227527936507, 9650.324465349573, 11074.45809559192, 12314.037907690259, 13382.440295308881, 14298.278330225168, 15084.388770828014, 15738.189090162396, 16307.219407569493, 16790.205714719283, 17193.951930307303, 17543.590861273027, 17835.93388576929, 18080.36451571173, 18286.941815476926, 18465.805576082377, 18611.12340800816, 18725.703587714277]}, "2": {"freq": [20.0, 68.00000004249999, 116.00000061625, 164.00000102500002, 212.0000017225, 260.00000121875, 308.00000413875006, 356.00000178, 404.00000404, 452.00000113000004, 500.0, 548.0000054800001, 596.0000018625001, 644.0000128800003, 692.0000309237514, 740.0000127187502, 788.0000398925021, 836.0000428450022, 884.0000005525001, 932.0000393187518, 980.0000367500014, 1028.000071638755], "ampl": [445.69796715344916, 2336.250820737196, 4486.908972422195, 6540.5423642217365, 8422.189155463064, 10097.054192722895, 11564.73608751296, 12835.382774395799, 13922.777150907665, 14851.911936657269, 15644.834038157125, 16301.924644496503, 16870.280614681906, 17352.382240640156, 17755.022379120284, 18101.08222756673, 18389.722830162405, 18630.994720129635, 18832.267917001816, 19008.010812770397, 19148.168879010875, 19261.288827608056]}, "3": {"freq": [20.0, 68.00000004249999, 116.00000061625, 164.00000102500002, 212.0000017225, 260.00000121875, 308.00000413875006, 356.00000178, 404.00000404, 452.00000113000004, 500.0, 548.0000054800001, 596.0000018625001, 644.0000128800003, 692.0000309237514, 740.0000127187502, 788.0000398925021, 836.0000428450022, 884.0000005525001, 932.0000393187518, 980.0000367500014, 1028.000071638755], "ampl": [236.80194858959197, 1193.2752082277823, 2330.683131218809, 3462.2642821372206, 4544.296582101089, 5553.50806983677, 6482.145352945428, 7326.435832366294, 8086.145381804148, 8765.592036267708, 9372.971852474728, 9897.976259415995, 10371.154278497317, 10784.778835157269, 11144.329422897174, 11463.13069705215, 11738.845700271973, 11977.269140952472, 12185.098363361265, 12369.557553793322, 12527.34833408859, 12658.24620882036]}, "4": {"freq": [20.0, 68.00000004249999, 116.00000061625, 164.00000102500002, 212.0000017225, 260.00000121875, 308.00000413875006, 356.00000178, 404.00000404, 452.00000113000004, 500.0, 548.0000054800001, 596.0000018625001, 644.0000128800003, 692.0000309237514, 740.0000127187502, 788.0000398925021, 836.0000428450022, 884.0000005525001, 932.0000393187518, 980.0000367500014, 1028.000071638755], "ampl": [457.87315625219867, 2386.785599694431, 4576.299810215876, 6657.675104987204, 8551.354666298235, 10224.256631719962, 11680.499059052401, 12931.588723964176, 13992.727896166944, 14893.113808742819, 15656.257234789404, 16283.37895921793, 16825.119379607415, 17278.458797406467, 17657.976274100885, 17980.29590164149, 18249.057925203517, 18470.2640328256, 18658.423015745127, 18816.103504474657, 18943.443949996432, 19041.05023123412]}, "5": {"freq": [20.0, 68.00000004249999, 116.00000061625, 164.00000102500002, 212.0000017225, 260.00000121875, 308.00000413875006, 356.00000178, 404.00000404, 452.00000113000004, 500.0, 548.0000054800001, 596.0000018625001, 644.0000128800003, 692.0000309237514, 740.0000127187502, 788.0000398925021, 836.0000428450022, 884.0000005525001, 932.0000393187518, 980.0000367500014, 1028.000071638755], "ampl": [445.47711473435555, 2313.5057567371714, 4445.08783518656, 6485.183910718401, 8348.293531294486, 10002.507778546295, 11448.153219976512, 12697.101695348212, 13763.172663627633, 14670.138032796236, 15442.87912989953, 16080.185376860132, 16635.461770524325, 17098.87750820916, 17487.91136800793, 17819.13649751463, 18096.996439605904, 18327.41014679659, 18519.187047652373, 18686.968577248586, 18820.75287362634, 18926.02581551813]}, "6": {"freq": [20.0, 68.00000004249999, 116.00000061625, 164.00000102500002, 212.0000017225, 260.00000121875, 308.00000413875006, 356.00000178, 404.00000404, 452.00000113000004, 500.0, 548.0000054800001, 596.0000018625001, 644.0000128800003, 692.0000309237514, 740.0000127187502, 788.0000398925021, 836.0000428450022, 884.0000005525001, 932.0000393187518, 980.0000367500014, 1028.000071638755], "ampl": [466.848104372201, 2413.4773621074637, 4621.686647909703, 6713.110874603496, 8603.280535740098, 10261.697933703603, 11694.649282023725, 12918.372098990296, 13946.580712717761, 14818.432759541594, 15547.816437481963, 16146.573595150272, 16662.841923128464, 17094.63703743364, 17448.65378455565, 17751.74842051253, 18002.538740055606, 18208.77759110055, 18380.204830001327, 18526.06053459827, 18642.147019945445, 18731.616772789115]}, "7": {"freq": [20.0, 68.00000004249999, 116.00000061625, 164.00000102500002, 212.0000017225, 260.00000121875, 308.00000413875006, 356.00000178, 404.00000404, 452.00000113000004, 500.0, 548.0000054800001, 596.0000018625001, 644.0000128800003, 692.0000309237514, 740.0000127187502, 788.0000398925021, 836.0000428450022, 884.0000005525001, 932.0000393187518, 980.0000367500014, 1028.000071638755], "ampl": [237.91050446131536, 1177.7964721357002, 2294.987110751237, 3396.5451111674556, 4440.670202186042, 5402.636605791672, 6274.94407291687, 7059.545711721522, 7755.894519027608, 8370.658760641138, 8912.862397208732, 9373.24166293282, 9790.128311005765, 10147.29887381472, 10456.68205235877, 10727.125423260964, 10957.97779196128, 11156.79096093638, 11326.707054850398, 11475.966827173394, 11603.034944723262, 11708.40743556166]}, "wireSegments": null, "apaChannels": null, "measuredBy": null, "stage": null, "apaUuid": null, "layer": null, "headboardNum": null, "side": null}