{"0": {"freq": [20.0, 68.00000004249999, 116.00000061625, 164.00000102500002, 212.0000017225, 260.00000121875, 308.00000413875006, 356.00000178, 404.00000404, 452.00000113000004, 500.0, 548.0000054800001, 596.0000018625001, 644.0000128800003, 692.0000309237514, 740.0000127187502, 788.0000398925021, 836.0000428450022, 884.0000005525001, 932.0000393187518, 980.0000367500014, 1028.000071638755], "ampl": [2.218201120881609, 13.768781340544226, 25.179594109034582, 37.47916518192474, 48.03439218181192, 57.58087724468345, 67.98024472273559, 77.07653754528754, 86.33914196391348, 95.02407023332242, 103.91254694552978, 114.5051754904085, 125.03665309825269, 131.0072543315711, 140.36071940293766, 148.8232147100683, 157.67445777224978, 165.7730824058474, 173.90041727650376, 180.87600870081175, 188.67276168623727, 197.36469307871727]}, "1": {"freq": [20.0, 68.00000004249999, 116.00000061625, 164.00000102500002, 212.0000017225, 260.00000121875, 308.00000413875006, 356.00000178, 404.00000404, 452.00000113000004, 500.0, 548.0000054800001, 596.0000018625001, 644.0000128800003, 692.0000309237514, 740.0000127187502, 788.0000398925021, 836.0000428450022, 884.0000005525001, 932.0000393187518, 980.0000367500014, 1028.000071638755], "ampl": [2.5538087740868978, 20.751325853260578, 40.78351594366083, 59.37561799068108, 76.08457040418722, 92.2384769618501, 109.17650576680714, 123.64525054165794, 139.427626362349, 154.28397420271875, 168.84116988841697, 183.6585627629022, 197.5996950438134, 210.98389189116736, 224.13658808612345, 238.55308494340673, 250.40753071186052, 262.53991597323227, 275.51607909729825, 287.416564687376, 298.89757556119037, 311.2074969878031]}, "2": {"freq": [20.0, 68.00000004249999, 116.00000061625, 164.00000102500002, 212.0000017225, 260.00000121875, 308.00000413875006, 356.00000178, 404.00000404, 452.00000113000004, 500.0, 548.0000054800001, 596.0000018625001, 644.0000128800003, 692.0000309237514, 740.0000127187502, 788.0000398925021, 836.0000428450022, 884.0000005525001, 932.0000393187518, 980.0000367500014, 1028.000071638755], "ampl": [2.865164884958365, 19.67752330857443, 37.42509490567245, 54.701307948027484, 72.56219691753876, 87.30737729717559, 104.46873331581622, 120.70369923902987, 134.60907108950335, 149.20525461297444, 163.95308430572553, 177.89902425422386, 192.13212217047285, 205.06594069165953, 220.84959661258918, 233.350642290959, 247.29335884348956, 260.4067814644516, 273.6134330997423, 285.87603334098156, 297.8232542173891, 309.74083130394837]}, "3": {"freq": [20.0, 68.00000004249999, 116.00000061625, 164.00000102500002, 212.0000017225, 260.00000121875, 308.00000413875006, 356.00000178, 404.00000404, 452.00000113000004, 500.0, 548.0000054800001, 596.0000018625001, 644.0000128800003, 692.0000309237514, 740.0000127187502, 788.0000398925021, 836.0000428450022, 884.0000005525001, 932.0000393187518, 980.0000367500014, 1028.000071638755], "ampl": [3.2566144247133053, 18.98090022076275, 38.808165681142114, 55.78396107222918, 71.96315068541493, 90.30224663447915, 105.81936171637497, 122.16595934634587, 137.61047254645345, 153.00873680204623, 169.29059029374935, 185.76422237271015, 200.48481044168824, 215.83117951707123, 231.61515906672182, 245.86925410918622, 261.7615409410731, 274.89924259471763, 289.6162372921534, 303.10508636270026, 317.2056943146507, 331.0999055906208]}, "4": {"freq": [20.0, 68.00000004249999, 116.00000061625, 164.00000102500002, 212.0000017225, 260.00000121875, 308.00000413875006, 356.00000178, 404.00000404, 452.00000113000004, 500.0, 548.0000054800001, 596.0000018625001, 644.0000128800003, 692.0000309237514, 740.0000127187502, 788.0000398925021, 836.0000428450022, 884.0000005525001, 932.0000393187518, 980.0000367500014, 1028.000071638755], "ampl": [424.4744168100663, 2207.2743028501304, 4210.463292819505, 6098.2040721463945, 7815.892219706488, 9350.407760246548, 10697.882618833231, 11874.725665997756, 12903.038335076992, 13790.849710801527, 14557.919423264906, 15218.428929796655, 15826.236807695377, 16318.032563563014, 16742.309090426475, 17106.738831563645, 17417.359632274383, 17687.233598904895, 17917.032088877422, 18113.266600486644, 18268.427361113598, 18423.00989914972]}, "5": {"freq": [20.0, 68.00000004249999, 116.00000061625, 164.00000102500002, 212.0000017225, 260.00000121875, 308.00000413875006, 356.00000178, 404.00000404, 452.00000113000004, 500.0, 548.0000054800001, 596.0000018625001, 644.0000128800003, 692.0000309237514, 740.0000127187502, 788.0000398925021, 836.0000428450022, 884.0000005525001, 932.0000393187518, 980.0000367500014, 1028.000071638755], "ampl": [445.148559201055, 2281.4263351828795, 4382.454960279309, 6394.8291465547045, 8238.853970477612, 9888.080969464596, 11331.521311663222, 12580.757630755914, 13656.352428234732, 14570.124386470543, 15350.262259641779, 16009.92234578552, 16569.47353494865, 17048.953031778976, 17452.21979283099, 17794.30573706014, 18081.204063515906, 18326.700980906535, 18530.092972596605, 18705.22542017447, 18836.381057582726, 18964.936353351695]}, "6": {"freq": [20.0, 68.00000004249999, 116.00000061625, 164.00000102500002, 212.0000017225, 260.00000121875, 308.00000413875006, 356.00000178, 404.00000404, 452.00000113000004, 500.0, 548.0000054800001, 596.0000018625001, 644.0000128800003, 692.0000309237514, 740.0000127187502, 788.0000398925021, 836.0000428450022, 884.0000005525001, 932.0000393187518, 980.0000367500014, 1028.000071638755], "ampl": [448.1406195216639, 2329.4466096681385, 4483.951762936705, 6530.651561192378, 8386.196529144207, 10030.294396682433, 11453.707434120359, 12673.092920595318, 13713.618463457175, 14587.649315024648, 15327.856780931666, 15947.63219240184, 16471.727586853205, 16914.44448726272, 17286.884027365722, 17597.413324724897, 17857.435255679942, 18080.093987099455, 18264.486663403935, 18415.46264604489, 18525.30698337487, 18645.195855524675]}, "7": {"freq": [20.0, 68.00000004249999, 116.00000061625, 164.00000102500002, 212.0000017225, 260.00000121875, 308.00000413875006, 356.00000178, 404.00000404, 452.00000113000004, 500.0, 548.0000054800001, 596.0000018625001, 644.0000128800003, 692.0000309237514, 740.0000127187502, 788.0000398925021, 836.0000428450022, 884.0000005525001, 932.0000393187518, 980.0000367500014, 1028.000071638755], "ampl": [283.3966181863381, 1298.6228443556563, 2445.5704438353737, 3576.926367253168, 4651.990485739875, 5648.510886938351, 6554.192257817782, 7369.864070200893, 8098.554433190249, 8741.645689032546, 9310.090033343688, 9805.345587730686, 10241.3427879201, 10620.703587538972, 10950.405613973959, 11239.588952989936, 11486.687153808407, 11703.891944344088, 11891.306883570232, 12051.787064165694, 12179.539629836505, 12311.14307098046]}, "wireSegments": null, "apaChannels": null, "measuredBy": null, "stage": null, "apaUuid": null, "layer": null, "headboardNum": null, "side": null}