{"0": {"freq": [20.0, 68.00000004249999, 116.00000061625, 164.00000102500002, 212.0000017225, 260.00000121875, 308.00000413875006, 356.00000178, 404.00000404, 452.00000113000004, 500.0, 548.0000054800001, 596.0000018625001, 644.0000128800003, 692.0000309237514, 740.0000127187502, 788.0000398925021, 836.0000428450022, 884.0000005525001, 932.0000393187518, 980.0000367500014, 1028.000071638755], "ampl": [2.7934530200190473, 13.680345647721033, 24.161912690381254, 34.19861718509791, 42.62215074911673, 52.15358590773129, 60.26276859844928, 69.63439905167891, 77.95700627430993, 86.3106092023832, 94.28767257623528, 103.59869840862105, 111.25838837787775, 117.94368624153857, 126.73844031482116, 133.3202148338391, 140.5434039287888, 149.05408604583752, 156.36741044306913, 162.44159383092503, 169.47056507246717, 175.0653712314658]}, "1": {"freq": [20.0, 68.00000004249999, 116.00000061625, 164.00000102500002, 212.0000017225, 260.00000121875, 308.00000413875006, 356.00000178, 404.00000404, 452.00000113000004, 500.0, 548.0000054800001, 596.0000018625001, 644.0000128800003, 692.0000309237514, 740.0000127187502, 788.0000398925021, 836.0000428450022, 884.0000005525001, 932.0000393187518, 980.0000367500014, 1028.000071638755], "ampl": [2.856503805672707, 20.254334764582076, 40.11783392885395, 58.82812127396106, 74.53554919795197, 91.86019190631308, 107.52871974368283, 123.01833152982886, 138.98641930063533, 154.5416321682016, 168.36919225971553, 183.3634997935072, 196.35323575180888, 210.26531558280237, 223.62699573308223, 237.60612336015376, 250.32343930862876, 261.8960550346396, 275.7232185607736, 286.50510765149363, 299.104690516874, 310.3108329868584]}, "2": {"freq": [20.0, 68.00000004249999, 116.00000061625, 164.00000102500002, 212.0000017225, 260.00000121875, 308.00000413875006, 356.00000178, 404.00000404, 452.00000113000004, 500.0, 548.0000054800001, 596.0000018625001, 644.0000128800003, 692.0000309237514, 740.0000127187502, 788.0000398925021, 836.0000428450022, 884.0000005525001, 932.0000393187518, 980.0000367500014, 1028.000071638755], "ampl": [3.8947733631248775, 21.461359220341784, 36.91688889911886, 55.085811379350304, 70.1664209877822, 86.67731156553424, 103.67454177636351, 119.46536613802283, 135.71474114557603, 150.13280190990997, 162.5896379918768, 178.11700262570207, 192.10996381297292, 207.19066654545043, 219.77291910540893, 233.9302543352552, 246.945862153173, 259.61229479569016, 272.9753298831173, 285.75351761118736, 298.13976799111083, 309.88775370403897]}, "3": {"freq": [20.0, 68.00000004249999, 116.00000061625, 164.00000102500002, 212.0000017225, 260.00000121875, 308.00000413875006, 356.00000178, 404.00000404, 452.00000113000004, 500.0, 548.0000054800001, 596.0000018625001, 644.0000128800003, 692.0000309237514, 740.0000127187502, 788.0000398925021, 836.0000428450022, 884.0000005525001, 932.0000393187518, 980.0000367500014, 1028.000071638755], "ampl": [2.352120753459795, 20.839805544969384, 37.44172060592388, 53.91174758741708, 69.42008106043862, 85.85140664077488, 102.88837452527103, 117.78851909720156, 134.0706990410668, 148.05784626828103, 163.19058925539758, 177.999827485149, 193.90577015661376, 207.8340809352975, 223.50579231305096, 238.05440681785018, 252.0798936438097, 265.8110007930422, 279.9000070041161, 293.2140721026252, 306.6393485486199, 319.197386355333]}, "4": {"freq": [20.0, 68.00000004249999, 116.00000061625, 164.00000102500002, 212.0000017225, 260.00000121875, 308.00000413875006, 356.00000178, 404.00000404, 452.00000113000004, 500.0, 548.0000054800001, 596.0000018625001, 644.0000128800003, 692.0000309237514, 740.0000127187502, 788.0000398925021, 836.0000428450022, 884.0000005525001, 932.0000393187518, 980.0000367500014, 1028.000071638755], "ampl": [254.1264139909185, 1206.8287552313916, 2308.7698823450937, 3384.1621657882088, 4394.626740385319, 5330.000819091733, 6182.814570227157, 6955.980552440463, 7649.8373927613675, 8271.464708876316, 8831.562481536223, 9317.68823633096, 9744.136263083712, 10127.478573678169, 10463.586178802965, 10766.248043681753, 11026.201344119061, 11257.233869574571, 11458.288790480388, 11635.654418729788, 11790.951875009046, 11923.074796828383]}, "5": {"freq": [20.0, 68.00000004249999, 116.00000061625, 164.00000102500002, 212.0000017225, 260.00000121875, 308.00000413875006, 356.00000178, 404.00000404, 452.00000113000004, 500.0, 548.0000054800001, 596.0000018625001, 644.0000128800003, 692.0000309237514, 740.0000127187502, 788.0000398925021, 836.0000428450022, 884.0000005525001, 932.0000393187518, 980.0000367500014, 1028.000071638755], "ampl": [421.73430027407585, 2222.833814937791, 4288.733914585666, 6258.8681447129575, 8058.9102418989105, 9653.261298941688, 11047.53585510394, 12247.009130403805, 13273.814274158432, 14149.22691046535, 14902.729423095869, 15520.77539501359, 16042.480297678696, 16491.738796884758, 16870.35129849774, 17195.654048022516, 17466.3178953896, 17696.78518868209, 17888.589899372335, 18047.24124041459, 18181.72175739616, 18286.969534956996]}, "6": {"freq": [20.0, 68.00000004249999, 116.00000061625, 164.00000102500002, 212.0000017225, 260.00000121875, 308.00000413875006, 356.00000178, 404.00000404, 452.00000113000004, 500.0, 548.0000054800001, 596.0000018625001, 644.0000128800003, 692.0000309237514, 740.0000127187502, 788.0000398925021, 836.0000428450022, 884.0000005525001, 932.0000393187518, 980.0000367500014, 1028.000071638755], "ampl": [471.9068763344632, 2331.641596932179, 4425.1501304987605, 6416.174863098415, 8232.752641667681, 9845.70047104014, 11254.395845144316, 12465.779475696476, 13499.584349213323, 14380.6743243749, 15137.36963125922, 15755.916062785982, 16277.616853664853, 16725.04631830416, 17101.627254215793, 17422.952551751165, 17690.358915783647, 17916.02050686735, 18105.00277574785, 18260.513445832654, 18390.8108337925, 18492.51629535222]}, "7": {"freq": [20.0, 68.00000004249999, 116.00000061625, 164.00000102500002, 212.0000017225, 260.00000121875, 308.00000413875006, 356.00000178, 404.00000404, 452.00000113000004, 500.0, 548.0000054800001, 596.0000018625001, 644.0000128800003, 692.0000309237514, 740.0000127187502, 788.0000398925021, 836.0000428450022, 884.0000005525001, 932.0000393187518, 980.0000367500014, 1028.000071638755], "ampl": [450.0048122927843, 2351.186383962056, 4526.215374046658, 6586.814466461356, 8451.756234663686, 10093.708193171029, 11516.478040883838, 12729.54606284301, 13757.338106845047, 14627.03334355493, 15374.415985520065, 15969.342721898644, 16476.69941988043, 16908.38591962605, 17269.332353095342, 17578.894177940136, 17831.413174559224, 18045.928924176085, 18226.69825843175, 18371.94480823597, 18492.789599067273, 18585.793559052785]}, "wireSegments": null, "apaChannels": null, "measuredBy": null, "stage": null, "apaUuid": null, "layer": null, "headboardNum": null, "side": null}