{"0": {"freq": [20.0, 68.00000004249999, 116.00000061625, 164.00000102500002, 212.0000017225, 260.00000121875, 308.00000413875006, 356.00000178, 404.00000404, 452.00000113000004, 500.0, 548.0000054800001, 596.0000018625001, 644.0000128800003, 692.0000309237514, 740.0000127187502, 788.0000398925021, 836.0000428450022, 884.0000005525001, 932.0000393187518, 980.0000367500014, 1028.000071638755], "ampl": [247.57903909022605, 1223.7661210856938, 2365.445521817854, 3496.6207021655096, 4574.8609060566, 5580.6391941035145, 6505.401972515784, 7344.221755081741, 8096.007911616389, 8770.272407001896, 9367.640689458096, 9892.73489062861, 10354.619809818816, 10763.370224794173, 11121.128658578706, 11432.009892140546, 11704.939696323427, 11942.79692881289, 12149.433188744179, 12329.125481926449, 12485.253821323175, 12616.481663385626]}, "1": {"freq": [20.0, 68.00000004249999, 116.00000061625, 164.00000102500002, 212.0000017225, 260.00000121875, 308.00000413875006, 356.00000178, 404.00000404, 452.00000113000004, 500.0, 548.0000054800001, 596.0000018625001, 644.0000128800003, 692.0000309237514, 740.0000127187502, 788.0000398925021, 836.0000428450022, 884.0000005525001, 932.0000393187518, 980.0000367500014, 1028.000071638755], "ampl": [409.0300329352037, 2130.985497257889, 4090.1745756928585, 5967.769359461863, 7690.491085423388, 9236.81896754909, 10601.623513961542, 11793.091439441343, 12819.275049526721, 13707.30021957934, 14467.283441649162, 15112.138452882431, 15664.013424395798, 16139.703153855125, 16542.42777631465, 16883.375806574688, 17175.53379489145, 17426.088489602174, 17634.118403303455, 17812.313457669465, 17959.943108763462, 18081.069375601786]}, "2": {"freq": [20.0, 68.00000004249999, 116.00000061625, 164.00000102500002, 212.0000017225, 260.00000121875, 308.00000413875006, 356.00000178, 404.00000404, 452.00000113000004, 500.0, 548.0000054800001, 596.0000018625001, 644.0000128800003, 692.0000309237514, 740.0000127187502, 788.0000398925021, 836.0000428450022, 884.0000005525001, 932.0000393187518, 980.0000367500014, 1028.000071638755], "ampl": [433.67465623843344, 2243.14773383553, 4298.722413442117, 6264.683502975705, 8064.789253462548, 9674.800930427748, 11093.915445533852, 12328.19249352497, 13387.331960365003, 14299.71532658512, 15079.109182851586, 15737.53926012607, 16302.553434090334, 16783.867020203434, 17192.943021151157, 17537.773014417427, 17830.404538551604, 18079.67609501061, 18289.55837220045, 18467.796957461807, 18614.63714106356, 18733.545267883495]}, "3": {"freq": [20.0, 68.00000004249999, 116.00000061625, 164.00000102500002, 212.0000017225, 260.00000121875, 308.00000413875006, 356.00000178, 404.00000404, 452.00000113000004, 500.0, 548.0000054800001, 596.0000018625001, 644.0000128800003, 692.0000309237514, 740.0000127187502, 788.0000398925021, 836.0000428450022, 884.0000005525001, 932.0000393187518, 980.0000367500014, 1028.000071638755], "ampl": [431.34260833631845, 2247.3005695731404, 4304.329014716991, 6265.5914936763065, 8055.195903627792, 9652.248279768348, 11054.60973127609, 12271.24933232852, 13317.088562058843, 14215.72864739903, 14981.473290290407, 15630.8320184004, 16185.399779573787, 16660.51663439025, 17063.06969249017, 17401.321703912152, 17691.702096356814, 17938.366142810984, 18144.29499676045, 18318.83298945096, 18463.909846804476, 18581.746644312174]}, "4": {"freq": [20.0, 68.00000004249999, 116.00000061625, 164.00000102500002, 212.0000017225, 260.00000121875, 308.00000413875006, 356.00000178, 404.00000404, 452.00000113000004, 500.0, 548.0000054800001, 596.0000018625001, 644.0000128800003, 692.0000309237514, 740.0000127187502, 788.0000398925021, 836.0000428450022, 884.0000005525001, 932.0000393187518, 980.0000367500014, 1028.000071638755], "ampl": [252.04016180343712, 1244.2852011967707, 2395.6438844161776, 3524.5448062264845, 4587.7265755797425, 5573.5853415518195, 6477.96820504944, 7293.6269994610675, 8026.211037293413, 8681.855799557326, 9264.696025552528, 9778.668289551428, 10233.273588823358, 10635.867954522711, 10989.79127179776, 11298.961192969111, 11572.61364004967, 11811.66223300181, 12021.175438193071, 12202.021753448307, 12361.165646725141, 12497.168244954597]}, "5": {"freq": [20.0, 68.00000004249999, 116.00000061625, 164.00000102500002, 212.0000017225, 260.00000121875, 308.00000413875006, 356.00000178, 404.00000404, 452.00000113000004, 500.0, 548.0000054800001, 596.0000018625001, 644.0000128800003, 692.0000309237514, 740.0000127187502, 788.0000398925021, 836.0000428450022, 884.0000005525001, 932.0000393187518, 980.0000367500014, 1028.000071638755], "ampl": [427.32944875686223, 2209.3934260298843, 4228.71742015712, 6148.572871427319, 7895.217579792773, 9442.668242137444, 10795.411278497992, 11960.252552265561, 12955.034915159795, 13806.551872714947, 14527.252643319116, 15135.674737969788, 15652.444147056663, 16093.668042152707, 16466.77346873517, 16779.618751740913, 17044.897376934157, 17270.32564028461, 17459.627310885287, 17620.34972487739, 17751.097172706035, 17854.610616253234]}, "6": {"freq": [20.0, 68.00000004249999, 116.00000061625, 164.00000102500002, 212.0000017225, 260.00000121875, 308.00000413875006, 356.00000178, 404.00000404, 452.00000113000004, 500.0, 548.0000054800001, 596.0000018625001, 644.0000128800003, 692.0000309237514, 740.0000127187502, 788.0000398925021, 836.0000428450022, 884.0000005525001, 932.0000393187518, 980.0000367500014, 1028.000071638755], "ampl": [466.80613399172995, 2376.4898798396407, 4536.108019841463, 6580.445251976135, 8426.372333270017, 10055.263969447235, 11465.984666450682, 12674.008747730657, 13694.467321611308, 14560.158231320778, 15288.833989265766, 15899.940935652088, 16413.36404204846, 16849.000238084413, 17213.1663993652, 17517.512427022553, 17772.8639188631, 17989.950584682254, 18167.56623859687, 18313.762439833485, 18434.667401165505, 18531.388387895142]}, "7": {"freq": [20.0, 68.00000004249999, 116.00000061625, 164.00000102500002, 212.0000017225, 260.00000121875, 308.00000413875006, 356.00000178, 404.00000404, 452.00000113000004, 500.0, 548.0000054800001, 596.0000018625001, 644.0000128800003, 692.0000309237514, 740.0000127187502, 788.0000398925021, 836.0000428450022, 884.0000005525001, 932.0000393187518, 980.0000367500014, 1028.000071638755], "ampl": [462.8376124195993, 2362.467494219671, 4517.285911800641, 6551.220850828677, 8383.873518484028, 9998.590991624284, 11392.037513753889, 12584.527289814014, 13587.394932449663, 14435.884526327849, 15149.881055205213, 15744.729442272544, 16246.188727499746, 16669.449448955347, 17025.436514956647, 17318.619667877938, 17566.22061760516, 17775.539879141503, 17946.484165361155, 18088.653098716186, 18203.584482127866, 18293.514439126466]}, "wireSegments": null, "apaChannels": null, "measuredBy": null, "stage": null, "apaUuid": null, "layer": null, "headboardNum": null, "side": null}