{"0": {"freq": [20.0, 68.00000004249999, 116.00000061625, 164.00000102500002, 212.0000017225, 260.00000121875, 308.00000413875006, 356.00000178, 404.00000404, 452.00000113000004, 500.0, 548.0000054800001, 596.0000018625001, 644.0000128800003, 692.0000309237514, 740.0000127187502, 788.0000398925021, 836.0000428450022, 884.0000005525001, 932.0000393187518, 980.0000367500014, 1028.000071638755], "ampl": [447.08798955773193, 2318.5158087030823, 4468.727387002893, 6523.71004590118, 8402.834367954592, 10079.294402497339, 11535.67218237701, 12799.632534565462, 13880.597198441077, 14799.154338656768, 15582.378166931083, 16243.680730837175, 16800.105751233685, 17275.177487285524, 17679.7534052097, 18015.003982633407, 18302.622843128465, 18540.236759635798, 18743.350713134867, 18921.027696894384, 19078.128737336727, 19169.018557407333]}, "1": {"freq": [20.0, 68.00000004249999, 116.00000061625, 164.00000102500002, 212.0000017225, 260.00000121875, 308.00000413875006, 356.00000178, 404.00000404, 452.00000113000004, 500.0, 548.0000054800001, 596.0000018625001, 644.0000128800003, 692.0000309237514, 740.0000127187502, 788.0000398925021, 836.0000428450022, 884.0000005525001, 932.0000393187518, 980.0000367500014, 1028.000071638755], "ampl": [439.6993319236974, 2285.6453659776007, 4408.6211453157675, 6437.971803373942, 8295.373910820581, 9958.638448120739, 11402.779128505885, 12656.305797911045, 13732.309269513742, 14645.194445671761, 15427.055806178683, 16085.597147127199, 16644.69766542003, 17119.154331132133, 17523.904698590046, 17859.93948237912, 18147.274176043724, 18388.177601588082, 18591.944229281635, 18769.054369087848, 18925.460770185444, 19018.119656569535]}, "2": {"freq": [20.0, 68.00000004249999, 116.00000061625, 164.00000102500002, 212.0000017225, 260.00000121875, 308.00000413875006, 356.00000178, 404.00000404, 452.00000113000004, 500.0, 548.0000054800001, 596.0000018625001, 644.0000128800003, 692.0000309237514, 740.0000127187502, 788.0000398925021, 836.0000428450022, 884.0000005525001, 932.0000393187518, 980.0000367500014, 1028.000071638755], "ampl": [437.42558576787445, 2302.8754078989346, 4445.031040146594, 6490.401995393814, 8364.541492820925, 10040.860602533468, 11495.73129523208, 12757.425362317334, 13840.672313882511, 14765.00925663293, 15550.444908535308, 16215.277185101135, 16778.866977625978, 17257.7057126749, 17667.45645326037, 18003.347569849157, 18296.234173490753, 18537.756181711487, 18746.19828536418, 18925.14504209042, 19083.701171314253, 19179.93679294977]}, "3": {"freq": [20.0, 68.00000004249999, 116.00000061625, 164.00000102500002, 212.0000017225, 260.00000121875, 308.00000413875006, 356.00000178, 404.00000404, 452.00000113000004, 500.0, 548.0000054800001, 596.0000018625001, 644.0000128800003, 692.0000309237514, 740.0000127187502, 788.0000398925021, 836.0000428450022, 884.0000005525001, 932.0000393187518, 980.0000367500014, 1028.000071638755], "ampl": [245.8420664792506, 1226.6829888613925, 2388.483157746076, 3532.3311376167185, 4620.845398402167, 5632.604958526198, 6549.711462404578, 7379.991083294735, 8126.475262159225, 8788.41634767531, 9376.28228451701, 9892.781041078475, 10347.156769484398, 10748.362158512076, 11099.376273191594, 11402.925065589445, 11670.278199089766, 11901.873823389244, 12103.494134618966, 12285.71000593258, 12446.99398567618, 12563.796632315245]}, "4": {"freq": [20.0, 68.00000004249999, 116.00000061625, 164.00000102500002, 212.0000017225, 260.00000121875, 308.00000413875006, 356.00000178, 404.00000404, 452.00000113000004, 500.0, 548.0000054800001, 596.0000018625001, 644.0000128800003, 692.0000309237514, 740.0000127187502, 788.0000398925021, 836.0000428450022, 884.0000005525001, 932.0000393187518, 980.0000367500014, 1028.000071638755], "ampl": [2.5588723301977265, 20.333959858406132, 37.32767826510807, 54.10413965768073, 69.84747873932197, 85.11948526262634, 100.13613997392461, 114.86725527221732, 129.0345523913074, 144.54461280057163, 158.20581547109472, 172.08117667241706, 186.01290860998785, 199.719038676088, 213.7301149728065, 226.48512561336634, 239.69586976855496, 252.97657293364807, 266.5267028827612, 278.39475533296707, 291.8850847243725, 303.3198060154684]}, "5": {"freq": [20.0, 68.00000004249999, 116.00000061625, 164.00000102500002, 212.0000017225, 260.00000121875, 308.00000413875006, 356.00000178, 404.00000404, 452.00000113000004, 500.0, 548.0000054800001, 596.0000018625001, 644.0000128800003, 692.0000309237514, 740.0000127187502, 788.0000398925021, 836.0000428450022, 884.0000005525001, 932.0000393187518, 980.0000367500014, 1028.000071638755], "ampl": [2.540269113241964, 22.840463098782205, 42.86560586182541, 61.799822124348836, 78.35863396952078, 96.49493550488687, 112.59366635554827, 129.6494280631557, 144.50055454264682, 161.3798097917422, 176.74537396018303, 191.11238315851497, 205.30406589800916, 219.52767026408955, 234.17974842525072, 246.40812755526386, 260.356820996687, 274.1171639993572, 288.31788257607445, 301.38625554071126, 315.4712315441344, 326.23421117249694]}, "6": {"freq": [20.0, 68.00000004249999, 116.00000061625, 164.00000102500002, 212.0000017225, 260.00000121875, 308.00000413875006, 356.00000178, 404.00000404, 452.00000113000004, 500.0, 548.0000054800001, 596.0000018625001, 644.0000128800003, 692.0000309237514, 740.0000127187502, 788.0000398925021, 836.0000428450022, 884.0000005525001, 932.0000393187518, 980.0000367500014, 1028.000071638755], "ampl": [2.6940815070574557, 20.64270326447978, 41.84781266775529, 59.94532533477852, 76.51080416969134, 93.22871302951452, 109.77318666643266, 126.81453705492731, 144.4144285525839, 159.98970433616898, 174.56074825117403, 190.8697287665015, 206.11587483789882, 220.61495218387967, 235.00314101153347, 249.4917309870146, 263.36225332664446, 277.05407055008766, 291.20194369247247, 304.68875529384786, 318.2060225460853, 329.6758671750776]}, "7": {"freq": [20.0, 68.00000004249999, 116.00000061625, 164.00000102500002, 212.0000017225, 260.00000121875, 308.00000413875006, 356.00000178, 404.00000404, 452.00000113000004, 500.0, 548.0000054800001, 596.0000018625001, 644.0000128800003, 692.0000309237514, 740.0000127187502, 788.0000398925021, 836.0000428450022, 884.0000005525001, 932.0000393187518, 980.0000367500014, 1028.000071638755], "ampl": [3.4360110892610978, 23.690483297161467, 48.711003678483046, 70.82785805226303, 91.36767417490823, 113.149794412757, 133.27584026842806, 153.73334288856555, 173.05465076973744, 192.83046527152806, 210.6701297303128, 228.3533900858598, 245.84175581959713, 263.17588333279315, 282.0613922152295, 298.5013960924248, 314.2330925072932, 330.6911110030657, 347.1936531361634, 363.0749576852812, 379.41337589591535, 393.22454069872487]}, "wireSegments": null, "apaChannels": null, "measuredBy": null, "stage": null, "apaUuid": null, "layer": null, "headboardNum": null, "side": null}