{"0": {"freq": [20.0, 68.00000004249999, 116.00000061625, 164.00000102500002, 212.0000017225, 260.00000121875, 308.00000413875006, 356.00000178, 404.00000404, 452.00000113000004, 500.0, 548.0000054800001, 596.0000018625001, 644.0000128800003, 692.0000309237514, 740.0000127187502, 788.0000398925021, 836.0000428450022, 884.0000005525001, 932.0000393187518, 980.0000367500014, 1028.000071638755], "ampl": [256.83721802596614, 1270.0131684969394, 2469.0014824096147, 3646.1334320694264, 4759.955169818262, 5783.158799169458, 6710.278750841248, 7540.051056469195, 8274.524243302993, 8919.069250717816, 9484.272375530898, 9979.583910704367, 10409.891329315727, 10780.390773158198, 11105.073739979422, 11386.626879998928, 11627.470464275988, 11851.302485423159, 12017.333066526493, 12168.634721575292, 12302.33888069464, 12415.770937637197]}, "1": {"freq": [20.0, 68.00000004249999, 116.00000061625, 164.00000102500002, 212.0000017225, 260.00000121875, 308.00000413875006, 356.00000178, 404.00000404, 452.00000113000004, 500.0, 548.0000054800001, 596.0000018625001, 644.0000128800003, 692.0000309237514, 740.0000127187502, 788.0000398925021, 836.0000428450022, 884.0000005525001, 932.0000393187518, 980.0000367500014, 1028.000071638755], "ampl": [428.693783360996, 2224.71053158999, 4287.306323184508, 6250.7718280691415, 8044.9873598323275, 9647.178519363737, 11041.19375596477, 12249.54980641064, 13278.551236011897, 14155.27156745163, 14897.489114155052, 15531.471269994136, 16066.267489956039, 16517.46213357146, 16900.9405418694, 17226.357273471458, 17496.254263565897, 17748.650381696232, 17922.304406892854, 18078.502115566695, 18213.95183872679, 18324.402243028428]}, "2": {"freq": [20.0, 68.00000004249999, 116.00000061625, 164.00000102500002, 212.0000017225, 260.00000121875, 308.00000413875006, 356.00000178, 404.00000404, 452.00000113000004, 500.0, 548.0000054800001, 596.0000018625001, 644.0000128800003, 692.0000309237514, 740.0000127187502, 788.0000398925021, 836.0000428450022, 884.0000005525001, 932.0000393187518, 980.0000367500014, 1028.000071638755], "ampl": [437.8511467181347, 2297.80194669738, 4437.227168557846, 6478.395457389594, 8343.692689305748, 10009.630270254464, 11460.910193592199, 12722.336404283964, 13794.05164753279, 14709.394835374316, 15484.225342862768, 16145.632671799105, 16704.17638977725, 17176.017489135167, 17576.316337038574, 17917.27789472007, 18197.806954385887, 18460.501166109538, 18644.106668408298, 18807.567929925346, 18950.716098075234, 19067.56393905354]}, "3": {"freq": [20.0, 68.00000004249999, 116.00000061625, 164.00000102500002, 212.0000017225, 260.00000121875, 308.00000413875006, 356.00000178, 404.00000404, 452.00000113000004, 500.0, 548.0000054800001, 596.0000018625001, 644.0000128800003, 692.0000309237514, 740.0000127187502, 788.0000398925021, 836.0000428450022, 884.0000005525001, 932.0000393187518, 980.0000367500014, 1028.000071638755], "ampl": [438.8449779901336, 2305.1250885529366, 4437.8853850604555, 6462.349883475375, 8308.05010078691, 9946.406913884552, 11371.95520334838, 12605.596604488017, 13653.06199443081, 14544.700821719638, 15299.450600714823, 15942.690306017575, 16485.564828636867, 16943.00134048357, 17333.0548531572, 17662.09860500067, 17935.340434674697, 18192.13818809733, 18369.712220087207, 18526.388146553774, 18663.801988078165, 18775.88816417559]}, "4": {"freq": [20.0, 68.00000004249999, 116.00000061625, 164.00000102500002, 212.0000017225, 260.00000121875, 308.00000413875006, 356.00000178, 404.00000404, 452.00000113000004, 500.0, 548.0000054800001, 596.0000018625001, 644.0000128800003, 692.0000309237514, 740.0000127187502, 788.0000398925021, 836.0000428450022, 884.0000005525001, 932.0000393187518, 980.0000367500014, 1028.000071638755], "ampl": [2.206395150540526, 18.886021076586324, 36.381332223565025, 51.3739825379441, 67.33943086404244, 82.20942052736714, 97.29784865320487, 111.85539372808574, 125.3758348300047, 139.88980624772356, 153.69506890107618, 167.61184923937796, 180.62090783532648, 194.80775794519158, 207.46266837723152, 221.447375274753, 233.52129721872322, 247.75981770811805, 259.8180433206686, 272.1802848485431, 283.8446067722845, 296.2073252241897]}, "5": {"freq": [20.0, 68.00000004249999, 116.00000061625, 164.00000102500002, 212.0000017225, 260.00000121875, 308.00000413875006, 356.00000178, 404.00000404, 452.00000113000004, 500.0, 548.0000054800001, 596.0000018625001, 644.0000128800003, 692.0000309237514, 740.0000127187502, 788.0000398925021, 836.0000428450022, 884.0000005525001, 932.0000393187518, 980.0000367500014, 1028.000071638755], "ampl": [3.3709227271955164, 22.36337998197592, 42.35773434393413, 60.66643578842997, 79.71308564017693, 96.78297349146565, 113.45087961067668, 129.53042839135352, 146.1805762633558, 160.79920276033093, 175.90993511345906, 191.2707999043574, 205.46561245973115, 220.37389457787057, 235.1441358918819, 248.02412002358565, 262.2542946639868, 275.8959464572292, 289.6870623035928, 302.3561071350376, 315.62076869149575, 327.4135976736151]}, "6": {"freq": [20.0, 68.00000004249999, 116.00000061625, 164.00000102500002, 212.0000017225, 260.00000121875, 308.00000413875006, 356.00000178, 404.00000404, 452.00000113000004, 500.0, 548.0000054800001, 596.0000018625001, 644.0000128800003, 692.0000309237514, 740.0000127187502, 788.0000398925021, 836.0000428450022, 884.0000005525001, 932.0000393187518, 980.0000367500014, 1028.000071638755], "ampl": [3.6804401124420143, 22.13284515058803, 40.973475383156796, 59.43621389708908, 76.1918256074328, 93.66794239618368, 110.31442789711282, 126.53796477003068, 143.1834891623881, 159.44965797411993, 174.8011421448462, 190.1556599426763, 205.2983611648061, 220.1412755524598, 235.33286950645774, 250.81298642727504, 263.674095192968, 277.9572700469811, 291.81754149146144, 304.70341376076146, 318.1989809659352, 330.7152448082696]}, "7": {"freq": [20.0, 68.00000004249999, 116.00000061625, 164.00000102500002, 212.0000017225, 260.00000121875, 308.00000413875006, 356.00000178, 404.00000404, 452.00000113000004, 500.0, 548.0000054800001, 596.0000018625001, 644.0000128800003, 692.0000309237514, 740.0000127187502, 788.0000398925021, 836.0000428450022, 884.0000005525001, 932.0000393187518, 980.0000367500014, 1028.000071638755], "ampl": [3.7311861191627234, 25.03950576867713, 48.05249427635572, 70.96468905728673, 92.92188591148833, 113.34819441616239, 132.58189439263876, 152.6564855241573, 172.53600354988438, 191.353192086922, 210.16063342590186, 227.7039778624149, 245.93243898423984, 263.4449907496812, 281.31464593028977, 297.46245518314635, 314.40186664701946, 331.96548764816464, 346.28354259819366, 361.7004460106872, 378.5508992393097, 392.1598453349457]}, "wireSegments": null, "apaChannels": null, "measuredBy": null, "stage": null, "apaUuid": null, "layer": null, "headboardNum": null, "side": null}