{"0": {"freq": [20.0, 68.00000004249999, 116.00000061625, 164.00000102500002, 212.0000017225, 260.00000121875, 308.00000413875006, 356.00000178, 404.00000404, 452.00000113000004, 500.0, 548.0000054800001, 596.0000018625001, 644.0000128800003, 692.0000309237514, 740.0000127187502, 788.0000398925021, 836.0000428450022, 884.0000005525001, 932.0000393187518, 980.0000367500014, 1028.000071638755], "ampl": [442.5447128105566, 2305.1241695274025, 4417.896705462417, 6426.084172968329, 8263.531789586214, 9900.802812142594, 11335.170779078724, 12576.657628386181, 13644.500759739063, 14551.735755820315, 15326.016441308746, 15988.521466075621, 16543.75505536684, 17016.616991840394, 17422.64220330659, 17758.633152447444, 18050.051463988057, 18290.592321782995, 18496.065699923307, 18669.96524230778, 18806.99008700352, 18926.77985867585]}, "1": {"freq": [20.0, 68.00000004249999, 116.00000061625, 164.00000102500002, 212.0000017225, 260.00000121875, 308.00000413875006, 356.00000178, 404.00000404, 452.00000113000004, 500.0, 548.0000054800001, 596.0000018625001, 644.0000128800003, 692.0000309237514, 740.0000127187502, 788.0000398925021, 836.0000428450022, 884.0000005525001, 932.0000393187518, 980.0000367500014, 1028.000071638755], "ampl": [465.5809752554806, 2287.1303572880265, 4323.722864211002, 6265.444757721873, 8050.362635469838, 9651.499894118624, 11060.714865837946, 12286.288323565766, 13345.18459694655, 14251.881205742424, 15026.262232715788, 15692.340956805603, 16252.0616311987, 16731.524123158102, 17144.769825915675, 17484.3524606451, 17782.219125209333, 18027.940212261114, 18240.68791719962, 18418.567185182117, 18562.222183374553, 18686.55868529115]}, "2": {"freq": [20.0, 68.00000004249999, 116.00000061625, 164.00000102500002, 212.0000017225, 260.00000121875, 308.00000413875006, 356.00000178, 404.00000404, 452.00000113000004, 500.0, 548.0000054800001, 596.0000018625001, 644.0000128800003, 692.0000309237514, 740.0000127187502, 788.0000398925021, 836.0000428450022, 884.0000005525001, 932.0000393187518, 980.0000367500014, 1028.000071638755], "ampl": [443.40668004918905, 2314.660153292487, 4439.373939226358, 6456.751378026782, 8301.255060991636, 9944.581127496522, 11384.095488600833, 12628.207308292847, 13697.022540808197, 14608.217405232976, 15381.703683349724, 16046.167232208241, 16601.621523763333, 17076.165013571568, 17483.73724617247, 17819.355411391018, 18110.579370230185, 18352.074250139638, 18558.546012919185, 18732.045291859547, 18871.943103994443, 18991.773276975495]}, "3": {"freq": [20.0, 68.00000004249999, 116.00000061625, 164.00000102500002, 212.0000017225, 260.00000121875, 308.00000413875006, 356.00000178, 404.00000404, 452.00000113000004, 500.0, 548.0000054800001, 596.0000018625001, 644.0000128800003, 692.0000309237514, 740.0000127187502, 788.0000398925021, 836.0000428450022, 884.0000005525001, 932.0000393187518, 980.0000367500014, 1028.000071638755], "ampl": [232.52975418665517, 1162.994910948241, 2251.523849280326, 3324.0178926287954, 4348.939484073168, 5302.120652992353, 6179.891102503579, 6978.064565860784, 7693.639679648507, 8337.956416734754, 8908.214279141543, 9418.897947446494, 9865.524257086505, 10257.446173236647, 10607.532456071955, 10907.980148530827, 11177.085078992004, 11407.965975417304, 11612.141313276614, 11790.012640550372, 11942.055865394139, 12075.923395998328]}, "4": {"freq": [20.0, 68.00000004249999, 116.00000061625, 164.00000102500002, 212.0000017225, 260.00000121875, 308.00000413875006, 356.00000178, 404.00000404, 452.00000113000004, 500.0, 548.0000054800001, 596.0000018625001, 644.0000128800003, 692.0000309237514, 740.0000127187502, 788.0000398925021, 836.0000428450022, 884.0000005525001, 932.0000393187518, 980.0000367500014, 1028.000071638755], "ampl": [418.8082765450791, 2156.651463524609, 4081.375445030794, 5893.77779651129, 7551.58891752941, 9039.973154067786, 10358.422823510613, 11516.958711403433, 12528.849885575806, 13454.190205275705, 14221.34719616799, 14891.092400824044, 15463.072210323595, 15958.491686367233, 16395.456118011265, 16761.287319391595, 17083.624770104674, 17358.02936344618, 17596.916947400787, 17802.59814989569, 17972.349288574238, 18122.481869727155]}, "5": {"freq": [20.0, 68.00000004249999, 116.00000061625, 164.00000102500002, 212.0000017225, 260.00000121875, 308.00000413875006, 356.00000178, 404.00000404, 452.00000113000004, 500.0, 548.0000054800001, 596.0000018625001, 644.0000128800003, 692.0000309237514, 740.0000127187502, 788.0000398925021, 836.0000428450022, 884.0000005525001, 932.0000393187518, 980.0000367500014, 1028.000071638755], "ampl": [446.32397979297815, 2256.586149185057, 4304.808883705192, 6261.261416598764, 8061.062015234667, 9675.5424072113, 11096.53844466628, 12331.67667546608, 13398.358781480578, 14312.647706380576, 15093.787104475381, 15763.88949103098, 16328.79024685103, 16809.653226229657, 17224.827238589856, 17567.021543840536, 17866.929931889757, 18114.587196001412, 18326.372394695252, 18507.00395945553, 18650.863242900923, 18777.69468658431]}, "6": {"freq": [20.0, 68.00000004249999, 116.00000061625, 164.00000102500002, 212.0000017225, 260.00000121875, 308.00000413875006, 356.00000178, 404.00000404, 452.00000113000004, 500.0, 548.0000054800001, 596.0000018625001, 644.0000128800003, 692.0000309237514, 740.0000127187502, 788.0000398925021, 836.0000428450022, 884.0000005525001, 932.0000393187518, 980.0000367500014, 1028.000071638755], "ampl": [445.4906578005866, 2308.5984988408236, 4422.813266611334, 6425.770721825835, 8251.72085420877, 9866.282303198734, 11273.928062650191, 12482.197111261607, 13515.129433783573, 14389.44545991742, 15130.26573103725, 15760.666189876521, 16285.269804150457, 16732.532470006623, 17113.527204693306, 17424.610832917322, 17695.223339125143, 17915.658420047133, 18105.050206678294, 18262.434707297998, 18391.632832538427, 18497.00328143237]}, "7": {"freq": [20.0, 68.00000004249999, 116.00000061625, 164.00000102500002, 212.0000017225, 260.00000121875, 308.00000413875006, 356.00000178, 404.00000404, 452.00000113000004, 500.0, 548.0000054800001, 596.0000018625001, 644.0000128800003, 692.0000309237514, 740.0000127187502, 788.0000398925021, 836.0000428450022, 884.0000005525001, 932.0000393187518, 980.0000367500014, 1028.000071638755], "ampl": [250.27742173238445, 1226.644140785418, 2365.8050115793194, 3488.893640870715, 4556.832631269857, 5547.23546284789, 6451.264776556149, 7266.915413834078, 7997.233705095729, 8647.03582634389, 9218.945217821753, 9728.206703254176, 10171.592314203157, 10559.146056120495, 10899.87408226806, 11193.702623962143, 11452.971826492505, 11675.9694709051, 11871.512887528155, 12039.326232768362, 12182.245305712417, 12309.66241658857]}, "wireSegments": null, "apaChannels": null, "measuredBy": null, "stage": null, "apaUuid": null, "layer": null, "headboardNum": null, "side": null}