{"0": {"freq": [20.0, 68.00000004249999, 116.00000061625, 164.00000102500002, 212.0000017225, 260.00000121875, 308.00000413875006, 356.00000178, 404.00000404, 452.00000113000004, 500.0, 548.0000054800001, 596.0000018625001, 644.0000128800003, 692.0000309237514, 740.0000127187502, 788.0000398925021, 836.0000428450022, 884.0000005525001, 932.0000393187518, 980.0000367500014, 1028.000071638755], "ampl": [282.8286431414889, 1302.6465021066913, 2469.9300722697963, 3624.6309720334566, 4726.574205360614, 5750.667054185555, 6686.908601614219, 7535.553599297254, 8292.64246150899, 8968.847070228148, 9577.42217414362, 10088.220071857586, 10550.584300218836, 10951.404340375975, 11303.259003280955, 11610.370459215132, 11877.441033057481, 12106.949880221935, 12311.338556621602, 12482.88451381392, 12632.705643561454, 12759.696281744267]}, "1": {"freq": [20.0, 68.00000004249999, 116.00000061625, 164.00000102500002, 212.0000017225, 260.00000121875, 308.00000413875006, 356.00000178, 404.00000404, 452.00000113000004, 500.0, 548.0000054800001, 596.0000018625001, 644.0000128800003, 692.0000309237514, 740.0000127187502, 788.0000398925021, 836.0000428450022, 884.0000005525001, 932.0000393187518, 980.0000367500014, 1028.000071638755], "ampl": [419.3714434399706, 2168.378478066753, 4155.942030183894, 6055.7136935874905, 7792.466418001608, 9342.788021898528, 10700.16127389681, 11875.688691439333, 12887.37824071248, 13754.542271941913, 14509.958724170727, 15121.069920680295, 15655.963357876219, 16108.482668252409, 16495.457015198237, 16822.70296349788, 17101.44185045195, 17334.11431528369, 17536.23550485937, 17698.886913366776, 17837.49498561814, 17947.837484093063]}, "2": {"freq": [20.0, 68.00000004249999, 116.00000061625, 164.00000102500002, 212.0000017225, 260.00000121875, 308.00000413875006, 356.00000178, 404.00000404, 452.00000113000004, 500.0, 548.0000054800001, 596.0000018625001, 644.0000128800003, 692.0000309237514, 740.0000127187502, 788.0000398925021, 836.0000428450022, 884.0000005525001, 932.0000393187518, 980.0000367500014, 1028.000071638755], "ampl": [444.64770790975257, 2295.8431470876226, 4396.010407383098, 6396.135331412568, 8221.88465530667, 9850.634956358055, 11273.455358608717, 12508.022715454514, 13565.397903667057, 14471.060934626643, 15258.059715441957, 15893.42863186761, 16450.837562855584, 16918.436362758315, 17320.13798075499, 17658.76342576971, 17945.507165756546, 18186.179070069513, 18395.79143479131, 18562.4000587616, 18704.96493431257, 18815.270009706408]}, "3": {"freq": [20.0, 68.00000004249999, 116.00000061625, 164.00000102500002, 212.0000017225, 260.00000121875, 308.00000413875006, 356.00000178, 404.00000404, 452.00000113000004, 500.0, 548.0000054800001, 596.0000018625001, 644.0000128800003, 692.0000309237514, 740.0000127187502, 788.0000398925021, 836.0000428450022, 884.0000005525001, 932.0000393187518, 980.0000367500014, 1028.000071638755], "ampl": [438.73446959283956, 2276.2095106725783, 4352.802222645467, 6322.687147598821, 8117.528415516735, 9717.209714068134, 11112.667161229208, 12320.805295990327, 13355.224724054227, 14239.451219835064, 15010.700001342528, 15632.060610761204, 16176.683469243095, 16634.30128105713, 17027.70582595602, 17361.273391985545, 17642.040239610724, 17879.961393066656, 18084.163612515327, 18249.36458244928, 18388.39771329474, 18499.25234189453]}, "4": {"freq": [20.0, 68.00000004249999, 116.00000061625, 164.00000102500002, 212.0000017225, 260.00000121875, 308.00000413875006, 356.00000178, 404.00000404, 452.00000113000004, 500.0, 548.0000054800001, 596.0000018625001, 644.0000128800003, 692.0000309237514, 740.0000127187502, 788.0000398925021, 836.0000428450022, 884.0000005525001, 932.0000393187518, 980.0000367500014, 1028.000071638755], "ampl": [251.89175717717234, 1194.1425163073268, 2254.610609046634, 3290.6249696051927, 4270.965396526828, 5189.390837394588, 6031.159543620831, 6802.019326506161, 7501.443271708275, 8132.316969961877, 8707.802929235382, 9204.873131327311, 9659.7742388012, 10062.204969243547, 10419.660497527178, 10738.094775944168, 11020.969658046373, 11269.58560081357, 11492.391279929705, 11684.051575782734, 11855.930849592423, 12002.619489257924]}, "5": {"freq": [20.0, 68.00000004249999, 116.00000061625, 164.00000102500002, 212.0000017225, 260.00000121875, 308.00000413875006, 356.00000178, 404.00000404, 452.00000113000004, 500.0, 548.0000054800001, 596.0000018625001, 644.0000128800003, 692.0000309237514, 740.0000127187502, 788.0000398925021, 836.0000428450022, 884.0000005525001, 932.0000393187518, 980.0000367500014, 1028.000071638755], "ampl": [422.3513834630875, 2206.893782930454, 4236.213886409366, 6176.894928493676, 7958.947907058835, 9541.752954480986, 10932.047455939482, 12134.926552060611, 13173.161756525424, 14059.60031732778, 14831.737400520331, 15455.378506119729, 16002.593265178524, 16464.537755250112, 16858.433375472345, 17193.028468251217, 17477.881161975663, 17715.636463825587, 17921.337697780065, 18088.009022149945, 18229.741577302502, 18338.832385827016]}, "6": {"freq": [20.0, 68.00000004249999, 116.00000061625, 164.00000102500002, 212.0000017225, 260.00000121875, 308.00000413875006, 356.00000178, 404.00000404, 452.00000113000004, 500.0, 548.0000054800001, 596.0000018625001, 644.0000128800003, 692.0000309237514, 740.0000127187502, 788.0000398925021, 836.0000428450022, 884.0000005525001, 932.0000393187518, 980.0000367500014, 1028.000071638755], "ampl": [447.5409598229373, 2285.4542433706665, 4369.479557198526, 6353.048960381064, 8157.63612392576, 9758.522066224747, 11153.511528518042, 12353.804989396325, 13378.625204011272, 14247.681890241714, 15001.543279764826, 15607.76731088955, 16131.155935590567, 16573.391787999382, 16949.031317028966, 17266.550019267976, 17531.46921725478, 17752.098659553834, 17945.642020254185, 18098.677572191235, 18227.63171716916, 18327.77073965158]}, "7": {"freq": [20.0, 68.00000004249999, 116.00000061625, 164.00000102500002, 212.0000017225, 260.00000121875, 308.00000413875006, 356.00000178, 404.00000404, 452.00000113000004, 500.0, 548.0000054800001, 596.0000018625001, 644.0000128800003, 692.0000309237514, 740.0000127187502, 788.0000398925021, 836.0000428450022, 884.0000005525001, 932.0000393187518, 980.0000367500014, 1028.000071638755], "ampl": [452.6396150163894, 2334.973816033409, 4467.60013168559, 6488.160988811788, 8322.860615955102, 9945.47806390703, 11354.769249830835, 12565.52621052103, 13595.945053755713, 14465.994079743172, 15224.924647642087, 15822.256487908566, 16343.816199948109, 16783.20694218509, 17155.98479941551, 17469.989410987626, 17731.922879579044, 17952.75877565088, 18139.316100965247, 18290.66459560165, 18415.54382348716, 18514.154407989103]}, "wireSegments": null, "apaChannels": null, "measuredBy": null, "stage": null, "apaUuid": null, "layer": null, "headboardNum": null, "side": null}