{"scanEndMode": 0, "0": {"freq": [20.0, 68.00000004249999, 116.00000061625, 164.00000102500002, 212.0000017225, 260.00000121875, 308.00000413875006, 356.00000178, 404.00000404, 452.00000113000004, 500.0, 548.0000054800001, 596.0000018625001, 644.0000128800003, 692.0000309237514, 740.0000127187502, 788.0000398925021, 836.0000428450022, 884.0000005525001, 932.0000393187518, 980.0000367500014, 1028.000071638755], "ampl": [88.23902682227379, 484.63682062501954, 944.445861054968, 1398.1371727627247, 1839.9707741247237, 2258.765013259201, 2654.670546793354, 3023.4145527578903, 3365.0468962515747, 3678.837597199044, 3965.603304431103, 4228.4340340230065, 4466.640516536555, 4682.733097683183, 4876.273366902112, 5050.524742067334, 5205.236680580235, 5343.729939139625, 5469.895270911172, 5580.39425315244, 5678.2166792289745, 5766.575403525395]}, "1": {"freq": [20.0, 68.00000004249999, 116.00000061625, 164.00000102500002, 212.0000017225, 260.00000121875, 308.00000413875006, 356.00000178, 404.00000404, 452.00000113000004, 500.0, 548.0000054800001, 596.0000018625001, 644.0000128800003, 692.0000309237514, 740.0000127187502, 788.0000398925021, 836.0000428450022, 884.0000005525001, 932.0000393187518, 980.0000367500014, 1028.000071638755], "ampl": [85.64041564566635, 486.6404705958733, 943.815032914677, 1400.0796567394577, 1842.3498054281968, 2261.9996494311285, 2659.6884811224813, 3029.70433045435, 3372.668758935701, 3688.5463377867904, 3978.89010962333, 4242.961803344898, 4485.736936160255, 4702.371874632758, 4897.733754342153, 5076.010074178098, 5233.178075921123, 5374.608321892155, 5503.7180352209425, 5615.89862635325, 5717.540481211626, 5806.089715086805]}, "2": {"freq": [20.0, 68.00000004249999, 116.00000061625, 164.00000102500002, 212.0000017225, 260.00000121875, 308.00000413875006, 356.00000178, 404.00000404, 452.00000113000004, 500.0, 548.0000054800001, 596.0000018625001, 644.0000128800003, 692.0000309237514, 740.0000127187502, 788.0000398925021, 836.0000428450022, 884.0000005525001, 932.0000393187518, 980.0000367500014, 1028.000071638755], "ampl": [90.97511182635034, 507.10592836714886, 986.1973341335881, 1463.6651263370552, 1925.9779598770676, 2365.1791144960384, 2778.8849949295, 3165.9331641570375, 3523.1748548918085, 3853.0135976893034, 4153.070242637635, 4426.8243402644985, 4677.509414843806, 4902.0500305854275, 5105.037437459579, 5288.333650819761, 5451.215695939211, 5596.301687866857, 5729.5263018664355, 5845.198567700985, 5948.087797959093, 6039.608868315513]}, "3": {"freq": [20.0, 68.00000004249999, 116.00000061625, 164.00000102500002, 212.0000017225, 260.00000121875, 308.00000413875006, 356.00000178, 404.00000404, 452.00000113000004, 500.0, 548.0000054800001, 596.0000018625001, 644.0000128800003, 692.0000309237514, 740.0000127187502, 788.0000398925021, 836.0000428450022, 884.0000005525001, 932.0000393187518, 980.0000367500014, 1028.000071638755], "ampl": [83.42987289975473, 473.8222995522591, 921.2188694079922, 1367.813749946227, 1800.4254188420537, 2212.0881703780587, 2600.4856995466444, 2963.186462920821, 3298.382292037584, 3606.186812501539, 3887.9359397470093, 4146.914933159124, 4381.319739094048, 4592.815462218148, 4782.21232546276, 4956.981280398926, 5109.967828479202, 5246.6243997327265, 5370.846545684141, 5480.733122479265, 5576.520296257513, 5664.753808198752]}, "4": {"freq": [20.0, 68.00000004249999, 116.00000061625, 164.00000102500002, 212.0000017225, 260.00000121875, 308.00000413875006, 356.00000178, 404.00000404, 452.00000113000004, 500.0, 548.0000054800001, 596.0000018625001, 644.0000128800003, 692.0000309237514, 740.0000127187502, 788.0000398925021, 836.0000428450022, 884.0000005525001, 932.0000393187518, 980.0000367500014, 1028.000071638755], "ampl": [103.83029029070444, 557.4759827207401, 1081.348382417983, 1601.5606677102612, 2100.813433505476, 2572.426258392571, 3012.774488710946, 3421.105015158009, 3795.0141857327308, 4136.175490093768, 4445.40063627952, 4726.798857924117, 4975.739599863712, 5200.957525570719, 5403.193164327598, 5583.886181216609, 5742.219403593624, 5883.407300722613, 6012.326401457993, 6123.5157940081635, 6218.975884164855, 6306.761486374568]}, "5": {"freq": [20.0, 68.00000004249999, 116.00000061625, 164.00000102500002, 212.0000017225, 260.00000121875, 308.00000413875006, 356.00000178, 404.00000404, 452.00000113000004, 500.0, 548.0000054800001, 596.0000018625001, 644.0000128800003, 692.0000309237514, 740.0000127187502, 788.0000398925021, 836.0000428450022, 884.0000005525001, 932.0000393187518, 980.0000367500014, 1028.000071638755], "ampl": [61.39023153179383, 317.26670833071773, 611.8592697352937, 907.1142038628385, 1195.6722646434253, 1470.1928165309018, 1730.8712138221429, 1974.7402841829023, 2202.0319262717594, 2411.018038637075, 2603.710041627487, 2782.0397246937964, 2941.026062277411, 3085.1356762307, 3218.5780955070736, 3337.610982677338, 3444.457839399717, 3538.6370898837276, 3626.919966751245, 3705.1887106663157, 3770.8830300023747, 3833.09287048055]}, "6": {"freq": [20.0, 68.00000004249999, 116.00000061625, 164.00000102500002, 212.0000017225, 260.00000121875, 308.00000413875006, 356.00000178, 404.00000404, 452.00000113000004, 500.0, 548.0000054800001, 596.0000018625001, 644.0000128800003, 692.0000309237514, 740.0000127187502, 788.0000398925021, 836.0000428450022, 884.0000005525001, 932.0000393187518, 980.0000367500014, 1028.000071638755], "ampl": [85.45833214915884, 434.80949878516134, 842.2539145577754, 1248.986296526792, 1639.1202425690728, 2008.8317434238234, 2355.2433917575645, 2674.4615268166267, 2968.1573799176035, 3232.6470845571807, 3476.1274615823318, 3696.090584313767, 3888.565255656136, 4064.63477141195, 4223.481619845543, 4365.154726870005, 4489.465842733719, 4597.48533917801, 4699.518506098968, 4788.466940873777, 4861.641841068002, 4929.19827551347]}, "7": {"freq": [20.0, 68.00000004249999, 116.00000061625, 164.00000102500002, 212.0000017225, 260.00000121875, 308.00000413875006, 356.00000178, 404.00000404, 452.00000113000004, 500.0, 548.0000054800001, 596.0000018625001, 644.0000128800003, 692.0000309237514, 740.0000127187502, 788.0000398925021, 836.0000428450022, 884.0000005525001, 932.0000393187518, 980.0000367500014, 1028.000071638755], "ampl": [67.41815059940392, 351.5171003842846, 675.048871790468, 993.699460524559, 1299.594669854811, 1587.975586282964, 1859.0361273881342, 2109.3686101051535, 2339.2187725841127, 2548.126905433805, 2738.0475974176634, 2909.4759007724374, 3062.4773425325347, 3201.506053330919, 3324.066353015528, 3436.504409517687, 3533.2178018618997, 3619.6349545164344, 3698.683490894629, 3767.2150709448974, 3825.433735115582, 3878.4867577946384]}, "wireSegments": [321, 323, 325, 327, 329, 331, 333, 335], "apaChannels": [321, 323, 325, 327, 329, 331, 333, 335], "measuredBy": "Chris Stanford", "stage": "Installation (Top)", "apaUuid": "43cd3950-268d-11ec-b6f5-a70e70a44436", "layer": "X", "headboardNum": "7", "side": "A"}