{"scanEndMode": 0, "0": {"freq": [100.0, 150.0000005859375, 200.0, 250.0, 300.0000046875001, 350.0000054687501, 400.0, 450.0000070312501, 500.0, 550.0000064453126, 600.0000093750002, 650.0000228515634, 700.0000109375002, 750.0000292968762, 800.0, 850.0000298828136, 900.0000140625002, 950.0000148437501, 1000.0], "ampl": [2123.4514594106954, 3197.02250519395, 4218.264388419303, 5168.50400201939, 6044.7750598135935, 6840.826485482735, 7558.114229424296, 8199.925424030742, 8762.453852942366, 9256.40831584188, 9687.890690454593, 10064.333244940692, 10391.185595729483, 10678.603863193503, 10924.259934466083, 11133.3527537081, 11320.21173252215, 11471.67253763038, 11601.14611769914]}, "1": {"freq": [100.0, 150.0000005859375, 200.0, 250.0, 300.0000046875001, 350.0000054687501, 400.0, 450.0000070312501, 500.0, 550.0000064453126, 600.0000093750002, 650.0000228515634, 700.0000109375002, 750.0000292968762, 800.0, 850.0000298828136, 900.0000140625002, 950.0000148437501, 1000.0], "ampl": [3457.0681639393724, 5106.405738831958, 6579.946766881687, 7865.933028609122, 8974.762575947727, 9919.76638510624, 10718.416859378605, 11399.201330360189, 11964.57912469687, 12439.015296721536, 12842.11298350883, 13175.810240492903, 13457.714399670747, 13699.148997886401, 13897.591205104034, 14058.961378571115, 14200.855408846543, 14308.020969873201, 14395.0202881882]}, "2": {"freq": [100.0, 150.0000005859375, 200.0, 250.0, 300.0000046875001, 350.0000054687501, 400.0, 450.0000070312501, 500.0, 550.0000064453126, 600.0000093750002, 650.0000228515634, 700.0000109375002, 750.0000292968762, 800.0, 850.0000298828136, 900.0000140625002, 950.0000148437501, 1000.0], "ampl": [3663.0610224197353, 5414.883630977996, 6978.664720744738, 8347.539045325995, 9521.914849608143, 10518.904310564785, 11357.915922451924, 12068.863058084735, 12656.652802951716, 13145.581599273244, 13557.320360729607, 13893.753322422011, 14177.349633202879, 14415.694213645751, 14611.684730300904, 14768.630430205638, 14906.570970787236, 15007.9418289893, 15087.955668069917]}, "3": {"freq": [100.0, 150.0000005859375, 200.0, 250.0, 300.0000046875001, 350.0000054687501, 400.0, 450.0000070312501, 500.0, 550.0000064453126, 600.0000093750002, 650.0000228515634, 700.0000109375002, 750.0000292968762, 800.0, 850.0000298828136, 900.0000140625002, 950.0000148437501, 1000.0], "ampl": [3467.3507530842585, 5140.626983019323, 6647.527228812121, 7971.683358781107, 9119.693294863688, 10102.652492666874, 10930.748208115778, 11639.525047658763, 12226.324730227609, 12717.891469956076, 13130.889611140718, 13473.788266299518, 13760.355489069798, 14002.060324353453, 14201.201904834968, 14361.193391155983, 14503.905443633668, 14609.63764625629, 14691.634108780041]}, "4": {"freq": [100.0, 150.0000005859375, 200.0, 250.0, 300.0000046875001, 350.0000054687501, 400.0, 450.0000070312501, 500.0, 550.0000064453126, 600.0000093750002, 650.0000228515634, 700.0000109375002, 750.0000292968762, 800.0, 850.0000298828136, 900.0000140625002, 950.0000148437501, 1000.0], "ampl": [3663.91257876337, 5412.367518040481, 6972.052130844196, 8332.38663535185, 9498.98934276747, 10489.084988632001, 11319.132024374172, 12022.068354139803, 12601.142998855234, 13081.546790335062, 13485.981653842207, 13817.944297209458, 14095.514045576372, 14328.486928333978, 14519.94103324371, 14673.273992920977, 14806.038892622968, 14906.662765440497, 14983.078022295826]}, "5": {"freq": [100.0, 150.0000005859375, 200.0, 250.0, 300.0000046875001, 350.0000054687501, 400.0, 450.0000070312501, 500.0, 550.0000064453126, 600.0000093750002, 650.0000228515634, 700.0000109375002, 750.0000292968762, 800.0, 850.0000298828136, 900.0000140625002, 950.0000148437501, 1000.0], "ampl": [3447.1089147758858, 5106.128275148741, 6597.326179522899, 7907.444794675381, 9041.369639717432, 10009.003920190935, 10826.492031911746, 11522.707202339876, 12098.33620338457, 12580.852533630865, 12984.932185113643, 13318.863969313074, 13599.821049047543, 13837.494960654, 14033.042862437911, 14188.304704906968, 14324.639754465703, 14426.102422670903, 14509.232640319207]}, "6": {"freq": [100.0, 150.0000005859375, 200.0, 250.0, 300.0000046875001, 350.0000054687501, 400.0, 450.0000070312501, 500.0, 550.0000064453126, 600.0000093750002, 650.0000228515634, 700.0000109375002, 750.0000292968762, 800.0, 850.0000298828136, 900.0000140625002, 950.0000148437501, 1000.0], "ampl": [3680.670707132593, 5430.957505264554, 6987.708995410759, 8339.963669225983, 9497.51221506435, 10475.202021914014, 11293.910674426565, 11984.60034734462, 12550.93226744335, 13022.138305161885, 13414.615398025102, 13736.352729271177, 14007.000819998142, 14233.387258669836, 14417.468016535664, 14564.372008486485, 14691.776752105243, 14785.887792430929, 14858.971041250676]}, "7": {"freq": [100.0, 150.0000005859375, 200.0, 250.0, 300.0000046875001, 350.0000054687501, 400.0, 450.0000070312501, 500.0, 550.0000064453126, 600.0000093750002, 650.0000228515634, 700.0000109375002, 750.0000292968762, 800.0, 850.0000298828136, 900.0000140625002, 950.0000148437501, 1000.0], "ampl": [3463.0065925128642, 5125.730860139168, 6611.734261299723, 7911.345287511129, 9027.424348919045, 9977.990096885927, 10775.472811494632, 11452.852917803408, 12008.426164611747, 12472.143047420905, 12860.887713506016, 13180.370206650863, 13449.160460888399, 13674.514039688573, 13858.438248211418, 14006.441034512633, 14133.034767967156, 14228.944285326897, 14303.4129899777]}, "wireSegments": [1, 3, 5, 7, 9, 11, 13, 15, 401, 403, 405, 407, 409, 411, 413, 415, 801, 803, 805, 807, 809, 811, 813, 815], "apaChannels": [1, 3, 5, 7, 9, 11, 13, 15], "measuredBy": "", "stage": "DWA Development", "apaUuid": "continuity100-12", "layer": "U", "headboardNum": "10", "side": "A"}