{"scanEndMode": 0, "0": {"freq": [100.0, 150.0000005859375, 200.0, 250.0, 300.0000046875001, 350.0000054687501, 400.0, 450.0000070312501, 500.0, 550.0000064453126, 600.0000093750002, 650.0000228515634, 700.0000109375002, 750.0000292968762, 800.0, 850.0000298828136, 900.0000140625002, 950.0000148437501, 1000.0], "ampl": [2139.3845840060535, 3223.7062230506426, 4251.263215982944, 5212.569716299411, 6104.927330752568, 6918.5444305566, 7649.820725421456, 8305.77741090946, 8884.697227680179, 9392.50786287305, 9840.423847877568, 10230.975203420161, 10570.14724809046, 10866.308560145406, 11121.421108576389, 11344.75163992424, 11534.20112666524, 11698.117655661546, 11835.239729669407]}, "1": {"freq": [100.0, 150.0000005859375, 200.0, 250.0, 300.0000046875001, 350.0000054687501, 400.0, 450.0000070312501, 500.0, 550.0000064453126, 600.0000093750002, 650.0000228515634, 700.0000109375002, 750.0000292968762, 800.0, 850.0000298828136, 900.0000140625002, 950.0000148437501, 1000.0], "ampl": [3526.5269776473892, 5207.183482905569, 6698.918315595569, 7999.066100197638, 9117.744849600187, 10069.452680643046, 10868.085035258042, 11546.432216669078, 12111.17392404524, 12582.0340592777, 12982.391064205198, 13312.266718927223, 13590.476103291707, 13827.298487723034, 14019.969539786007, 14183.842020808468, 14317.44394034558, 14429.03847041469, 14514.13196375677]}, "2": {"freq": [100.0, 150.0000005859375, 200.0, 250.0, 300.0000046875001, 350.0000054687501, 400.0, 450.0000070312501, 500.0, 550.0000064453126, 600.0000093750002, 650.0000228515634, 700.0000109375002, 750.0000292968762, 800.0, 850.0000298828136, 900.0000140625002, 950.0000148437501, 1000.0], "ampl": [3740.614257354543, 5527.59665259825, 7113.593267042744, 8494.504787347156, 9681.023778408582, 10685.764138110588, 11526.104616837309, 12232.792647242813, 12817.837493085783, 13300.027958580209, 13707.620590642862, 14041.215128975507, 14318.312137208351, 14550.393763605425, 14738.803137804642, 14898.594448307103, 15023.186047508267, 15128.663323150937, 15208.022001555897]}, "3": {"freq": [100.0, 150.0000005859375, 200.0, 250.0, 300.0000046875001, 350.0000054687501, 400.0, 450.0000070312501, 500.0, 550.0000064453126, 600.0000093750002, 650.0000228515634, 700.0000109375002, 750.0000292968762, 800.0, 850.0000298828136, 900.0000140625002, 950.0000148437501, 1000.0], "ampl": [3565.006184412651, 5281.6073590134765, 6812.449216390809, 8152.984939875118, 9308.284744112185, 10293.583658941283, 11119.016294063256, 11815.116704752358, 12394.591491985966, 12871.550109519303, 13276.7215466265, 13606.880976718907, 13882.136368685473, 14114.628576964766, 14304.431861688463, 14463.03995582328, 14589.260165173811, 14695.981919153519, 14774.740598151644]}, "4": {"freq": [100.0, 150.0000005859375, 200.0, 250.0, 300.0000046875001, 350.0000054687501, 400.0, 450.0000070312501, 500.0, 550.0000064453126, 600.0000093750002, 650.0000228515634, 700.0000109375002, 750.0000292968762, 800.0, 850.0000298828136, 900.0000140625002, 950.0000148437501, 1000.0], "ampl": [3690.9131840795108, 5452.405284698756, 7017.637752001587, 8383.49003314964, 9559.107424503798, 10555.57175107149, 11389.426930900896, 12094.018077466137, 12676.999272274656, 13157.996377963893, 13565.029348849546, 13897.521513442382, 14174.520568823862, 14408.58068886705, 14597.97659934959, 14757.463369174722, 14884.697538048487, 14991.89921753887, 15069.661624350783]}, "5": {"freq": [100.0, 150.0000005859375, 200.0, 250.0, 300.0000046875001, 350.0000054687501, 400.0, 450.0000070312501, 500.0, 550.0000064453126, 600.0000093750002, 650.0000228515634, 700.0000109375002, 750.0000292968762, 800.0, 850.0000298828136, 900.0000140625002, 950.0000148437501, 1000.0], "ampl": [3455.010957616805, 5123.36180982043, 6622.988391808828, 7944.598786450385, 9094.697916291734, 10078.716893691671, 10910.59319031033, 11616.346119268288, 12205.273639867715, 12697.351587343719, 13111.95543658029, 13456.03482036383, 13743.854160842626, 13985.338841352403, 14183.727249531004, 14351.73387373253, 14485.261344484581, 14596.804259658757, 14685.16884954119]}, "6": {"freq": [100.0, 150.0000005859375, 200.0, 250.0, 300.0000046875001, 350.0000054687501, 400.0, 450.0000070312501, 500.0, 550.0000064453126, 600.0000093750002, 650.0000228515634, 700.0000109375002, 750.0000292968762, 800.0, 850.0000298828136, 900.0000140625002, 950.0000148437501, 1000.0], "ampl": [3656.095013106511, 5402.771815741738, 6950.188025777878, 8299.183014954266, 9455.571313449298, 10437.670112220501, 11256.936347265775, 11945.954594417914, 12517.83873273271, 12988.242104912437, 13386.917584977853, 13710.30576066363, 13982.150565385007, 14209.60034450344, 14391.744083849546, 14547.426564321779, 14670.198413430455, 14771.321099452765, 14848.371500855505]}, "7": {"freq": [100.0, 150.0000005859375, 200.0, 250.0, 300.0000046875001, 350.0000054687501, 400.0, 450.0000070312501, 500.0, 550.0000064453126, 600.0000093750002, 650.0000228515634, 700.0000109375002, 750.0000292968762, 800.0, 850.0000298828136, 900.0000140625002, 950.0000148437501, 1000.0], "ampl": [3415.7093201403595, 5065.4164893535535, 6543.304129327102, 7842.692092391714, 8971.323336685795, 9935.592497038077, 10747.816563007762, 11435.623501754124, 12008.894941991524, 12485.453121738863, 12890.253894768135, 13222.234054051265, 13498.340412026733, 13734.118966320892, 13923.010335522324, 14085.89249966778, 14213.858510237247, 14322.931938580077, 14403.919702195624]}, "wireSegments": [34, 36, 38, 40, 42, 44, 46, 48], "apaChannels": [48, 46, 44, 42, 40, 38, 36, 34], "measuredBy": "", "stage": "DWA Development", "apaUuid": "continuity100-12", "layer": "X", "headboardNum": "1", "side": "A"}