{"scanEndMode": 0, "0": {"freq": [100.0, 150.0000005859375, 200.0, 250.0, 300.0000046875001, 350.0000054687501, 400.0, 450.0000070312501, 500.0, 550.0000064453126, 600.0000093750002, 650.0000228515634, 700.0000109375002, 750.0000292968762, 800.0, 850.0000298828136, 900.0000140625002, 950.0000148437501, 1000.0], "ampl": [5150.562021362653, 7477.17766634624, 9438.253658095242, 11043.931621639089, 12342.553787208813, 13377.63214199057, 14202.008287065606, 14853.451349286575, 15375.316062115191, 15792.868079910824, 16115.666414337897, 16384.033274257523, 16593.629663859643, 16766.874584477137, 16894.48678118655, 16995.71816763382, 17077.43230740189, 17143.394362993637, 17176.49241128036]}, "1": {"freq": [100.0, 150.0000005859375, 200.0, 250.0, 300.0000046875001, 350.0000054687501, 400.0, 450.0000070312501, 500.0, 550.0000064453126, 600.0000093750002, 650.0000228515634, 700.0000109375002, 750.0000292968762, 800.0, 850.0000298828136, 900.0000140625002, 950.0000148437501, 1000.0], "ampl": [4992.9694628867155, 7262.816735048742, 9188.07811454409, 10775.334440562194, 12062.377277229827, 13094.295155729886, 13919.661109209796, 14572.39527440673, 15095.873688160153, 15516.66873335396, 15844.210218346107, 16116.752163408379, 16326.739203611301, 16503.93968171986, 16633.65827027906, 16737.55888677117, 16821.696408760512, 16889.404394832814, 16924.511206151743]}, "2": {"freq": [100.0, 150.0000005859375, 200.0, 250.0, 300.0000046875001, 350.0000054687501, 400.0, 450.0000070312501, 500.0, 550.0000064453126, 600.0000093750002, 650.0000228515634, 700.0000109375002, 750.0000292968762, 800.0, 850.0000298828136, 900.0000140625002, 950.0000148437501, 1000.0], "ampl": [5190.524520918264, 7532.850825718128, 9504.19697306317, 11118.227304263679, 12418.330964003304, 13454.792838428888, 14279.643512856175, 14928.446785669841, 15449.91264209712, 15865.894678944485, 16189.401659115852, 16455.9952188931, 16664.01601122837, 16836.748304892055, 16962.249981176432, 17064.16514912837, 17147.02000972905, 17209.063746585216, 17242.399416569093]}, "3": {"freq": [100.0, 150.0000005859375, 200.0, 250.0, 300.0000046875001, 350.0000054687501, 400.0, 450.0000070312501, 500.0, 550.0000064453126, 600.0000093750002, 650.0000228515634, 700.0000109375002, 750.0000292968762, 800.0, 850.0000298828136, 900.0000140625002, 950.0000148437501, 1000.0], "ampl": [4942.264520570409, 7198.201233647426, 9114.743286429479, 10698.452416071585, 11987.113207881173, 13021.020075443488, 13847.294884466794, 14503.916362399708, 15031.110009912558, 15453.042973530448, 15783.627756885324, 16058.76985443988, 16271.77537358895, 16451.095971543964, 16582.059227099973, 16687.686529573457, 16772.83419868789, 16841.483511529183, 16877.75259019025]}, "4": {"freq": [100.0, 150.0000005859375, 200.0, 250.0, 300.0000046875001, 350.0000054687501, 400.0, 450.0000070312501, 500.0, 550.0000064453126, 600.0000093750002, 650.0000228515634, 700.0000109375002, 750.0000292968762, 800.0, 850.0000298828136, 900.0000140625002, 950.0000148437501, 1000.0], "ampl": [5232.011860022029, 7574.6071047953565, 9534.699084792794, 11127.007934771253, 12405.173392458908, 13414.970388420263, 14214.968221457564, 14843.524530866833, 15343.32196799961, 15742.376867784464, 16051.360798275065, 16306.354924588122, 16500.776717190594, 16663.562911443747, 16782.613033991034, 16876.66670963322, 16949.79631011681, 17011.9675565715, 17039.81828315752]}, "5": {"freq": [100.0, 150.0000005859375, 200.0, 250.0, 300.0000046875001, 350.0000054687501, 400.0, 450.0000070312501, 500.0, 550.0000064453126, 600.0000093750002, 650.0000228515634, 700.0000109375002, 750.0000292968762, 800.0, 850.0000298828136, 900.0000140625002, 950.0000148437501, 1000.0], "ampl": [4907.135968715684, 7131.411225759927, 9008.517000785403, 10550.706166417027, 11794.908227135196, 12787.071439243635, 13577.770176368225, 14200.963143631561, 14700.338883274198, 15101.87483127836, 15412.195580224647, 15669.639310863451, 15866.380915556312, 16033.655553219405, 16155.51856820002, 16251.29929676607, 16330.19740390614, 16392.52871940782, 16424.646126349435]}, "6": {"freq": [100.0, 150.0000005859375, 200.0, 250.0, 300.0000046875001, 350.0000054687501, 400.0, 450.0000070312501, 500.0, 550.0000064453126, 600.0000093750002, 650.0000228515634, 700.0000109375002, 750.0000292968762, 800.0, 850.0000298828136, 900.0000140625002, 950.0000148437501, 1000.0], "ampl": [5218.382245596182, 7525.776780876835, 9435.949200076484, 10977.195367506374, 12205.392982230504, 13177.60254757426, 13946.893478636086, 14552.09555703536, 15036.710800168317, 15424.373953441569, 15725.978040264921, 15978.217766121601, 16171.883660407108, 16337.365647433697, 16455.491134602, 16552.215970838995, 16629.379423994276, 16690.127712443784, 16720.777623971946]}, "7": {"freq": [100.0, 150.0000005859375, 200.0, 250.0, 300.0000046875001, 350.0000054687501, 400.0, 450.0000070312501, 500.0, 550.0000064453126, 600.0000093750002, 650.0000228515634, 700.0000109375002, 750.0000292968762, 800.0, 850.0000298828136, 900.0000140625002, 950.0000148437501, 1000.0], "ampl": [2746.6304982914, 4117.353089786492, 5391.859981245848, 6548.407451830531, 7577.173502843903, 8479.409562740157, 9260.78970736826, 9928.084702506074, 10498.96628060966, 10984.579125997572, 11391.017322097892, 11737.985860364939, 12028.362765460908, 12278.977012149042, 12482.869367000028, 12655.759334744724, 12800.881811223362, 12926.060412353487, 13018.478684696116]}, "wireSegments": [2, 4, 6, 8, 10, 12, 14, 16], "apaChannels": [16, 14, 12, 10, 8, 6, 4, 2], "measuredBy": "", "stage": "DWA Development", "apaUuid": "continuity150-12", "layer": "X", "headboardNum": "1", "side": "A"}