{"scanEndMode": 0, "0": {"freq": [20.0, 68.00000004249999, 116.00000061625, 164.00000102500002, 212.0000017225, 260.00000121875, 308.00000413875006, 356.00000178, 404.00000404, 452.00000113000004, 500.0, 548.0000054800001, 596.0000018625001, 644.0000128800003, 692.0000309237514, 740.0000127187502, 788.0000398925021, 836.0000428450022, 884.0000005525001, 932.0000393187518, 980.0000367500014, 1028.000071638755], "ampl": [109.92813333032733, 594.419375575437, 1141.2672702472446, 1675.9108385207376, 2182.8137456651357, 2653.918070428381, 3085.564137608674, 3477.1336672019875, 3827.3266348919974, 4140.103094964569, 4417.398607229286, 4664.2383055185055, 4880.22899306581, 5071.003147424639, 5234.149656204128, 5377.069605304253, 5502.280264664741, 5614.502572336533, 5711.854454767525, 5793.693015833381, 5859.943255435842, 5924.735446060314]}, "1": {"freq": [20.0, 68.00000004249999, 116.00000061625, 164.00000102500002, 212.0000017225, 260.00000121875, 308.00000413875006, 356.00000178, 404.00000404, 452.00000113000004, 500.0, 548.0000054800001, 596.0000018625001, 644.0000128800003, 692.0000309237514, 740.0000127187502, 788.0000398925021, 836.0000428450022, 884.0000005525001, 932.0000393187518, 980.0000367500014, 1028.000071638755], "ampl": [110.13900535318639, 580.4713698108437, 1118.1001599211043, 1643.8597890563738, 2144.3569007635183, 2609.632146825747, 3037.5888246489753, 3428.603746301324, 3781.231987483946, 4097.338487061983, 4377.9496879869885, 4630.593648740768, 4850.002827181678, 5047.422484610401, 5216.077836164905, 5363.42777534695, 5495.074243482274, 5613.15091739524, 5713.896008179885, 5799.758976637988, 5871.660663614936, 5940.549901638852]}, "2": {"freq": [20.0, 68.00000004249999, 116.00000061625, 164.00000102500002, 212.0000017225, 260.00000121875, 308.00000413875006, 356.00000178, 404.00000404, 452.00000113000004, 500.0, 548.0000054800001, 596.0000018625001, 644.0000128800003, 692.0000309237514, 740.0000127187502, 788.0000398925021, 836.0000428450022, 884.0000005525001, 932.0000393187518, 980.0000367500014, 1028.000071638755], "ampl": [109.64895252452446, 585.9752000148484, 1136.4935039933725, 1668.6717419994366, 2174.203521691601, 2642.7380707219904, 3071.4700303470677, 3460.180905148064, 3807.8170300594666, 4117.829311297372, 4393.573637456506, 4638.440955369951, 4851.699241236311, 5040.39302354677, 5202.589726653538, 5344.957134322888, 5470.558007480359, 5580.382435169551, 5676.759961523104, 5757.14710604827, 5825.876416545249, 5888.345893818306]}, "3": {"freq": [20.0, 68.00000004249999, 116.00000061625, 164.00000102500002, 212.0000017225, 260.00000121875, 308.00000413875006, 356.00000178, 404.00000404, 452.00000113000004, 500.0, 548.0000054800001, 596.0000018625001, 644.0000128800003, 692.0000309237514, 740.0000127187502, 788.0000398925021, 836.0000428450022, 884.0000005525001, 932.0000393187518, 980.0000367500014, 1028.000071638755], "ampl": [107.7142547099549, 564.9799643339923, 1103.7900724105887, 1623.5459165597936, 2120.900440596533, 2583.537431365776, 3009.1192866115935, 3396.9067792553587, 3745.4798761428933, 4060.175860346692, 4337.559788670257, 4586.917634082342, 4805.0377941104025, 4996.740512235174, 5166.813173847382, 5315.558949812093, 5445.490376598408, 5558.139032349202, 5657.526486873769, 5744.609121583689, 5817.997920156205, 5886.473107056845]}, "4": {"freq": [20.0, 68.00000004249999, 116.00000061625, 164.00000102500002, 212.0000017225, 260.00000121875, 308.00000413875006, 356.00000178, 404.00000404, 452.00000113000004, 500.0, 548.0000054800001, 596.0000018625001, 644.0000128800003, 692.0000309237514, 740.0000127187502, 788.0000398925021, 836.0000428450022, 884.0000005525001, 932.0000393187518, 980.0000367500014, 1028.000071638755], "ampl": [114.96790484713348, 623.3330388475092, 1203.8955706082636, 1764.2904923861624, 2294.547715141713, 2783.6163437005343, 3227.7168440103446, 3628.835541202479, 3985.25932756055, 4304.195243724434, 4581.9569854511465, 4834.081204612958, 5044.906475971715, 5235.650019818499, 5392.455498863472, 5529.684799261963, 5655.0279903423725, 5758.92129011073, 5853.018789435462, 5928.623700935605, 5993.164692844071, 6054.307282954289]}, "5": {"freq": [20.0, 68.00000004249999, 116.00000061625, 164.00000102500002, 212.0000017225, 260.00000121875, 308.00000413875006, 356.00000178, 404.00000404, 452.00000113000004, 500.0, 548.0000054800001, 596.0000018625001, 644.0000128800003, 692.0000309237514, 740.0000127187502, 788.0000398925021, 836.0000428450022, 884.0000005525001, 932.0000393187518, 980.0000367500014, 1028.000071638755], "ampl": [123.64950914154174, 637.428766043579, 1223.4077412223246, 1795.3303057075482, 2340.4152412002204, 2845.683537164512, 3309.1875922944805, 3726.651219445299, 4102.010284394474, 4437.8235825384445, 4731.357553161545, 4999.0080940621965, 5226.302691147825, 5430.104785229496, 5598.905050764174, 5746.809490599256, 5883.2802447022395, 5996.298095771992, 6099.632007552573, 6183.850168751618, 6255.111561239676, 6321.726528721729]}, "6": {"freq": [20.0, 68.00000004249999, 116.00000061625, 164.00000102500002, 212.0000017225, 260.00000121875, 308.00000413875006, 356.00000178, 404.00000404, 452.00000113000004, 500.0, 548.0000054800001, 596.0000018625001, 644.0000128800003, 692.0000309237514, 740.0000127187502, 788.0000398925021, 836.0000428450022, 884.0000005525001, 932.0000393187518, 980.0000367500014, 1028.000071638755], "ampl": [117.74129675706534, 635.102199605143, 1218.272766650843, 1782.1321731285213, 2314.316625241618, 2801.3704923721457, 3239.361507251232, 3632.063359338194, 3977.699442521468, 4283.936264446563, 4549.260717385386, 4785.885400916586, 4985.4714315307165, 5161.221991152583, 5307.21878238784, 5433.649713103006, 5547.389316203623, 5642.862272820275, 5726.751460605327, 5795.288323533563, 5853.525051759813, 5906.254003536529]}, "7": {"freq": [20.0, 68.00000004249999, 116.00000061625, 164.00000102500002, 212.0000017225, 260.00000121875, 308.00000413875006, 356.00000178, 404.00000404, 452.00000113000004, 500.0, 548.0000054800001, 596.0000018625001, 644.0000128800003, 692.0000309237514, 740.0000127187502, 788.0000398925021, 836.0000428450022, 884.0000005525001, 932.0000393187518, 980.0000367500014, 1028.000071638755], "ampl": [10.69600025779723, 61.02397445421364, 116.51033973196331, 172.40782115727413, 229.56460853666024, 285.36643311493606, 340.72766779369283, 394.07462894664366, 446.86328985783234, 497.9037279261298, 546.1031209016663, 594.5984680376664, 638.4184095153472, 681.4073699140745, 721.0850109636028, 756.9318904530767, 793.8066386958308, 826.6697599224966, 859.2071473426874, 888.8795150824262, 914.9956957534564, 944.0620814580501]}, "wireSegments": [137, 139, 141, 143, 145, 147, 149, 151, 537, 539, 541, 543, 545, 547, 549, 551, 937, 939, 941, 943, 945, 947, 949, 951], "apaChannels": [151, 149, 147, 145, 143, 141, 139, 137], "measuredBy": "Chris Stanford", "stage": "Installation (Top)", "apaUuid": "43cd3950-268d-11ec-b6f5-a70e70a44436", "layer": "U", "headboardNum": "7", "side": "A"}