{"0": {"freq": [20.0, 68.00000004249999, 116.00000061625, 164.00000102500002, 212.0000017225, 260.00000121875, 308.00000413875006, 356.00000178, 404.00000404, 452.00000113000004, 500.0, 548.0000054800001, 596.0000018625001, 644.0000128800003, 692.0000309237514, 740.0000127187502, 788.0000398925021, 836.0000428450022, 884.0000005525001, 932.0000393187518, 980.0000367500014, 1028.000071638755], "ampl": [301.96731997800003, 1480.3443111601566, 2883.6510905989758, 4265.718287590998, 5573.195534226303, 6758.075270366989, 7826.774760057376, 8774.956301434842, 9602.019081558234, 10326.019846795849, 10938.003070608875, 11471.096768991738, 11927.299137439151, 12321.083582230982, 12655.766276329814, 12941.680408889624, 13184.860710665278, 13391.436086238551, 13569.681425847937, 13717.039312030984, 13841.181424509692, 13943.318438921093]}, "1": {"freq": [20.0, 68.00000004249999, 116.00000061625, 164.00000102500002, 212.0000017225, 260.00000121875, 308.00000413875006, 356.00000178, 404.00000404, 452.00000113000004, 500.0, 548.0000054800001, 596.0000018625001, 644.0000128800003, 692.0000309237514, 740.0000127187502, 788.0000398925021, 836.0000428450022, 884.0000005525001, 932.0000393187518, 980.0000367500014, 1028.000071638755], "ampl": [767.7126027467743, 3806.633570749115, 7142.378584557139, 10110.889236986377, 12624.064345503883, 14640.629490102136, 16269.427646947848, 17562.411011002205, 18586.909045450448, 19411.104081678197, 20047.844026903076, 20567.412234115553, 20985.580816165242, 21322.96079796463, 21591.033979447733, 21803.013785370327, 21975.949676219356, 22110.465688794866, 22215.661963612823, 22295.46305663716, 22352.650043216658, 22388.395246460062]}, "2": {"freq": [20.0, 68.00000004249999, 116.00000061625, 164.00000102500002, 212.0000017225, 260.00000121875, 308.00000413875006, 356.00000178, 404.00000404, 452.00000113000004, 500.0, 548.0000054800001, 596.0000018625001, 644.0000128800003, 692.0000309237514, 740.0000127187502, 788.0000398925021, 836.0000428450022, 884.0000005525001, 932.0000393187518, 980.0000367500014, 1028.000071638755], "ampl": [536.6529794061286, 2748.3148884696566, 5257.964368270145, 7617.130753845328, 9749.502240046548, 11582.53282137221, 13157.903288846088, 14484.829206387765, 15590.600227515848, 16519.57165619843, 17273.45947688978, 17908.66610930094, 18432.94973424178, 18873.108589225998, 19233.66281021515, 19530.468649851486, 19779.206696926583, 19982.212747158363, 20147.887368813663, 20285.90448106869, 20396.61659160544, 20479.62683271487]}, "3": {"freq": [20.0, 68.00000004249999, 116.00000061625, 164.00000102500002, 212.0000017225, 260.00000121875, 308.00000413875006, 356.00000178, 404.00000404, 452.00000113000004, 500.0, 548.0000054800001, 596.0000018625001, 644.0000128800003, 692.0000309237514, 740.0000127187502, 788.0000398925021, 836.0000428450022, 884.0000005525001, 932.0000393187518, 980.0000367500014, 1028.000071638755], "ampl": [789.280936301364, 3889.62284044317, 7299.040791970771, 10328.670013203695, 12895.046760083773, 14950.221445369087, 16606.8948490376, 17920.471613658523, 18962.950844721003, 19800.298499344142, 20446.87996118959, 20973.6295073373, 21394.09849724015, 21733.979260129447, 22006.01085028264, 22219.20938435326, 22390.71839155819, 22524.720033200636, 22630.558515279845, 22707.526140167847, 22768.06360219936, 22800.642599522806]}, "4": {"freq": [20.0, 68.00000004249999, 116.00000061625, 164.00000102500002, 212.0000017225, 260.00000121875, 308.00000413875006, 356.00000178, 404.00000404, 452.00000113000004, 500.0, 548.0000054800001, 596.0000018625001, 644.0000128800003, 692.0000309237514, 740.0000127187502, 788.0000398925021, 836.0000428450022, 884.0000005525001, 932.0000393187518, 980.0000367500014, 1028.000071638755], "ampl": [423.87934615823883, 2018.8635011208637, 3888.528151966426, 5683.239854067113, 7333.004503324703, 8776.250290345672, 10038.598782602287, 11122.703513502878, 12041.158410279866, 12825.467644999888, 13470.07737685628, 14021.299347017279, 14480.630760977672, 14870.815177518314, 15193.986602922574, 15466.315517220342, 15694.056650639384, 15881.992675439937, 16041.105976626355, 16167.803957160371, 16277.22648430027, 16359.909531132285]}, "5": {"freq": [20.0, 68.00000004249999, 116.00000061625, 164.00000102500002, 212.0000017225, 260.00000121875, 308.00000413875006, 356.00000178, 404.00000404, 452.00000113000004, 500.0, 548.0000054800001, 596.0000018625001, 644.0000128800003, 692.0000309237514, 740.0000127187502, 788.0000398925021, 836.0000428450022, 884.0000005525001, 932.0000393187518, 980.0000367500014, 1028.000071638755], "ampl": [529.3811108141621, 2715.49844356535, 5190.217033729697, 7510.961694062234, 9597.234242987357, 11384.725260869349, 12917.692092753015, 14205.154622835396, 15275.838253735008, 16174.307344196264, 16903.571200525406, 17516.11140734891, 18020.574036395952, 18443.457053161794, 18792.692855283898, 19078.69310211565, 19318.3296962384, 19513.18378169641, 19674.97393378582, 19805.23469001452, 19910.107517168057, 19987.665077038506]}, "6": {"freq": [20.0, 68.00000004249999, 116.00000061625, 164.00000102500002, 212.0000017225, 260.00000121875, 308.00000413875006, 356.00000178, 404.00000404, 452.00000113000004, 500.0, 548.0000054800001, 596.0000018625001, 644.0000128800003, 692.0000309237514, 740.0000127187502, 788.0000398925021, 836.0000428450022, 884.0000005525001, 932.0000393187518, 980.0000367500014, 1028.000071638755], "ampl": [785.169190398565, 3875.537187930552, 7262.773268097777, 10264.356009732835, 12796.085211653013, 14821.36948536007, 16449.207623281658, 17738.057094488377, 18756.18342001052, 19573.027781303455, 20199.161314294684, 20711.285554267302, 21119.708738335405, 21449.955595393345, 21710.548433020358, 21915.404512412748, 22081.35139495399, 22208.489216310074, 22310.97321222809, 22383.872604219254, 22438.111990019413, 22468.86573455639]}, "7": {"freq": [20.0, 68.00000004249999, 116.00000061625, 164.00000102500002, 212.0000017225, 260.00000121875, 308.00000413875006, 356.00000178, 404.00000404, 452.00000113000004, 500.0, 548.0000054800001, 596.0000018625001, 644.0000128800003, 692.0000309237514, 740.0000127187502, 788.0000398925021, 836.0000428450022, 884.0000005525001, 932.0000393187518, 980.0000367500014, 1028.000071638755], "ampl": [553.3837376888126, 2799.9041312155086, 5334.914760004547, 7697.135296006362, 9816.272479549314, 11613.37514875767, 13148.33794568285, 14428.223628167081, 15486.34880351927, 16367.467072557798, 17077.358452515055, 17671.513382238718, 18159.262496450927, 18565.384779082917, 18898.970098100366, 19171.585368281932, 19396.1321989873, 19579.935440645968, 19731.648166795334, 19851.501892980137, 19948.29647651002, 20018.1883313361]}, "wireSegments": null, "apaChannels": null, "measuredBy": null, "stage": null, "apaUuid": null, "layer": null, "headboardNum": null, "side": null}