{"0": {"freq": [20.0, 68.00000004249999, 116.00000061625, 164.00000102500002, 212.0000017225, 260.00000121875, 308.00000413875006, 356.00000178, 404.00000404, 452.00000113000004, 500.0, 548.0000054800001, 596.0000018625001, 644.0000128800003, 692.0000309237514, 740.0000127187502, 788.0000398925021, 836.0000428450022, 884.0000005525001, 932.0000393187518, 980.0000367500014, 1028.000071638755], "ampl": [445.3592517122251, 2127.4089320839266, 4079.163407702725, 5941.00248965168, 7624.533367695435, 9105.974473455251, 10377.801715333608, 11456.926102333875, 12362.23089863627, 13126.207203652337, 13756.661925003928, 14282.561144728445, 14737.398680997463, 15085.912344586895, 15388.631503689676, 15639.801959344944, 15850.230076599542, 16033.113652542188, 16162.93110252834, 16302.801806139398, 16374.120516570863, 16450.28185161196]}, "1": {"freq": [20.0, 68.00000004249999, 116.00000061625, 164.00000102500002, 212.0000017225, 260.00000121875, 308.00000413875006, 356.00000178, 404.00000404, 452.00000113000004, 500.0, 548.0000054800001, 596.0000018625001, 644.0000128800003, 692.0000309237514, 740.0000127187502, 788.0000398925021, 836.0000428450022, 884.0000005525001, 932.0000393187518, 980.0000367500014, 1028.000071638755], "ampl": [808.685668700904, 3881.3420376528443, 7259.128035298808, 10252.186996056618, 12756.633190061642, 14792.03516757608, 16409.516297748934, 17689.03913178754, 18699.623765549924, 19503.18847017935, 20140.254098133995, 20644.626635000324, 21076.976122127013, 21377.07389363234, 21634.49061531863, 21839.1319403348, 22005.751031481002, 22150.732359038473, 22229.037957407676, 22334.388702294873, 22356.149885615087, 22392.883695242195]}, "2": {"freq": [20.0, 68.00000004249999, 116.00000061625, 164.00000102500002, 212.0000017225, 260.00000121875, 308.00000413875006, 356.00000178, 404.00000404, 452.00000113000004, 500.0, 548.0000054800001, 596.0000018625001, 644.0000128800003, 692.0000309237514, 740.0000127187502, 788.0000398925021, 836.0000428450022, 884.0000005525001, 932.0000393187518, 980.0000367500014, 1028.000071638755], "ampl": [818.0729153736861, 3919.6312587639636, 7341.699846629021, 10387.275042803303, 12948.098654668069, 15039.451375303424, 16709.900824675857, 18034.52401036594, 19083.22699710263, 19919.436394010012, 20580.688416443976, 21107.753332922475, 21555.97765458243, 21868.081219918124, 22139.02123429231, 22352.181106630545, 22525.375055146684, 22679.003420163288, 22762.18058532496, 22870.362067258204, 22894.91619596698, 22934.872988825802]}, "3": {"freq": [20.0, 68.00000004249999, 116.00000061625, 164.00000102500002, 212.0000017225, 260.00000121875, 308.00000413875006, 356.00000178, 404.00000404, 452.00000113000004, 500.0, 548.0000054800001, 596.0000018625001, 644.0000128800003, 692.0000309237514, 740.0000127187502, 788.0000398925021, 836.0000428450022, 884.0000005525001, 932.0000393187518, 980.0000367500014, 1028.000071638755], "ampl": [817.2859617796713, 3920.4128622864423, 7338.590227042939, 10369.754202035541, 12911.18758244847, 14978.425983292247, 16621.83253617856, 17923.79002750553, 18951.932125432173, 19770.171630229597, 20416.603682596357, 20928.171241156007, 21367.278665850692, 21671.503218242964, 21933.210826231003, 22140.478379674372, 22307.418810110037, 22455.880044388017, 22535.05329743773, 22638.882128877474, 22662.014505020394, 22699.413343891018]}, "4": {"freq": [20.0, 68.00000004249999, 116.00000061625, 164.00000102500002, 212.0000017225, 260.00000121875, 308.00000413875006, 356.00000178, 404.00000404, 452.00000113000004, 500.0, 548.0000054800001, 596.0000018625001, 644.0000128800003, 692.0000309237514, 740.0000127187502, 788.0000398925021, 836.0000428450022, 884.0000005525001, 932.0000393187518, 980.0000367500014, 1028.000071638755], "ampl": [426.5410871684793, 2049.815187489938, 3948.356832931359, 5773.246744583293, 7442.282752462296, 8927.22191097141, 10217.354918405203, 11324.312575151764, 12265.8250897934, 13063.504412594333, 13731.66646744934, 14291.539920967902, 14781.26436938366, 15157.906515307532, 15489.426427140479, 15765.11510170781, 15999.679544392957, 16202.363540446697, 16351.22112573335, 16504.026423678795, 16592.09624478008, 16679.775906179002]}, "5": {"freq": [20.0, 68.00000004249999, 116.00000061625, 164.00000102500002, 212.0000017225, 260.00000121875, 308.00000413875006, 356.00000178, 404.00000404, 452.00000113000004, 500.0, 548.0000054800001, 596.0000018625001, 644.0000128800003, 692.0000309237514, 740.0000127187502, 788.0000398925021, 836.0000428450022, 884.0000005525001, 932.0000393187518, 980.0000367500014, 1028.000071638755], "ampl": [672.1440746438689, 3297.0204361261685, 6234.560689168086, 8922.775682662914, 11260.026597982709, 13237.341584914671, 14867.42251243935, 16198.960705251384, 17283.282751761388, 18167.143566959592, 18881.5989227312, 19461.549249026768, 19961.89244874874, 20323.144051045714, 20640.988481291723, 20893.71956603564, 21104.507355684887, 21289.451825198885, 21405.06049145643, 21539.233190862156, 21593.83637238821, 21657.605007179627]}, "6": {"freq": [20.0, 68.00000004249999, 116.00000061625, 164.00000102500002, 212.0000017225, 260.00000121875, 308.00000413875006, 356.00000178, 404.00000404, 452.00000113000004, 500.0, 548.0000054800001, 596.0000018625001, 644.0000128800003, 692.0000309237514, 740.0000127187502, 788.0000398925021, 836.0000428450022, 884.0000005525001, 932.0000393187518, 980.0000367500014, 1028.000071638755], "ampl": [683.9988578882214, 3297.0348780415356, 6232.865611738096, 8918.19695280445, 11246.823563524724, 13211.16226545831, 14827.315529435586, 16145.462780282056, 17214.24929221799, 18084.45097463052, 18786.290084040356, 19353.507217929775, 19838.08582409451, 20192.062402820105, 20498.53744554701, 20746.058651597683, 20949.698102790047, 21126.999200309932, 21238.904010164966, 21365.372427533446, 21416.33823179618, 21474.19002953977]}, "7": {"freq": [20.0, 68.00000004249999, 116.00000061625, 164.00000102500002, 212.0000017225, 260.00000121875, 308.00000413875006, 356.00000178, 404.00000404, 452.00000113000004, 500.0, 548.0000054800001, 596.0000018625001, 644.0000128800003, 692.0000309237514, 740.0000127187502, 788.0000398925021, 836.0000428450022, 884.0000005525001, 932.0000393187518, 980.0000367500014, 1028.000071638755], "ampl": [679.8620005327964, 3298.7982085963426, 6238.1405128739225, 8921.078339306969, 11251.913273914946, 13218.579999045278, 14838.250556179426, 16159.054643767653, 17228.65763396063, 18101.29789308807, 18806.617258058068, 19374.117262262662, 19869.162928891925, 20216.55507900392, 20525.130052852925, 20775.553570012653, 20980.33484162473, 21156.64512023589, 21271.352853908666, 21407.127017808172, 21451.306765320165, 21507.187682226897]}, "wireSegments": null, "apaChannels": null, "measuredBy": null, "stage": null, "apaUuid": null, "layer": null, "headboardNum": null, "side": null}