{"0": {"freq": [20.0, 68.00000004249999, 116.00000061625, 164.00000102500002, 212.0000017225, 260.00000121875, 308.00000413875006, 356.00000178, 404.00000404, 452.00000113000004, 500.0, 548.0000054800001, 596.0000018625001, 644.0000128800003, 692.0000309237514, 740.0000127187502, 788.0000398925021, 836.0000428450022, 884.0000005525001, 932.0000393187518, 980.0000367500014, 1028.000071638755], "ampl": [828.152087405245, 3960.119633445135, 7411.172153510994, 10471.650182694406, 13042.188104863846, 15129.7564183791, 16795.488324377042, 18111.27328754272, 19155.43855627633, 19976.743397253078, 20630.676262452165, 21148.731339301477, 21565.25051939553, 21900.14840057758, 22160.10105870657, 22375.44624836058, 22542.252999225446, 22675.70647420244, 22768.997529679473, 22870.99253766152, 22923.461169095914, 22930.827706576434]}, "1": {"freq": [20.0, 68.00000004249999, 116.00000061625, 164.00000102500002, 212.0000017225, 260.00000121875, 308.00000413875006, 356.00000178, 404.00000404, 452.00000113000004, 500.0, 548.0000054800001, 596.0000018625001, 644.0000128800003, 692.0000309237514, 740.0000127187502, 788.0000398925021, 836.0000428450022, 884.0000005525001, 932.0000393187518, 980.0000367500014, 1028.000071638755], "ampl": [804.6627791578652, 3855.94333606694, 7235.676822078558, 10248.66531528698, 12790.548065370187, 14868.424707207216, 16534.92686008937, 17857.608672243587, 18909.247374550865, 19741.946148529325, 20403.965800387854, 20936.823058191087, 21361.702411060305, 21705.84519335301, 21975.83174763813, 22196.468833623807, 22368.792343258814, 22509.835008737904, 22604.734225581014, 22712.739172252037, 22768.73859400741, 22780.451826140186]}, "2": {"freq": [20.0, 68.00000004249999, 116.00000061625, 164.00000102500002, 212.0000017225, 260.00000121875, 308.00000413875006, 356.00000178, 404.00000404, 452.00000113000004, 500.0, 548.0000054800001, 596.0000018625001, 644.0000128800003, 692.0000309237514, 740.0000127187502, 788.0000398925021, 836.0000428450022, 884.0000005525001, 932.0000393187518, 980.0000367500014, 1028.000071638755], "ampl": [823.6911941007227, 3943.3133452930174, 7381.603062595235, 10434.992149523538, 13000.679614303563, 15087.653074668871, 16760.060689284684, 18082.699319348012, 19135.698024640104, 19968.514852593755, 20627.69020757338, 21156.57804544508, 21579.051470848604, 21920.01889403218, 22188.36896759484, 22406.922569059658, 22580.095896963296, 22717.464806271644, 22810.12187719989, 22915.696411487323, 22970.691518677002, 22981.584755720203]}, "3": {"freq": [20.0, 68.00000004249999, 116.00000061625, 164.00000102500002, 212.0000017225, 260.00000121875, 308.00000413875006, 356.00000178, 404.00000404, 452.00000113000004, 500.0, 548.0000054800001, 596.0000018625001, 644.0000128800003, 692.0000309237514, 740.0000127187502, 788.0000398925021, 836.0000428450022, 884.0000005525001, 932.0000393187518, 980.0000367500014, 1028.000071638755], "ampl": [432.6130915093968, 2089.7109747496916, 4033.5143846048527, 5899.5023107245215, 7601.163920642934, 9108.460816889234, 10418.698337754424, 11538.669227699766, 12487.810246454717, 13288.823694549148, 13959.992648147427, 14523.24786690277, 14994.08041932267, 15393.680641784546, 15720.693094740813, 16000.18740554478, 16232.059518056007, 16426.37952811945, 16578.75517112855, 16727.19078814565, 16834.591196645517, 16902.924693287045]}, "4": {"freq": [20.0, 68.00000004249999, 116.00000061625, 164.00000102500002, 212.0000017225, 260.00000121875, 308.00000413875006, 356.00000178, 404.00000404, 452.00000113000004, 500.0, 548.0000054800001, 596.0000018625001, 644.0000128800003, 692.0000309237514, 740.0000127187502, 788.0000398925021, 836.0000428450022, 884.0000005525001, 932.0000393187518, 980.0000367500014, 1028.000071638755], "ampl": [686.107194711368, 3348.2098034237442, 6328.890495234731, 9053.885176375645, 11422.677227845394, 13419.514621598437, 15072.17655513901, 16417.96594799687, 17513.689323212355, 18401.196898864368, 19120.82514911654, 19704.45438374492, 20182.59375087001, 20570.266855535032, 20883.97378640311, 21145.52944323374, 21352.844505973913, 21524.469637584014, 21647.356606306137, 21780.79717453867, 21858.740696077162, 21889.727280141822]}, "5": {"freq": [20.0, 68.00000004249999, 116.00000061625, 164.00000102500002, 212.0000017225, 260.00000121875, 308.00000413875006, 356.00000178, 404.00000404, 452.00000113000004, 500.0, 548.0000054800001, 596.0000018625001, 644.0000128800003, 692.0000309237514, 740.0000127187502, 788.0000398925021, 836.0000428450022, 884.0000005525001, 932.0000393187518, 980.0000367500014, 1028.000071638755], "ampl": [673.4652244749344, 3266.257440341023, 6195.735843804117, 8890.218968405396, 11249.412792921104, 13247.31901012653, 14910.229573781926, 16273.163891240754, 17387.365975642268, 18293.768030285155, 19031.775266269502, 19631.606006198825, 20123.98533130533, 20527.438573200194, 20854.030462195293, 21126.79800189801, 21348.08810576374, 21523.748295968868, 21653.94594321038, 21793.677271934677, 21876.984527798435, 21916.591779981245]}, "6": {"freq": [20.0, 68.00000004249999, 116.00000061625, 164.00000102500002, 212.0000017225, 260.00000121875, 308.00000413875006, 356.00000178, 404.00000404, 452.00000113000004, 500.0, 548.0000054800001, 596.0000018625001, 644.0000128800003, 692.0000309237514, 740.0000127187502, 788.0000398925021, 836.0000428450022, 884.0000005525001, 932.0000393187518, 980.0000367500014, 1028.000071638755], "ampl": [689.109556516507, 3329.074864140963, 6285.710418311289, 8982.685577966582, 11322.233235461805, 13288.495579101476, 14910.249653771358, 16228.937925858147, 17301.286694838276, 18167.388507671487, 18868.621436005127, 19437.643859327363, 19901.5875507243, 20280.14233287781, 20584.44482401952, 20837.02909208376, 21040.33673210612, 21204.877582875382, 21324.980729008636, 21451.381689696245, 21526.388747508616, 21557.2894929481]}, "7": {"freq": [20.0, 68.00000004249999, 116.00000061625, 164.00000102500002, 212.0000017225, 260.00000121875, 308.00000413875006, 356.00000178, 404.00000404, 452.00000113000004, 500.0, 548.0000054800001, 596.0000018625001, 644.0000128800003, 692.0000309237514, 740.0000127187502, 788.0000398925021, 836.0000428450022, 884.0000005525001, 932.0000393187518, 980.0000367500014, 1028.000071638755], "ampl": [416.0011849246489, 2012.7933652388976, 3890.4883279491823, 5698.929150779264, 7354.50025602558, 8829.45856205195, 10121.919229357029, 11231.23961817348, 12180.151233527251, 12982.221062373992, 13659.708341484042, 14231.259077959452, 14709.953120365468, 15117.292208042336, 15453.541273059427, 15743.03785063958, 15979.650217344148, 16180.77854928549, 16342.165943831811, 16506.176340891787, 16618.479170658735, 16684.81632516976]}, "wireSegments": null, "apaChannels": null, "measuredBy": null, "stage": null, "apaUuid": null, "layer": null, "headboardNum": null, "side": null}