{"0": {"freq": [20.0, 68.00000004249999, 116.00000061625, 164.00000102500002, 212.0000017225, 260.00000121875, 308.00000413875006, 356.00000178, 404.00000404, 452.00000113000004, 500.0, 548.0000054800001, 596.0000018625001, 644.0000128800003, 692.0000309237514, 740.0000127187502, 788.0000398925021, 836.0000428450022, 884.0000005525001, 932.0000393187518, 980.0000367500014, 1028.000071638755], "ampl": [668.6961343374895, 3330.2824046215665, 6308.72973046967, 9043.127485176014, 11426.34875903232, 13424.238293757082, 15081.594506761094, 16437.707652859885, 17540.764428729246, 18440.89896144011, 19157.15962888718, 19744.38274321165, 20228.123248272885, 20613.790639127317, 20937.04807427136, 21208.625990362732, 21402.27305388241, 21571.443768483292, 21709.5280243367, 21810.462808660628, 21900.291379349892, 21967.0643117424]}, "1": {"freq": [20.0, 68.00000004249999, 116.00000061625, 164.00000102500002, 212.0000017225, 260.00000121875, 308.00000413875006, 356.00000178, 404.00000404, 452.00000113000004, 500.0, 548.0000054800001, 596.0000018625001, 644.0000128800003, 692.0000309237514, 740.0000127187502, 788.0000398925021, 836.0000428450022, 884.0000005525001, 932.0000393187518, 980.0000367500014, 1028.000071638755], "ampl": [665.9410484020466, 3298.9275178653234, 6254.094502446214, 8966.887241152115, 11334.029926056355, 13315.244882990311, 14962.261446447703, 16308.271930866045, 17408.847187294963, 18303.28986601609, 19019.081842369902, 19606.509553798984, 20088.105213597504, 20473.9396563573, 20797.17875305557, 21071.471649580344, 21266.085510269862, 21435.475217448125, 21572.265783027193, 21675.377938528807, 21767.24355939274, 21836.504973216048]}, "2": {"freq": [20.0, 68.00000004249999, 116.00000061625, 164.00000102500002, 212.0000017225, 260.00000121875, 308.00000413875006, 356.00000178, 404.00000404, 452.00000113000004, 500.0, 548.0000054800001, 596.0000018625001, 644.0000128800003, 692.0000309237514, 740.0000127187502, 788.0000398925021, 836.0000428450022, 884.0000005525001, 932.0000393187518, 980.0000367500014, 1028.000071638755], "ampl": [673.7013685240261, 3321.462561594621, 6290.244279317221, 9013.4959180958, 11392.782974615964, 13390.732977059903, 15051.981435963049, 16414.448370262893, 17527.801592468553, 18434.807057676735, 19162.1438236842, 19758.141512475973, 20250.370168336958, 20641.548984601446, 20972.53864187743, 21249.57541115052, 21451.007900191213, 21624.958386049213, 21765.89528662749, 21870.835683737365, 21964.55529450665, 22036.418905427432]}, "3": {"freq": [20.0, 68.00000004249999, 116.00000061625, 164.00000102500002, 212.0000017225, 260.00000121875, 308.00000413875006, 356.00000178, 404.00000404, 452.00000113000004, 500.0, 548.0000054800001, 596.0000018625001, 644.0000128800003, 692.0000309237514, 740.0000127187502, 788.0000398925021, 836.0000428450022, 884.0000005525001, 932.0000393187518, 980.0000367500014, 1028.000071638755], "ampl": [418.8109045713008, 2014.4557763637092, 3889.351722621846, 5701.027686880756, 7365.835852542825, 8845.957576388331, 10146.501204873326, 11270.638546550419, 12237.072519914198, 13059.393268786365, 13745.062816984744, 14328.825056942438, 14824.51197155627, 15241.553689528653, 15593.04323916855, 15898.567801357152, 16135.613860651505, 16342.97506817157, 16518.41081776367, 16662.682601375996, 16786.73771347056, 16890.912516469314]}, "4": {"freq": [20.0, 68.00000004249999, 116.00000061625, 164.00000102500002, 212.0000017225, 260.00000121875, 308.00000413875006, 356.00000178, 404.00000404, 452.00000113000004, 500.0, 548.0000054800001, 596.0000018625001, 644.0000128800003, 692.0000309237514, 740.0000127187502, 788.0000398925021, 836.0000428450022, 884.0000005525001, 932.0000393187518, 980.0000367500014, 1028.000071638755], "ampl": [649.8758574730189, 3326.0473850824737, 6299.289457867966, 9017.86294405056, 11386.362593811678, 13370.274947184791, 15013.402968482089, 16358.353869930766, 17452.401226897113, 18343.22116741821, 19055.185375632238, 19636.29501872451, 20114.28187942104, 20496.45202237633, 20816.501480851737, 21085.133734248237, 21279.45832148669, 21446.653266051668, 21581.059479173, 21681.77846735593, 21773.2936028696, 21838.587684716924]}, "5": {"freq": [20.0, 68.00000004249999, 116.00000061625, 164.00000102500002, 212.0000017225, 260.00000121875, 308.00000413875006, 356.00000178, 404.00000404, 452.00000113000004, 500.0, 548.0000054800001, 596.0000018625001, 644.0000128800003, 692.0000309237514, 740.0000127187502, 788.0000398925021, 836.0000428450022, 884.0000005525001, 932.0000393187518, 980.0000367500014, 1028.000071638755], "ampl": [646.2967289789349, 3306.67905572107, 6271.374270753984, 8985.847272767853, 11355.564754663026, 13340.515502106016, 14989.923763045172, 16339.463628112682, 17441.268532878705, 18337.576889252578, 19054.641034013406, 19643.71714757908, 20127.112989256755, 20512.213480977727, 20838.26372628939, 21110.35462964902, 21306.727541562377, 21476.37501725518, 21615.109637455258, 21719.74662228715, 21809.702380797706, 21879.56005135108]}, "6": {"freq": [20.0, 68.00000004249999, 116.00000061625, 164.00000102500002, 212.0000017225, 260.00000121875, 308.00000413875006, 356.00000178, 404.00000404, 452.00000113000004, 500.0, 548.0000054800001, 596.0000018625001, 644.0000128800003, 692.0000309237514, 740.0000127187502, 788.0000398925021, 836.0000428450022, 884.0000005525001, 932.0000393187518, 980.0000367500014, 1028.000071638755], "ampl": [659.3637381222114, 3342.6004764936592, 6319.502999157694, 9027.544999793237, 11371.041421615128, 13320.73450031754, 14925.924124512085, 16232.946132942749, 17291.829844240856, 18148.37025445453, 18832.090139594882, 19384.845294407696, 19841.601531458262, 20206.63436982248, 20510.50771176791, 20765.247027566606, 20944.917622789453, 21101.643214433807, 21229.913128586988, 21324.22925097209, 21406.121960592664, 21464.550514971506]}, "7": {"freq": [20.0, 68.00000004249999, 116.00000061625, 164.00000102500002, 212.0000017225, 260.00000121875, 308.00000413875006, 356.00000178, 404.00000404, 452.00000113000004, 500.0, 548.0000054800001, 596.0000018625001, 644.0000128800003, 692.0000309237514, 740.0000127187502, 788.0000398925021, 836.0000428450022, 884.0000005525001, 932.0000393187518, 980.0000367500014, 1028.000071638755], "ampl": [296.81170491461705, 1446.0321348134778, 2804.62836420502, 4139.187863713851, 5396.412436064464, 6536.595025976147, 7566.608132599722, 8481.726302905012, 9286.761965941181, 9991.311641670765, 10592.108719751415, 11112.715097407066, 11563.688373796405, 11947.654253010063, 12281.197428137495, 12571.452944670425, 12806.234010101547, 13013.519510549217, 13190.099677148179, 13338.516344921418, 13468.35375804342, 13577.233633334488]}, "wireSegments": null, "apaChannels": null, "measuredBy": null, "stage": null, "apaUuid": null, "layer": null, "headboardNum": null, "side": null}