{"0": {"freq": [20.0, 68.00000004249999, 116.00000061625, 164.00000102500002, 212.0000017225, 260.00000121875, 308.00000413875006, 356.00000178, 404.00000404, 452.00000113000004, 500.0, 548.0000054800001, 596.0000018625001, 644.0000128800003, 692.0000309237514, 740.0000127187502, 788.0000398925021, 836.0000428450022, 884.0000005525001, 932.0000393187518, 980.0000367500014, 1028.000071638755], "ampl": [311.26707335747204, 1540.6259511402586, 3013.697978534863, 4465.575511708154, 5824.632470924692, 7065.87242622179, 8178.694576685714, 9161.419419330483, 10018.70712021018, 10765.086089711805, 11409.205467849899, 11959.96413302296, 12437.02152518849, 12842.161204724614, 13195.94751019864, 13489.77034022977, 13744.20488646254, 13956.986008040094, 14141.771596590015, 14299.39980218598, 14434.367216800129, 14538.983624197965]}, "1": {"freq": [20.0, 68.00000004249999, 116.00000061625, 164.00000102500002, 212.0000017225, 260.00000121875, 308.00000413875006, 356.00000178, 404.00000404, 452.00000113000004, 500.0, 548.0000054800001, 596.0000018625001, 644.0000128800003, 692.0000309237514, 740.0000127187502, 788.0000398925021, 836.0000428450022, 884.0000005525001, 932.0000393187518, 980.0000367500014, 1028.000071638755], "ampl": [547.2341413219145, 2731.6246593775263, 5244.014723219764, 7599.510231717124, 9698.1581578046, 11516.68139339441, 13063.270073568172, 14357.44182911356, 15433.656326598613, 16327.776973523365, 17069.221733876995, 17680.265747334022, 18192.025154488118, 18609.091552567657, 18967.0134424775, 19250.860984193998, 19491.838553381887, 19684.29500289207, 19849.280856136524, 19980.636920787627, 20094.71804970292, 20167.399365279078]}, "2": {"freq": [20.0, 68.00000004249999, 116.00000061625, 164.00000102500002, 212.0000017225, 260.00000121875, 308.00000413875006, 356.00000178, 404.00000404, 452.00000113000004, 500.0, 548.0000054800001, 596.0000018625001, 644.0000128800003, 692.0000309237514, 740.0000127187502, 788.0000398925021, 836.0000428450022, 884.0000005525001, 932.0000393187518, 980.0000367500014, 1028.000071638755], "ampl": [571.3255558513401, 2848.2489425293957, 5467.037727935881, 7923.152908892873, 10114.119304262944, 12013.732082579701, 13629.566991322194, 14982.102091988749, 16108.563351870169, 17039.693452396998, 17813.60325218528, 18450.24355188621, 18986.331278009147, 19418.48252008875, 19789.185685421144, 20084.627349570317, 20334.135409615756, 20531.826592063437, 20702.628701633606, 20838.015744396795, 20956.6451605027, 21031.469716888674]}, "3": {"freq": [20.0, 68.00000004249999, 116.00000061625, 164.00000102500002, 212.0000017225, 260.00000121875, 308.00000413875006, 356.00000178, 404.00000404, 452.00000113000004, 500.0, 548.0000054800001, 596.0000018625001, 644.0000128800003, 692.0000309237514, 740.0000127187502, 788.0000398925021, 836.0000428450022, 884.0000005525001, 932.0000393187518, 980.0000367500014, 1028.000071638755], "ampl": [559.1702105272562, 2805.9305225584185, 5392.796454478957, 7816.557020939555, 9974.255191392433, 11839.77368707337, 13422.576931162612, 14744.58584756046, 15840.0762745623, 16746.365830099454, 17497.278969706753, 18114.966375832835, 18629.941783167764, 19047.73306274857, 19404.461023614625, 19688.86301940359, 19928.917884018672, 20117.4634207866, 20278.96766961318, 20406.8333868943, 20520.503580244414, 20590.683978312445]}, "4": {"freq": [20.0, 68.00000004249999, 116.00000061625, 164.00000102500002, 212.0000017225, 260.00000121875, 308.00000413875006, 356.00000178, 404.00000404, 452.00000113000004, 500.0, 548.0000054800001, 596.0000018625001, 644.0000128800003, 692.0000309237514, 740.0000127187502, 788.0000398925021, 836.0000428450022, 884.0000005525001, 932.0000393187518, 980.0000367500014, 1028.000071638755], "ampl": [1.2184274785354747, 16.355413815899983, 29.687595293605632, 44.96302699347041, 60.77358020126486, 76.87104506977374, 92.10962559154413, 107.21774244745264, 122.65604229331062, 138.23484989579293, 154.06353589630024, 168.92930467906785, 183.97967574244691, 198.3853208242757, 213.25207395107802, 228.09481697666507, 241.92942840134089, 255.62642490910073, 270.57303377736747, 283.36531620857636, 296.42747808388674, 310.2728039514592]}, "5": {"freq": [20.0, 68.00000004249999, 116.00000061625, 164.00000102500002, 212.0000017225, 260.00000121875, 308.00000413875006, 356.00000178, 404.00000404, 452.00000113000004, 500.0, 548.0000054800001, 596.0000018625001, 644.0000128800003, 692.0000309237514, 740.0000127187502, 788.0000398925021, 836.0000428450022, 884.0000005525001, 932.0000393187518, 980.0000367500014, 1028.000071638755], "ampl": [1.4550422818333497, 15.436103043374198, 30.28633933749324, 45.18907786459961, 60.378293418805825, 73.34751867696998, 88.31817286741524, 103.91647748958157, 118.61324207978831, 131.38980877530437, 144.3141236251987, 159.28535560728278, 173.11655307580781, 186.25705463546092, 199.93366371216752, 213.2117237765749, 224.53930346493854, 237.32842412691656, 250.51533027754854, 262.0904611561546, 274.6409377230545, 286.1191531085064]}, "6": {"freq": [20.0, 68.00000004249999, 116.00000061625, 164.00000102500002, 212.0000017225, 260.00000121875, 308.00000413875006, 356.00000178, 404.00000404, 452.00000113000004, 500.0, 548.0000054800001, 596.0000018625001, 644.0000128800003, 692.0000309237514, 740.0000127187502, 788.0000398925021, 836.0000428450022, 884.0000005525001, 932.0000393187518, 980.0000367500014, 1028.000071638755], "ampl": [1.6869206953843636, 15.367395795177613, 30.916994499154605, 47.27110780600347, 61.89140957491092, 76.66460706905023, 90.52954277079982, 105.31660597571813, 119.42197040124607, 133.3415678924562, 147.53205051513115, 161.68430594419343, 175.8818092536242, 189.24322941360376, 201.55449470933794, 215.01029559205938, 228.71894692144835, 240.83615979020738, 253.10745411090596, 266.4497826253388, 278.8839442966319, 288.498532856907]}, "7": {"freq": [20.0, 68.00000004249999, 116.00000061625, 164.00000102500002, 212.0000017225, 260.00000121875, 308.00000413875006, 356.00000178, 404.00000404, 452.00000113000004, 500.0, 548.0000054800001, 596.0000018625001, 644.0000128800003, 692.0000309237514, 740.0000127187502, 788.0000398925021, 836.0000428450022, 884.0000005525001, 932.0000393187518, 980.0000367500014, 1028.000071638755], "ampl": [2.18515205818355, 19.827810299529133, 38.787385312355106, 59.72103839102861, 79.17431201584405, 98.81534023376884, 118.24806992325756, 137.95206877160263, 156.62755510153448, 175.8292625314349, 194.11929988131232, 211.48927420673658, 229.8757604318227, 247.49811961710247, 264.92510604706143, 281.4038858433908, 298.543726913657, 315.92320020255465, 331.98803905861513, 347.21046595751113, 362.5969565265083, 378.72091190046575]}, "wireSegments": null, "apaChannels": null, "measuredBy": null, "stage": null, "apaUuid": null, "layer": null, "headboardNum": null, "side": null}