{"0": {"freq": [20.0, 68.00000004249999, 116.00000061625, 164.00000102500002, 212.0000017225, 260.00000121875, 308.00000413875006, 356.00000178, 404.00000404, 452.00000113000004, 500.0, 548.0000054800001, 596.0000018625001, 644.0000128800003, 692.0000309237514, 740.0000127187502, 788.0000398925021, 836.0000428450022, 884.0000005525001, 932.0000393187518, 980.0000367500014, 1028.000071638755], "ampl": [563.8733756878498, 2839.184909843559, 5453.722352374637, 7908.8436686465775, 10100.97676505498, 12004.80937740292, 13622.400780442069, 14988.468197166592, 16106.45286092136, 17045.662054264787, 17821.48023291436, 18463.16575798963, 18992.986356849324, 19438.223224557234, 19796.76401107422, 20119.789278450156, 20353.966829452598, 20553.44877677268, 20718.43783655938, 20861.80504081114, 20969.15715097098, 21054.990749853787]}, "1": {"freq": [20.0, 68.00000004249999, 116.00000061625, 164.00000102500002, 212.0000017225, 260.00000121875, 308.00000413875006, 356.00000178, 404.00000404, 452.00000113000004, 500.0, 548.0000054800001, 596.0000018625001, 644.0000128800003, 692.0000309237514, 740.0000127187502, 788.0000398925021, 836.0000428450022, 884.0000005525001, 932.0000393187518, 980.0000367500014, 1028.000071638755], "ampl": [549.3419592832716, 2740.927206796489, 5266.334173109949, 7646.581837032377, 9775.649382758129, 11632.274657094053, 13210.371834197487, 14549.782988219242, 15647.102477161532, 16573.337964466547, 17338.637188680786, 17973.76248136091, 18499.23900311947, 18940.47488898999, 19300.701751649252, 19620.64896529392, 19857.080894223283, 20056.0346940111, 20222.331116333065, 20364.960822019428, 20472.371566292342, 20562.07908421701]}, "2": {"freq": [20.0, 68.00000004249999, 116.00000061625, 164.00000102500002, 212.0000017225, 260.00000121875, 308.00000413875006, 356.00000178, 404.00000404, 452.00000113000004, 500.0, 548.0000054800001, 596.0000018625001, 644.0000128800003, 692.0000309237514, 740.0000127187502, 788.0000398925021, 836.0000428450022, 884.0000005525001, 932.0000393187518, 980.0000367500014, 1028.000071638755], "ampl": [571.4243094944875, 2876.669022211025, 5519.922352171437, 7998.976730716352, 10210.730063180788, 12124.856346497942, 13749.976843933546, 15120.193756474886, 16240.052392472198, 17178.796167242548, 17956.49537266496, 18593.826918258677, 19126.083915996533, 19568.200963486914, 19928.948539251607, 20249.337102606387, 20484.773957980426, 20683.065625334577, 20846.85481851327, 20990.330621161116, 21097.14077334582, 21184.161855634415]}, "3": {"freq": [20.0, 68.00000004249999, 116.00000061625, 164.00000102500002, 212.0000017225, 260.00000121875, 308.00000413875006, 356.00000178, 404.00000404, 452.00000113000004, 500.0, 548.0000054800001, 596.0000018625001, 644.0000128800003, 692.0000309237514, 740.0000127187502, 788.0000398925021, 836.0000428450022, 884.0000005525001, 932.0000393187518, 980.0000367500014, 1028.000071638755], "ampl": [287.62219056690515, 1435.207367073643, 2800.703331389996, 4141.591099761426, 5401.29749771881, 6556.808884803528, 7593.793742616643, 8521.117572716787, 9324.767410691104, 10033.08525825151, 10646.293539816825, 11174.46042756229, 11631.638560619973, 12026.306667875411, 12362.781204735385, 12665.401734465155, 12907.357700536915, 13115.563986570649, 13296.068721867283, 13454.243386564303, 13583.23391157045, 13694.691719444429]}, "4": {"freq": [20.0, 68.00000004249999, 116.00000061625, 164.00000102500002, 212.0000017225, 260.00000121875, 308.00000413875006, 356.00000178, 404.00000404, 452.00000113000004, 500.0, 548.0000054800001, 596.0000018625001, 644.0000128800003, 692.0000309237514, 740.0000127187502, 788.0000398925021, 836.0000428450022, 884.0000005525001, 932.0000393187518, 980.0000367500014, 1028.000071638755], "ampl": [1.8880259407556792, 15.479720476092155, 29.400903308391086, 44.847358957495125, 58.71529303581925, 73.49452070246927, 89.06309146479303, 103.9393092501006, 119.84735018545663, 133.8835582812569, 148.40127578917125, 163.4574149275376, 177.59635728221895, 191.86305151934533, 206.26813675833378, 219.54358609757458, 233.49110057558306, 247.41292582774227, 260.01108464940506, 273.8696744634965, 286.92255014871233, 299.3856238369476]}, "5": {"freq": [20.0, 68.00000004249999, 116.00000061625, 164.00000102500002, 212.0000017225, 260.00000121875, 308.00000413875006, 356.00000178, 404.00000404, 452.00000113000004, 500.0, 548.0000054800001, 596.0000018625001, 644.0000128800003, 692.0000309237514, 740.0000127187502, 788.0000398925021, 836.0000428450022, 884.0000005525001, 932.0000393187518, 980.0000367500014, 1028.000071638755], "ampl": [1.4258369163637756, 14.956629255928023, 30.770792984317087, 45.08992887743824, 59.05936232980962, 73.88482255151389, 88.62328280050482, 102.6526066009986, 116.54572240833242, 130.84623564734707, 144.69827537143217, 158.56390639724353, 172.9662915526461, 183.94239232602655, 197.87074342948662, 211.49956639408458, 223.36623683969262, 238.49318576752194, 248.78864852180942, 261.53418233238756, 273.07385514220044, 285.6033914094528]}, "6": {"freq": [20.0, 68.00000004249999, 116.00000061625, 164.00000102500002, 212.0000017225, 260.00000121875, 308.00000413875006, 356.00000178, 404.00000404, 452.00000113000004, 500.0, 548.0000054800001, 596.0000018625001, 644.0000128800003, 692.0000309237514, 740.0000127187502, 788.0000398925021, 836.0000428450022, 884.0000005525001, 932.0000393187518, 980.0000367500014, 1028.000071638755], "ampl": [2.6824214147330885, 15.496358346931855, 31.93888650758354, 46.28770090053651, 60.98330940972253, 74.38807307742312, 90.02626080717101, 104.02753225030976, 118.79581337011342, 133.12393544305414, 147.1533429019698, 161.35706719772287, 174.9146165008768, 186.99587941114117, 202.0044571397736, 215.44614963715821, 228.1875195483279, 240.11172882415116, 251.83905167309612, 263.9790100788546, 276.6190812003683, 288.7788601280404]}, "7": {"freq": [20.0, 68.00000004249999, 116.00000061625, 164.00000102500002, 212.0000017225, 260.00000121875, 308.00000413875006, 356.00000178, 404.00000404, 452.00000113000004, 500.0, 548.0000054800001, 596.0000018625001, 644.0000128800003, 692.0000309237514, 740.0000127187502, 788.0000398925021, 836.0000428450022, 884.0000005525001, 932.0000393187518, 980.0000367500014, 1028.000071638755], "ampl": [1.9491067064084422, 18.78128978454646, 37.98907503575116, 55.88799226087284, 74.8687400899105, 92.47485893478267, 111.00427624087392, 128.35815936578516, 146.65021902793387, 164.5614234864954, 181.8097627284312, 198.02818689519717, 216.02269168589788, 232.2902611007177, 248.86174022567837, 264.74214963387715, 280.1834490933997, 295.015778579152, 311.203022915126, 326.4533969303523, 340.09088290403946, 354.73007641837717]}, "wireSegments": null, "apaChannels": null, "measuredBy": null, "stage": null, "apaUuid": null, "layer": null, "headboardNum": null, "side": null}