{"0": {"freq": [20.0, 68.00000004249999, 116.00000061625, 164.00000102500002, 212.0000017225, 260.00000121875, 308.00000413875006, 356.00000178, 404.00000404, 452.00000113000004, 500.0, 548.0000054800001, 596.0000018625001, 644.0000128800003, 692.0000309237514, 740.0000127187502, 788.0000398925021, 836.0000428450022, 884.0000005525001, 932.0000393187518, 980.0000367500014, 1028.000071638755], "ampl": [694.6962598905108, 3362.1731723810535, 6364.616999507818, 9105.554953705814, 11489.227153710062, 13497.067764575415, 15154.329166342848, 16505.311401760096, 17604.015945603205, 18497.40897243687, 19221.860435737057, 19806.222100586612, 20286.019760643518, 20668.232122268888, 20985.88735690279, 21244.61815460702, 21460.970863794413, 21620.215266658906, 21754.45933778589, 21857.073205045792, 21936.497505660176, 22000.9803245583]}, "1": {"freq": [20.0, 68.00000004249999, 116.00000061625, 164.00000102500002, 212.0000017225, 260.00000121875, 308.00000413875006, 356.00000178, 404.00000404, 452.00000113000004, 500.0, 548.0000054800001, 596.0000018625001, 644.0000128800003, 692.0000309237514, 740.0000127187502, 788.0000398925021, 836.0000428450022, 884.0000005525001, 932.0000393187518, 980.0000367500014, 1028.000071638755], "ampl": [682.7439795463999, 3306.0529545872064, 6261.926051982761, 8967.04627689131, 11323.471821944484, 13313.874581104437, 14957.725325664078, 16302.14034298037, 17395.264416247268, 18286.002502696567, 19011.992093494344, 19595.655166547847, 20078.388439976625, 20461.18218435125, 20781.349687166654, 21042.729833482263, 21260.43856646557, 21424.58492435249, 21558.886371874425, 21663.501026265258, 21747.06520892901, 21812.950656116278]}, "2": {"freq": [20.0, 68.00000004249999, 116.00000061625, 164.00000102500002, 212.0000017225, 260.00000121875, 308.00000413875006, 356.00000178, 404.00000404, 452.00000113000004, 500.0, 548.0000054800001, 596.0000018625001, 644.0000128800003, 692.0000309237514, 740.0000127187502, 788.0000398925021, 836.0000428450022, 884.0000005525001, 932.0000393187518, 980.0000367500014, 1028.000071638755], "ampl": [698.1726766952885, 3368.889224574024, 6371.615719339728, 9114.92641091991, 11504.502507300313, 13520.763011086916, 15184.444065750275, 16545.731090534573, 17652.05152870525, 18553.40376655615, 19287.955565965076, 19881.480471884846, 20366.81314757597, 20755.47868934525, 21077.543687180052, 21342.94351162413, 21561.969209243507, 21727.611612836554, 21865.79839890438, 21968.496162186304, 22052.064836489535, 22118.094019711047]}, "3": {"freq": [20.0, 68.00000004249999, 116.00000061625, 164.00000102500002, 212.0000017225, 260.00000121875, 308.00000413875006, 356.00000178, 404.00000404, 452.00000113000004, 500.0, 548.0000054800001, 596.0000018625001, 644.0000128800003, 692.0000309237514, 740.0000127187502, 788.0000398925021, 836.0000428450022, 884.0000005525001, 932.0000393187518, 980.0000367500014, 1028.000071638755], "ampl": [420.3024300494135, 2048.7642119904995, 3958.3071289657937, 5795.565864838086, 7484.03219235471, 8991.951953079832, 10309.161985518778, 11445.811181991572, 12417.29000405451, 13246.315387816747, 13945.610728560414, 14533.003828828212, 15030.724635631886, 15447.854798387176, 15800.448553940974, 16097.851269072238, 16350.387355824747, 16554.96663222055, 16729.30330571231, 16870.787829010915, 16989.597647868213, 17091.259476018757]}, "4": {"freq": [20.0, 68.00000004249999, 116.00000061625, 164.00000102500002, 212.0000017225, 260.00000121875, 308.00000413875006, 356.00000178, 404.00000404, 452.00000113000004, 500.0, 548.0000054800001, 596.0000018625001, 644.0000128800003, 692.0000309237514, 740.0000127187502, 788.0000398925021, 836.0000428450022, 884.0000005525001, 932.0000393187518, 980.0000367500014, 1028.000071638755], "ampl": [684.9655519699155, 3356.7259515429414, 6346.806572570801, 9074.105190348062, 11445.62703587696, 13443.350729215621, 15088.679853232983, 16434.26513177624, 17524.22905482262, 18411.171394612596, 19132.18625139706, 19711.851288085603, 20188.223224421796, 20569.393888447685, 20884.514236523642, 21141.96315937713, 21357.755597838754, 21518.118590549333, 21651.07482233244, 21752.791047603358, 21833.57223661622, 21898.17425545736]}, "5": {"freq": [20.0, 68.00000004249999, 116.00000061625, 164.00000102500002, 212.0000017225, 260.00000121875, 308.00000413875006, 356.00000178, 404.00000404, 452.00000113000004, 500.0, 548.0000054800001, 596.0000018625001, 644.0000128800003, 692.0000309237514, 740.0000127187502, 788.0000398925021, 836.0000428450022, 884.0000005525001, 932.0000393187518, 980.0000367500014, 1028.000071638755], "ampl": [674.5938481389637, 3313.2682906726104, 6278.23671119628, 8988.953375276391, 11352.326366928277, 13347.679743152414, 14998.781170123973, 16349.723985739882, 17446.938325442607, 18344.719091113682, 19071.890023661148, 19661.368955348524, 20144.78580518701, 20528.734518714173, 20852.69894547212, 21115.47107789137, 21335.12825698519, 21501.56898453431, 21638.14369053063, 21742.410893412914, 21826.978740616694, 21891.58764327095]}, "6": {"freq": [20.0, 68.00000004249999, 116.00000061625, 164.00000102500002, 212.0000017225, 260.00000121875, 308.00000413875006, 356.00000178, 404.00000404, 452.00000113000004, 500.0, 548.0000054800001, 596.0000018625001, 644.0000128800003, 692.0000309237514, 740.0000127187502, 788.0000398925021, 836.0000428450022, 884.0000005525001, 932.0000393187518, 980.0000367500014, 1028.000071638755], "ampl": [694.4791652824954, 3381.667994666472, 6383.732158753463, 9105.423744456164, 11455.807213844424, 13420.223318433837, 15031.465240156323, 16337.89398868777, 17391.47724890454, 18248.571000631935, 18938.630034711412, 19491.600254935314, 19947.21601206036, 20311.151573251806, 20605.971293425497, 20850.719219114377, 21054.908862028442, 21202.97691557718, 21327.10774193206, 21422.965050852243, 21495.514183817137, 21554.540668294994]}, "7": {"freq": [20.0, 68.00000004249999, 116.00000061625, 164.00000102500002, 212.0000017225, 260.00000121875, 308.00000413875006, 356.00000178, 404.00000404, 452.00000113000004, 500.0, 548.0000054800001, 596.0000018625001, 644.0000128800003, 692.0000309237514, 740.0000127187502, 788.0000398925021, 836.0000428450022, 884.0000005525001, 932.0000393187518, 980.0000367500014, 1028.000071638755], "ampl": [297.039624502924, 1469.7056628939617, 2856.608074092562, 4211.632046725701, 5491.075573541814, 6660.563136730294, 7713.010291387817, 8646.119882236644, 9464.539727559615, 10178.282089837458, 10801.18757507425, 11332.133937350909, 11791.207050037903, 12183.209441621437, 12520.577601906016, 12810.95910174652, 13062.546054018276, 13268.632725933685, 13449.027091669106, 13600.964524331708, 13726.395671225488, 13837.81423147739]}, "wireSegments": null, "apaChannels": null, "measuredBy": null, "stage": null, "apaUuid": null, "layer": null, "headboardNum": null, "side": null}