{"0": {"freq": [20.0, 68.00000004249999, 116.00000061625, 164.00000102500002, 212.0000017225, 260.00000121875, 308.00000413875006, 356.00000178, 404.00000404, 452.00000113000004, 500.0, 548.0000054800001, 596.0000018625001, 644.0000128800003, 692.0000309237514, 740.0000127187502, 788.0000398925021, 836.0000428450022, 884.0000005525001, 932.0000393187518, 980.0000367500014, 1028.000071638755], "ampl": [658.5056082418596, 3283.7130836452507, 6220.640767319416, 8925.870021805913, 11283.773254430454, 13290.009209226168, 14963.137343150323, 16319.639835169519, 17431.186291698166, 18337.867660254957, 19078.761495628693, 19681.918671961474, 20173.48908515166, 20577.84303156937, 20908.299083018745, 21176.39108355297, 21392.529321190566, 21572.368056550622, 21715.238206433693, 21824.976736901193, 21915.27913400777, 21979.824250711623]}, "1": {"freq": [20.0, 68.00000004249999, 116.00000061625, 164.00000102500002, 212.0000017225, 260.00000121875, 308.00000413875006, 356.00000178, 404.00000404, 452.00000113000004, 500.0, 548.0000054800001, 596.0000018625001, 644.0000128800003, 692.0000309237514, 740.0000127187502, 788.0000398925021, 836.0000428450022, 884.0000005525001, 932.0000393187518, 980.0000367500014, 1028.000071638755], "ampl": [634.4933559254243, 3276.9604015723658, 6211.619065204463, 8908.199610906357, 11253.618468348704, 13245.850233178051, 14906.439278647393, 16247.423769375795, 17347.974710243147, 18244.82238653671, 18974.617526206104, 19573.418792483677, 20058.153923378573, 20457.463349237027, 20783.106014415913, 21047.383654796155, 21263.31814026419, 21439.448227506706, 21579.49692153934, 21688.010332761853, 21777.247464970547, 21842.876471457377]}, "2": {"freq": [20.0, 68.00000004249999, 116.00000061625, 164.00000102500002, 212.0000017225, 260.00000121875, 308.00000413875006, 356.00000178, 404.00000404, 452.00000113000004, 500.0, 548.0000054800001, 596.0000018625001, 644.0000128800003, 692.0000309237514, 740.0000127187502, 788.0000398925021, 836.0000428450022, 884.0000005525001, 932.0000393187518, 980.0000367500014, 1028.000071638755], "ampl": [669.6293328036968, 3310.158462866458, 6270.035725409553, 8988.578309175244, 11353.375838133907, 13359.25404604606, 15033.5704849248, 16382.741700669525, 17491.141734269157, 18395.498502895978, 19130.331632425517, 19731.628042410906, 20221.177612057556, 20623.809227970974, 20951.0909494172, 21219.618742178314, 21435.163559378256, 21613.383170429537, 21754.81648090578, 21864.889784701194, 21954.372471502295, 22022.332133270673]}, "3": {"freq": [20.0, 68.00000004249999, 116.00000061625, 164.00000102500002, 212.0000017225, 260.00000121875, 308.00000413875006, 356.00000178, 404.00000404, 452.00000113000004, 500.0, 548.0000054800001, 596.0000018625001, 644.0000128800003, 692.0000309237514, 740.0000127187502, 788.0000398925021, 836.0000428450022, 884.0000005525001, 932.0000393187518, 980.0000367500014, 1028.000071638755], "ampl": [289.4526539104291, 1435.5131853506919, 2798.5729038425, 4143.898196169776, 5412.443042584446, 6581.877853717241, 7643.342348764946, 8580.640525780724, 9411.641496786915, 10138.633276951636, 10771.736339114985, 11321.333684862366, 11794.421393057011, 12205.95795678131, 12560.326936412508, 12863.524673284957, 13122.78769588367, 13348.930995501172, 13540.588529598179, 13701.577060244452, 13843.193293899749, 13960.677262683705]}, "4": {"freq": [20.0, 68.00000004249999, 116.00000061625, 164.00000102500002, 212.0000017225, 260.00000121875, 308.00000413875006, 356.00000178, 404.00000404, 452.00000113000004, 500.0, 548.0000054800001, 596.0000018625001, 644.0000128800003, 692.0000309237514, 740.0000127187502, 788.0000398925021, 836.0000428450022, 884.0000005525001, 932.0000393187518, 980.0000367500014, 1028.000071638755], "ampl": [556.8349398258407, 2866.5718557202467, 5461.091844461438, 7880.043361870524, 10027.000467745642, 11882.130289726712, 13459.539075327802, 14761.146551239135, 15844.063219720252, 16742.737339843072, 17481.452453799073, 18093.50306623118, 18598.26450368599, 19013.391699653188, 19358.368475523865, 19643.602984255085, 19876.27021843364, 20069.595240052386, 20227.883939870204, 20351.85923087756, 20458.77532001099, 20535.012267229977]}, "5": {"freq": [20.0, 68.00000004249999, 116.00000061625, 164.00000102500002, 212.0000017225, 260.00000121875, 308.00000413875006, 356.00000178, 404.00000404, 452.00000113000004, 500.0, 548.0000054800001, 596.0000018625001, 644.0000128800003, 692.0000309237514, 740.0000127187502, 788.0000398925021, 836.0000428450022, 884.0000005525001, 932.0000393187518, 980.0000367500014, 1028.000071638755], "ampl": [539.0322836390808, 2789.3285473992687, 5323.491507456082, 7700.462164866321, 9822.090123656471, 11667.546335713663, 13247.286720723523, 14557.756108263022, 15656.099651219782, 16569.462990699383, 17326.81847570805, 17953.179730778334, 18472.70644891895, 18905.089630397862, 19261.87523484742, 19560.210438779828, 19804.552289174404, 20009.331575559, 20172.631910061027, 20305.2883724083, 20417.81680831422, 20501.490720458492]}, "6": {"freq": [20.0, 68.00000004249999, 116.00000061625, 164.00000102500002, 212.0000017225, 260.00000121875, 308.00000413875006, 356.00000178, 404.00000404, 452.00000113000004, 500.0, 548.0000054800001, 596.0000018625001, 644.0000128800003, 692.0000309237514, 740.0000127187502, 788.0000398925021, 836.0000428450022, 884.0000005525001, 932.0000393187518, 980.0000367500014, 1028.000071638755], "ampl": [565.0955566201068, 2882.0755973381497, 5479.9469071618505, 7892.897971908517, 10020.24393376448, 11847.924623816129, 13392.89024235158, 14660.44366124926, 15709.392668332446, 16575.660079136116, 17286.006979807993, 17871.06628556599, 18350.36457797396, 18747.655512696572, 19071.334280369167, 19341.326985728392, 19557.947679397734, 19742.595647170132, 19889.146279924244, 20003.076378760736, 20101.37460037708, 20171.2092628205]}, "7": {"freq": [20.0, 68.00000004249999, 116.00000061625, 164.00000102500002, 212.0000017225, 260.00000121875, 308.00000413875006, 356.00000178, 404.00000404, 452.00000113000004, 500.0, 548.0000054800001, 596.0000018625001, 644.0000128800003, 692.0000309237514, 740.0000127187502, 788.0000398925021, 836.0000428450022, 884.0000005525001, 932.0000393187518, 980.0000367500014, 1028.000071638755], "ampl": [291.3885873354606, 1419.6106846962077, 2753.9984434181583, 4055.6692712435247, 5269.266294192343, 6372.501951165093, 7358.129700261837, 8215.701306494479, 8967.53272785333, 9617.423675373817, 10175.39798099868, 10652.789999643053, 11062.375798239716, 11411.110280323333, 11709.362669937813, 11963.92936252729, 12178.84688242539, 12365.2611425846, 12519.634632181273, 12649.659818583801, 12761.17621311594, 12853.536830960888]}, "wireSegments": null, "apaChannels": null, "measuredBy": null, "stage": null, "apaUuid": null, "layer": null, "headboardNum": null, "side": null}