{"0": {"freq": [20.0, 68.00000004249999, 116.00000061625, 164.00000102500002, 212.0000017225, 260.00000121875, 308.00000413875006, 356.00000178, 404.00000404, 452.00000113000004, 500.0, 548.0000054800001, 596.0000018625001, 644.0000128800003, 692.0000309237514, 740.0000127187502, 788.0000398925021, 836.0000428450022, 884.0000005525001, 932.0000393187518, 980.0000367500014, 1028.000071638755], "ampl": [297.0614433708355, 1460.7263074829111, 2857.6156967795655, 4239.003173639291, 5542.506471739646, 6736.655289576119, 7815.610133501953, 8770.829012601424, 9612.13593778236, 10345.506306561265, 10980.810795371113, 11528.039342210783, 12000.336730571991, 12406.591446501909, 12753.759395915724, 13052.523441509584, 13308.187611166599, 13524.486882387993, 13710.547851581945, 13868.05335447739, 14003.494960394824, 14129.03528589537]}, "1": {"freq": [20.0, 68.00000004249999, 116.00000061625, 164.00000102500002, 212.0000017225, 260.00000121875, 308.00000413875006, 356.00000178, 404.00000404, 452.00000113000004, 500.0, 548.0000054800001, 596.0000018625001, 644.0000128800003, 692.0000309237514, 740.0000127187502, 788.0000398925021, 836.0000428450022, 884.0000005525001, 932.0000393187518, 980.0000367500014, 1028.000071638755], "ampl": [649.3887246758657, 3225.063301315602, 6109.139979964084, 8753.93446129543, 11052.235158047637, 12993.21319844201, 14597.513432030864, 15912.780175452199, 16983.343778557854, 17853.50471445374, 18566.44961187891, 19140.66573232707, 19614.01848856578, 19999.454280248672, 20313.02090884821, 20571.002283522124, 20784.630048322942, 20948.169421448973, 21087.232813670184, 21193.922986773516, 21276.82617437351, 21359.238016204454]}, "2": {"freq": [20.0, 68.00000004249999, 116.00000061625, 164.00000102500002, 212.0000017225, 260.00000121875, 308.00000413875006, 356.00000178, 404.00000404, 452.00000113000004, 500.0, 548.0000054800001, 596.0000018625001, 644.0000128800003, 692.0000309237514, 740.0000127187502, 788.0000398925021, 836.0000428450022, 884.0000005525001, 932.0000393187518, 980.0000367500014, 1028.000071638755], "ampl": [642.4399751868212, 3308.7755597538267, 6269.269512697798, 8984.404129743618, 11348.284541939434, 13342.408530632658, 14992.22233616092, 16343.480710275975, 17440.75557649206, 18333.422316984925, 19063.861356723042, 19652.367595614, 20133.707078844778, 20527.319798982946, 20848.287046031204, 21108.864768034116, 21323.40318657506, 21488.31631932878, 21629.43876201021, 21734.63651188019, 21817.294062231747, 21897.701415338615]}, "3": {"freq": [20.0, 68.00000004249999, 116.00000061625, 164.00000102500002, 212.0000017225, 260.00000121875, 308.00000413875006, 356.00000178, 404.00000404, 452.00000113000004, 500.0, 548.0000054800001, 596.0000018625001, 644.0000128800003, 692.0000309237514, 740.0000127187502, 788.0000398925021, 836.0000428450022, 884.0000005525001, 932.0000393187518, 980.0000367500014, 1028.000071638755], "ampl": [669.1941588758349, 3311.680662492651, 6275.947819892775, 8992.328880580646, 11348.487551075405, 13331.547406872543, 14965.73266253476, 16302.827935368356, 17385.017197573867, 18264.056538735138, 18981.496960390174, 19558.308280815512, 20029.209622451268, 20413.34505016551, 20725.723097252587, 20979.869964557067, 21187.57712279021, 21350.741964798686, 21485.137082814592, 21586.945386272822, 21668.255397343255, 21746.491910007353]}, "4": {"freq": [20.0, 68.00000004249999, 116.00000061625, 164.00000102500002, 212.0000017225, 260.00000121875, 308.00000413875006, 356.00000178, 404.00000404, 452.00000113000004, 500.0, 548.0000054800001, 596.0000018625001, 644.0000128800003, 692.0000309237514, 740.0000127187502, 788.0000398925021, 836.0000428450022, 884.0000005525001, 932.0000393187518, 980.0000367500014, 1028.000071638755], "ampl": [313.3889143003735, 1547.5287354236095, 3016.227419149391, 4457.504821575897, 5803.579931519272, 7034.130464780523, 8133.9347180301265, 9103.203938003813, 9948.28818751224, 10679.830334732718, 11312.63483977863, 11853.15978309877, 12318.80625022389, 12716.312301876824, 13054.488999325082, 13346.2496332707, 13592.181101061597, 13799.974559152033, 13979.08082500264, 14128.085502738422, 14257.99331643606, 14375.139142996139]}, "5": {"freq": [20.0, 68.00000004249999, 116.00000061625, 164.00000102500002, 212.0000017225, 260.00000121875, 308.00000413875006, 356.00000178, 404.00000404, 452.00000113000004, 500.0, 548.0000054800001, 596.0000018625001, 644.0000128800003, 692.0000309237514, 740.0000127187502, 788.0000398925021, 836.0000428450022, 884.0000005525001, 932.0000393187518, 980.0000367500014, 1028.000071638755], "ampl": [533.8307025901604, 2729.1902825741013, 5208.385248182214, 7523.4558611872635, 9579.773285182986, 11357.191272119895, 12859.290429742465, 14118.665838694447, 15162.183344304995, 16026.343964229738, 16745.53748415548, 17332.007064333604, 17822.432161955672, 18229.336805140563, 18562.40461049544, 18839.530926814623, 19069.157325321106, 19256.942877582027, 19412.27365459239, 19534.923465907297, 19636.07789583175, 19729.29678624244]}, "6": {"freq": [20.0, 68.00000004249999, 116.00000061625, 164.00000102500002, 212.0000017225, 260.00000121875, 308.00000413875006, 356.00000178, 404.00000404, 452.00000113000004, 500.0, 548.0000054800001, 596.0000018625001, 644.0000128800003, 692.0000309237514, 740.0000127187502, 788.0000398925021, 836.0000428450022, 884.0000005525001, 932.0000393187518, 980.0000367500014, 1028.000071638755], "ampl": [556.4927180228408, 2838.545124654916, 5402.440812684076, 7792.687480809378, 9909.47058110013, 11734.1854328481, 13272.796038261395, 14555.882677352885, 15617.37139683323, 16491.384735328546, 17217.496799690296, 17806.012019219612, 18296.958601328217, 18702.568011746567, 19031.727548649178, 19307.281790662455, 19533.974877335175, 19715.044772319405, 19864.7420177792, 19984.173757478715, 20082.758221772037, 20172.18261903355]}, "7": {"freq": [20.0, 68.00000004249999, 116.00000061625, 164.00000102500002, 212.0000017225, 260.00000121875, 308.00000413875006, 356.00000178, 404.00000404, 452.00000113000004, 500.0, 548.0000054800001, 596.0000018625001, 644.0000128800003, 692.0000309237514, 740.0000127187502, 788.0000398925021, 836.0000428450022, 884.0000005525001, 932.0000393187518, 980.0000367500014, 1028.000071638755], "ampl": [559.813188682679, 2854.065357996373, 5432.231339723267, 7823.101792988319, 9933.990530289417, 11744.72929256254, 13265.8240467528, 14529.719765348798, 15569.371966361152, 16423.334787805306, 17129.995471699232, 17702.877708922966, 18177.152918654145, 18571.296460178284, 18889.521127955653, 19154.36614526597, 19370.130751697332, 19544.6174293956, 19688.649541894552, 19801.48864861645, 19894.936460386907, 19983.28580226105]}, "wireSegments": null, "apaChannels": null, "measuredBy": null, "stage": null, "apaUuid": null, "layer": null, "headboardNum": null, "side": null}