{"0": {"freq": [20.0, 68.00000004249999, 116.00000061625, 164.00000102500002, 212.0000017225, 260.00000121875, 308.00000413875006, 356.00000178, 404.00000404, 452.00000113000004, 500.0, 548.0000054800001, 596.0000018625001, 644.0000128800003, 692.0000309237514, 740.0000127187502, 788.0000398925021, 836.0000428450022, 884.0000005525001, 932.0000393187518, 980.0000367500014, 1028.000071638755], "ampl": [309.925377233279, 1530.17175285478, 2971.0425418386462, 4385.868968862444, 5717.093387640336, 6933.651753485776, 8026.075911446502, 8988.83380755315, 9830.369192275797, 10560.883690699577, 11188.203891716676, 11727.976282548238, 12190.998179897717, 12586.469263926017, 12928.606299220775, 13224.550465381808, 13462.208162672096, 13669.29320804146, 13843.901317413352, 13996.388095491578, 14123.587910030717, 14229.077019307908]}, "1": {"freq": [20.0, 68.00000004249999, 116.00000061625, 164.00000102500002, 212.0000017225, 260.00000121875, 308.00000413875006, 356.00000178, 404.00000404, 452.00000113000004, 500.0, 548.0000054800001, 596.0000018625001, 644.0000128800003, 692.0000309237514, 740.0000127187502, 788.0000398925021, 836.0000428450022, 884.0000005525001, 932.0000393187518, 980.0000367500014, 1028.000071638755], "ampl": [802.9456409601061, 3854.551220420332, 7220.678471798335, 10210.78509512299, 12723.54560817063, 14766.043418243331, 16403.195617477184, 17699.98736514263, 18727.81398456857, 19544.52209015932, 20190.861993787978, 20713.86321346182, 21129.718763212473, 21465.78569052459, 21735.065730551756, 21965.068763096497, 22118.236354760877, 22250.78122057415, 22344.085593868043, 22433.30017951249, 22493.590355514454, 22531.16476189256]}, "2": {"freq": [20.0, 68.00000004249999, 116.00000061625, 164.00000102500002, 212.0000017225, 260.00000121875, 308.00000413875006, 356.00000178, 404.00000404, 452.00000113000004, 500.0, 548.0000054800001, 596.0000018625001, 644.0000128800003, 692.0000309237514, 740.0000127187502, 788.0000398925021, 836.0000428450022, 884.0000005525001, 932.0000393187518, 980.0000367500014, 1028.000071638755], "ampl": [560.9278100303682, 2783.185648095486, 5314.900008956729, 7694.314796805618, 9828.81133592976, 11684.725374468491, 13275.158325170285, 14606.454078257859, 15720.996594237982, 16646.196294698613, 17408.54319036497, 18047.505900522137, 18573.478613067957, 19010.529605837528, 19376.570074791383, 19689.829733635383, 19923.86727263613, 20125.890581545736, 20284.096694441134, 20427.154060397897, 20541.948732998575, 20623.16466903387]}, "3": {"freq": [20.0, 68.00000004249999, 116.00000061625, 164.00000102500002, 212.0000017225, 260.00000121875, 308.00000413875006, 356.00000178, 404.00000404, 452.00000113000004, 500.0, 548.0000054800001, 596.0000018625001, 644.0000128800003, 692.0000309237514, 740.0000127187502, 788.0000398925021, 836.0000428450022, 884.0000005525001, 932.0000393187518, 980.0000367500014, 1028.000071638755], "ampl": [813.2134566716704, 3901.0217641412755, 7314.712697005672, 10349.098109888928, 12899.860216640505, 14972.591217862748, 16636.53717935714, 17951.197362727868, 18998.317701756918, 19827.249321357318, 20487.376310265106, 21012.217681766302, 21438.389497777775, 21775.80720374662, 22047.729114014783, 22279.306453878013, 22436.189333780178, 22568.614973826814, 22666.31761051094, 22752.41375001446, 22813.907342163333, 22852.595216203226]}, "4": {"freq": [20.0, 68.00000004249999, 116.00000061625, 164.00000102500002, 212.0000017225, 260.00000121875, 308.00000413875006, 356.00000178, 404.00000404, 452.00000113000004, 500.0, 548.0000054800001, 596.0000018625001, 644.0000128800003, 692.0000309237514, 740.0000127187502, 788.0000398925021, 836.0000428450022, 884.0000005525001, 932.0000393187518, 980.0000367500014, 1028.000071638755], "ampl": [430.30231466823943, 2064.8272355164227, 3972.2713069286892, 5801.11678476289, 7466.587640646187, 8939.770622266555, 10222.236637621989, 11317.009431430664, 12247.914169759253, 13033.473001106935, 13691.190769406556, 14245.49493409807, 14711.355912135907, 15102.73398668917, 15430.169937475956, 15713.473842487834, 15932.1243683247, 16119.84290177468, 16273.934516378402, 16407.52091367677, 16517.241801168686, 16602.59033914901]}, "5": {"freq": [20.0, 68.00000004249999, 116.00000061625, 164.00000102500002, 212.0000017225, 260.00000121875, 308.00000413875006, 356.00000178, 404.00000404, 452.00000113000004, 500.0, 548.0000054800001, 596.0000018625001, 644.0000128800003, 692.0000309237514, 740.0000127187502, 788.0000398925021, 836.0000428450022, 884.0000005525001, 932.0000393187518, 980.0000367500014, 1028.000071638755], "ampl": [556.0630109240968, 2756.0948558330947, 5256.898686191974, 7600.11356785021, 9691.247253078733, 11507.888691117862, 13056.959503932256, 14351.85677514659, 15434.701000244619, 16333.900930068217, 17077.228436666515, 17695.2799104638, 18203.172439994618, 18629.2765458969, 18982.849778963737, 19286.014503627703, 19510.093466272905, 19708.39166046254, 19862.10629494615, 20002.65010761518, 20110.803881353084, 20192.79142338683]}, "6": {"freq": [20.0, 68.00000004249999, 116.00000061625, 164.00000102500002, 212.0000017225, 260.00000121875, 308.00000413875006, 356.00000178, 404.00000404, 452.00000113000004, 500.0, 548.0000054800001, 596.0000018625001, 644.0000128800003, 692.0000309237514, 740.0000127187502, 788.0000398925021, 836.0000428450022, 884.0000005525001, 932.0000393187518, 980.0000367500014, 1028.000071638755], "ampl": [817.2795488837945, 3909.285479099709, 7314.867973831478, 10330.949754318282, 12860.028949387965, 14906.926116264915, 16544.49726514351, 17836.492219411433, 18858.502784058768, 19669.51332791833, 20309.44636056499, 20821.51659991768, 21231.704792561537, 21559.597595133888, 21824.16309754437, 22046.279028345572, 22198.538514491076, 22324.46135756937, 22419.668998326368, 22500.563012736726, 22556.008869435136, 22591.761306793796]}, "7": {"freq": [20.0, 68.00000004249999, 116.00000061625, 164.00000102500002, 212.0000017225, 260.00000121875, 308.00000413875006, 356.00000178, 404.00000404, 452.00000113000004, 500.0, 548.0000054800001, 596.0000018625001, 644.0000128800003, 692.0000309237514, 740.0000127187502, 788.0000398925021, 836.0000428450022, 884.0000005525001, 932.0000393187518, 980.0000367500014, 1028.000071638755], "ampl": [569.45492902587, 2800.541700646599, 5336.279364760952, 7703.541228411537, 9811.328831073222, 11634.41325201135, 13180.27095589058, 14466.492155933782, 15535.136364917651, 16415.287034888108, 17139.925077665397, 17738.20790276668, 18234.01484483437, 18640.887004118147, 18979.88105501398, 19267.824018496896, 19485.2092827649, 19666.898797263286, 19806.836127824194, 19942.55485398853, 20041.92767683699, 20117.48406071302]}, "wireSegments": null, "apaChannels": null, "measuredBy": null, "stage": null, "apaUuid": null, "layer": null, "headboardNum": null, "side": null}