{"0": {"freq": [20.0, 68.00000004249999, 116.00000061625, 164.00000102500002, 212.0000017225, 260.00000121875, 308.00000413875006, 356.00000178, 404.00000404, 452.00000113000004, 500.0, 548.0000054800001, 596.0000018625001, 644.0000128800003, 692.0000309237514, 740.0000127187502, 788.0000398925021, 836.0000428450022, 884.0000005525001, 932.0000393187518, 980.0000367500014, 1028.000071638755], "ampl": [1.5680777063820215, 11.371118916861885, 21.415464928653712, 30.712259732188418, 40.516796071535154, 49.3911848358332, 57.966673673943376, 66.7852289889901, 76.00678053067791, 84.20983714495223, 93.23691326725728, 102.4869555105811, 110.3992818830526, 119.12499456506178, 126.2635022262716, 135.48974017526254, 143.19337710733674, 151.56730267942217, 158.57823878031314, 166.4354847168866, 173.05858604763122, 181.01720551910802]}, "1": {"freq": [20.0, 68.00000004249999, 116.00000061625, 164.00000102500002, 212.0000017225, 260.00000121875, 308.00000413875006, 356.00000178, 404.00000404, 452.00000113000004, 500.0, 548.0000054800001, 596.0000018625001, 644.0000128800003, 692.0000309237514, 740.0000127187502, 788.0000398925021, 836.0000428450022, 884.0000005525001, 932.0000393187518, 980.0000367500014, 1028.000071638755], "ampl": [1.9109997033108845, 15.674169715294912, 31.073158158940462, 45.75581581944232, 59.95092520756866, 75.82617335960222, 89.90792813753951, 103.32749316628023, 117.2959254625624, 131.033742763993, 144.45883404900545, 158.37126466601646, 171.6996552423861, 185.31531727878954, 196.54380188111364, 208.8712995793949, 222.01102858906793, 234.36671689784336, 246.31562969067127, 258.09675390140546, 269.2178943088987, 280.73071826737834]}, "2": {"freq": [20.0, 68.00000004249999, 116.00000061625, 164.00000102500002, 212.0000017225, 260.00000121875, 308.00000413875006, 356.00000178, 404.00000404, 452.00000113000004, 500.0, 548.0000054800001, 596.0000018625001, 644.0000128800003, 692.0000309237514, 740.0000127187502, 788.0000398925021, 836.0000428450022, 884.0000005525001, 932.0000393187518, 980.0000367500014, 1028.000071638755], "ampl": [1.9316198644181193, 15.547349361742548, 30.69832697844831, 45.38807772949738, 59.94492341464772, 73.87826072890701, 88.87388240528556, 102.9097816418244, 118.07601579472693, 132.10298346156205, 145.18394676282387, 159.22645149688645, 172.01143778851227, 183.75546683355776, 198.07061044980026, 210.80296432828342, 223.4914023694724, 234.99011571624163, 248.5735888057641, 259.8691153275001, 271.5923614875952, 283.39624063129645]}, "3": {"freq": [20.0, 68.00000004249999, 116.00000061625, 164.00000102500002, 212.0000017225, 260.00000121875, 308.00000413875006, 356.00000178, 404.00000404, 452.00000113000004, 500.0, 548.0000054800001, 596.0000018625001, 644.0000128800003, 692.0000309237514, 740.0000127187502, 788.0000398925021, 836.0000428450022, 884.0000005525001, 932.0000393187518, 980.0000367500014, 1028.000071638755], "ampl": [2.352828795840752, 15.336487316365476, 31.03870158188329, 46.834402356014316, 61.43453767686196, 79.56104900346665, 96.00834102013579, 112.07443395288567, 128.7688126685302, 144.3463477537647, 158.89468845324663, 174.8011472875079, 189.43695633069487, 205.86535107783487, 221.60105693930362, 235.61141191066048, 250.87717568496254, 265.5557845831488, 279.2666260145143, 294.2172502137995, 307.832130581416, 320.3220565042845]}, "4": {"freq": [20.0, 68.00000004249999, 116.00000061625, 164.00000102500002, 212.0000017225, 260.00000121875, 308.00000413875006, 356.00000178, 404.00000404, 452.00000113000004, 500.0, 548.0000054800001, 596.0000018625001, 644.0000128800003, 692.0000309237514, 740.0000127187502, 788.0000398925021, 836.0000428450022, 884.0000005525001, 932.0000393187518, 980.0000367500014, 1028.000071638755], "ampl": [790.0270025683267, 3942.8938128049094, 7427.464017323236, 10530.526265855171, 13139.87982526777, 15258.916912170433, 16939.589963687667, 18276.983415487175, 19329.761174147818, 20163.479043170202, 20825.655812420257, 21356.209764880314, 21774.56790488056, 22108.588120080916, 22375.419262794177, 22591.559730830293, 22758.543018449447, 22895.528599581827, 22991.539909176332, 23068.685098574853, 23122.65855164462, 23160.13387304074]}, "5": {"freq": [20.0, 68.00000004249999, 116.00000061625, 164.00000102500002, 212.0000017225, 260.00000121875, 308.00000413875006, 356.00000178, 404.00000404, 452.00000113000004, 500.0, 548.0000054800001, 596.0000018625001, 644.0000128800003, 692.0000309237514, 740.0000127187502, 788.0000398925021, 836.0000428450022, 884.0000005525001, 932.0000393187518, 980.0000367500014, 1028.000071638755], "ampl": [775.1203162161855, 3878.886911227989, 7330.328179448554, 10416.842582990355, 13026.652233874753, 15156.698517327522, 16853.754547527737, 18208.35412217691, 19275.728137089023, 20127.00984938102, 20802.29751160427, 21344.32594356546, 21777.378005332277, 22117.705816253096, 22395.184530000115, 22614.778796756156, 22793.472902489782, 22933.90107107325, 23035.041407657267, 23117.254889405176, 23174.172918087825, 23214.830865835487]}, "6": {"freq": [20.0, 68.00000004249999, 116.00000061625, 164.00000102500002, 212.0000017225, 260.00000121875, 308.00000413875006, 356.00000178, 404.00000404, 452.00000113000004, 500.0, 548.0000054800001, 596.0000018625001, 644.0000128800003, 692.0000309237514, 740.0000127187502, 788.0000398925021, 836.0000428450022, 884.0000005525001, 932.0000393187518, 980.0000367500014, 1028.000071638755], "ampl": [783.1611093097947, 3915.720644055616, 7372.126117037289, 10440.297466333595, 13012.644634251015, 15093.948847386231, 16743.252380580267, 18052.088248555123, 19079.627482187138, 19891.123981571825, 20536.43670551684, 21048.60895489201, 21459.70006431007, 21782.968363307224, 22042.829671108506, 22248.882056510407, 22413.203848624526, 22544.816544578534, 22639.49264899272, 22711.416413731808, 22763.144733108853, 22797.830074800146]}, "7": {"freq": [20.0, 68.00000004249999, 116.00000061625, 164.00000102500002, 212.0000017225, 260.00000121875, 308.00000413875006, 356.00000178, 404.00000404, 452.00000113000004, 500.0, 548.0000054800001, 596.0000018625001, 644.0000128800003, 692.0000309237514, 740.0000127187502, 788.0000398925021, 836.0000428450022, 884.0000005525001, 932.0000393187518, 980.0000367500014, 1028.000071638755], "ampl": [423.81611013138007, 2030.2451212541864, 3937.8360373458527, 5775.169592200981, 7450.971069518995, 8933.099593155013, 10213.3581141824, 11313.144754087976, 12241.090602926624, 13022.716270888783, 13679.480882341408, 14229.072900333782, 14689.562216403197, 15072.249275525764, 15395.603574239267, 15663.796730143622, 15890.449155962604, 16076.972249334854, 16227.777246686246, 16356.872029183764, 16461.999847581126, 16547.55901894898]}, "wireSegments": null, "apaChannels": null, "measuredBy": null, "stage": null, "apaUuid": null, "layer": null, "headboardNum": null, "side": null}