{"0": {"freq": [20.0, 68.00000004249999, 116.00000061625, 164.00000102500002, 212.0000017225, 260.00000121875, 308.00000413875006, 356.00000178, 404.00000404, 452.00000113000004, 500.0, 548.0000054800001, 596.0000018625001, 644.0000128800003, 692.0000309237514, 740.0000127187502, 788.0000398925021, 836.0000428450022, 884.0000005525001, 932.0000393187518, 980.0000367500014, 1028.000071638755], "ampl": [2.439415155025969, 9.704424691608276, 19.940861424675294, 27.772314578977962, 34.24916078623479, 44.06047784146537, 51.75482282198309, 59.28700588273518, 68.93786868847577, 74.82061414639125, 82.51697720851764, 90.08552067511087, 98.45549263999168, 106.00971168775254, 112.43825846317421, 119.52407053806132, 127.27209630858148, 134.13879343739563, 140.30050674488453, 147.26478706821402, 153.38657519155507, 159.52693380573902]}, "1": {"freq": [20.0, 68.00000004249999, 116.00000061625, 164.00000102500002, 212.0000017225, 260.00000121875, 308.00000413875006, 356.00000178, 404.00000404, 452.00000113000004, 500.0, 548.0000054800001, 596.0000018625001, 644.0000128800003, 692.0000309237514, 740.0000127187502, 788.0000398925021, 836.0000428450022, 884.0000005525001, 932.0000393187518, 980.0000367500014, 1028.000071638755], "ampl": [1.9154934762796063, 14.780237072566985, 29.87020520523416, 45.162179641978305, 59.32033230040111, 75.14971974164098, 88.79684452983385, 104.25968346214653, 117.26796788019216, 131.26228840326678, 144.32445899208645, 157.90478305711534, 171.33013795415675, 183.52740565848597, 195.5903576788021, 209.8777265862271, 222.560527891903, 234.44699247228863, 245.60736997486646, 257.57048618745637, 269.5494363571842, 281.02016233720497]}, "2": {"freq": [20.0, 68.00000004249999, 116.00000061625, 164.00000102500002, 212.0000017225, 260.00000121875, 308.00000413875006, 356.00000178, 404.00000404, 452.00000113000004, 500.0, 548.0000054800001, 596.0000018625001, 644.0000128800003, 692.0000309237514, 740.0000127187502, 788.0000398925021, 836.0000428450022, 884.0000005525001, 932.0000393187518, 980.0000367500014, 1028.000071638755], "ampl": [1.9716504002014796, 15.68769147594839, 29.946423206679654, 46.059246952949124, 58.88372048537555, 74.5754164602623, 89.06708470006458, 103.2462955073975, 117.7702938448702, 131.03125747955298, 144.03172644084427, 157.25244921666135, 171.30204772737235, 184.24453410277988, 197.51643214371612, 209.83910476394982, 221.5849849183172, 234.84937846168475, 246.70449787745972, 258.43957289319724, 270.16799009210393, 281.7824629187804]}, "3": {"freq": [20.0, 68.00000004249999, 116.00000061625, 164.00000102500002, 212.0000017225, 260.00000121875, 308.00000413875006, 356.00000178, 404.00000404, 452.00000113000004, 500.0, 548.0000054800001, 596.0000018625001, 644.0000128800003, 692.0000309237514, 740.0000127187502, 788.0000398925021, 836.0000428450022, 884.0000005525001, 932.0000393187518, 980.0000367500014, 1028.000071638755], "ampl": [2.451098661053578, 15.38555908814998, 30.153957163956363, 46.14066907534777, 59.894149138156294, 76.17546662027337, 91.72644514906257, 108.37268950764735, 123.3024396836553, 137.48618884793976, 152.72786569204712, 168.39962340738384, 182.96471355254607, 198.37155178846817, 213.0364387973936, 227.2506565344523, 241.76618695458149, 254.77997725055374, 269.2639059623496, 283.03670766702373, 296.6115550729106, 308.85684522714894]}, "4": {"freq": [20.0, 68.00000004249999, 116.00000061625, 164.00000102500002, 212.0000017225, 260.00000121875, 308.00000413875006, 356.00000178, 404.00000404, 452.00000113000004, 500.0, 548.0000054800001, 596.0000018625001, 644.0000128800003, 692.0000309237514, 740.0000127187502, 788.0000398925021, 836.0000428450022, 884.0000005525001, 932.0000393187518, 980.0000367500014, 1028.000071638755], "ampl": [437.3421913254114, 2065.9421153566723, 3982.70555792601, 5817.391571536337, 7480.331521696718, 8933.053590359114, 10184.313435256305, 11246.431653689935, 12137.002660253473, 12876.326284555415, 13496.043236049798, 14008.87243542773, 14437.859438311109, 14795.894276344869, 15089.041310727362, 15340.594077545487, 15544.290729505465, 15711.906228687356, 15847.162712076117, 15963.206887872217, 16057.499010014797, 16138.271434182696]}, "5": {"freq": [20.0, 68.00000004249999, 116.00000061625, 164.00000102500002, 212.0000017225, 260.00000121875, 308.00000413875006, 356.00000178, 404.00000404, 452.00000113000004, 500.0, 548.0000054800001, 596.0000018625001, 644.0000128800003, 692.0000309237514, 740.0000127187502, 788.0000398925021, 836.0000428450022, 884.0000005525001, 932.0000393187518, 980.0000367500014, 1028.000071638755], "ampl": [770.2942167531585, 3857.132688285334, 7277.1590310455, 10319.93032001713, 12875.28599092089, 14942.876129932723, 16597.794923391404, 17907.325583989004, 18942.147151622874, 19757.17083499597, 20406.244954824735, 20923.772666863293, 21339.104179803155, 21672.606874796194, 21933.58707833897, 22152.58459315016, 22316.243866729543, 22444.97684820147, 22541.692348220084, 22623.562122404444, 22678.01191419997, 22726.97454464222]}, "6": {"freq": [20.0, 68.00000004249999, 116.00000061625, 164.00000102500002, 212.0000017225, 260.00000121875, 308.00000413875006, 356.00000178, 404.00000404, 452.00000113000004, 500.0, 548.0000054800001, 596.0000018625001, 644.0000128800003, 692.0000309237514, 740.0000127187502, 788.0000398925021, 836.0000428450022, 884.0000005525001, 932.0000393187518, 980.0000367500014, 1028.000071638755], "ampl": [776.0629741462878, 3866.0715331479278, 7293.3696813876395, 10346.201050597867, 12911.114915985989, 14988.593081097557, 16649.838873507433, 17964.768156419625, 19003.512146874225, 19820.09718360678, 20468.976185146403, 20986.577325980143, 21403.645484550256, 21735.79931272782, 21994.280723517342, 22212.44997970457, 22376.737569171044, 22505.74361027385, 22600.68411174677, 22678.83491003734, 22734.347369585335, 22779.77808238256]}, "7": {"freq": [20.0, 68.00000004249999, 116.00000061625, 164.00000102500002, 212.0000017225, 260.00000121875, 308.00000413875006, 356.00000178, 404.00000404, 452.00000113000004, 500.0, 548.0000054800001, 596.0000018625001, 644.0000128800003, 692.0000309237514, 740.0000127187502, 788.0000398925021, 836.0000428450022, 884.0000005525001, 932.0000393187518, 980.0000367500014, 1028.000071638755], "ampl": [787.9053205671524, 3932.6835375816504, 7405.008227341462, 10482.343682684883, 13057.140808977272, 15132.031628456292, 16784.076004305763, 18084.053196442004, 19108.388277145586, 19911.384192624842, 20547.7235236171, 21054.238704511255, 21459.51540071226, 21784.224070682194, 22033.43509035071, 22245.621025008644, 22404.79031843766, 22528.447906873884, 22619.090598393457, 22693.12083541113, 22744.224403413045, 22784.755026903847]}, "wireSegments": null, "apaChannels": null, "measuredBy": null, "stage": null, "apaUuid": null, "layer": null, "headboardNum": null, "side": null}