{"0": {"freq": [20.0, 68.00000004249999, 116.00000061625, 164.00000102500002, 212.0000017225, 260.00000121875, 308.00000413875006, 356.00000178, 404.00000404, 452.00000113000004, 500.0, 548.0000054800001, 596.0000018625001, 644.0000128800003, 692.0000309237514, 740.0000127187502, 788.0000398925021, 836.0000428450022, 884.0000005525001, 932.0000393187518, 980.0000367500014, 1028.000071638755], "ampl": [677.9877937327987, 3289.477886098497, 6238.863898925958, 8950.318676477684, 11320.088959241348, 13325.718803789388, 14994.769960080763, 16359.920579028932, 17473.964182939642, 18383.150706940367, 19119.975126389098, 19725.514801241112, 20215.549851662465, 20620.98677267559, 20949.345729422894, 21218.318211113783, 21436.119747773897, 21618.72301949945, 21753.87731352948, 21868.30117551947, 21949.086574948986, 22013.946699840864]}, "1": {"freq": [20.0, 68.00000004249999, 116.00000061625, 164.00000102500002, 212.0000017225, 260.00000121875, 308.00000413875006, 356.00000178, 404.00000404, 452.00000113000004, 500.0, 548.0000054800001, 596.0000018625001, 644.0000128800003, 692.0000309237514, 740.0000127187502, 788.0000398925021, 836.0000428450022, 884.0000005525001, 932.0000393187518, 980.0000367500014, 1028.000071638755], "ampl": [659.4953956826259, 3263.741376122569, 6193.900641782672, 8886.697356993016, 11235.192707239636, 13224.813686644255, 14876.17580135331, 16230.632937630711, 17332.255160077777, 18231.01806364564, 18962.70776902405, 19561.91566156495, 20048.231935569638, 20448.143466905887, 20774.764925667994, 21040.467448616644, 21256.96474042336, 21437.712640759724, 21573.918841349983, 21685.67172900947, 21766.82782022324, 21832.818540783122]}, "2": {"freq": [20.0, 68.00000004249999, 116.00000061625, 164.00000102500002, 212.0000017225, 260.00000121875, 308.00000413875006, 356.00000178, 404.00000404, 452.00000113000004, 500.0, 548.0000054800001, 596.0000018625001, 644.0000128800003, 692.0000309237514, 740.0000127187502, 788.0000398925021, 836.0000428450022, 884.0000005525001, 932.0000393187518, 980.0000367500014, 1028.000071638755], "ampl": [687.56023211583, 3324.870899514619, 6298.2602590423085, 9028.397151998724, 11407.914446952094, 13417.431952980805, 15083.696314582912, 16449.04268323226, 17560.506856633816, 18464.893883895795, 19202.886998948186, 19803.544086855152, 20293.36918074537, 20698.499248379936, 21023.78165498336, 21293.65222571236, 21511.02463458393, 21692.082398237326, 21828.472499924294, 21942.982884287845, 22022.8087756902, 22089.162062495274]}, "3": {"freq": [20.0, 68.00000004249999, 116.00000061625, 164.00000102500002, 212.0000017225, 260.00000121875, 308.00000413875006, 356.00000178, 404.00000404, 452.00000113000004, 500.0, 548.0000054800001, 596.0000018625001, 644.0000128800003, 692.0000309237514, 740.0000127187502, 788.0000398925021, 836.0000428450022, 884.0000005525001, 932.0000393187518, 980.0000367500014, 1028.000071638755], "ampl": [292.7817871865429, 1464.5338761595353, 2859.2644408532174, 4232.483401871349, 5528.371786027729, 6718.636846265057, 7794.810968233559, 8755.201750190807, 9598.720775547863, 10338.090058854747, 10982.034066963593, 11539.495392062188, 12019.532999739384, 12435.776552559722, 12794.192773827539, 13100.919738045675, 13364.468958968591, 13591.607278923639, 13783.39133532088, 13949.237820603754, 14082.336991825292, 14201.503679320997]}, "4": {"freq": [20.0, 68.00000004249999, 116.00000061625, 164.00000102500002, 212.0000017225, 260.00000121875, 308.00000413875006, 356.00000178, 404.00000404, 452.00000113000004, 500.0, 548.0000054800001, 596.0000018625001, 644.0000128800003, 692.0000309237514, 740.0000127187502, 788.0000398925021, 836.0000428450022, 884.0000005525001, 932.0000393187518, 980.0000367500014, 1028.000071638755], "ampl": [582.853335545941, 2878.847831286671, 5487.770661228643, 7918.143026278522, 10076.73815028221, 11939.775414607866, 13514.79489950405, 14831.822001861205, 15918.877741474986, 16821.64618085676, 17563.492561816758, 18177.982704682217, 18685.171753444683, 19102.620175527525, 19449.80010759959, 19734.8482345152, 19968.741121318486, 20165.548754270018, 20318.361040586115, 20450.77734397705, 20544.60658710336, 20622.982929796326]}, "5": {"freq": [20.0, 68.00000004249999, 116.00000061625, 164.00000102500002, 212.0000017225, 260.00000121875, 308.00000413875006, 356.00000178, 404.00000404, 452.00000113000004, 500.0, 548.0000054800001, 596.0000018625001, 644.0000128800003, 692.0000309237514, 740.0000127187502, 788.0000398925021, 836.0000428450022, 884.0000005525001, 932.0000393187518, 980.0000367500014, 1028.000071638755], "ampl": [558.6697439624718, 2779.8609664776177, 5311.727125634599, 7687.126495861863, 9811.191895829827, 11656.037680145524, 13228.873646919785, 14553.006476600525, 15652.589544236844, 16569.707212786154, 17328.925955137434, 17959.461708883486, 18481.422772651535, 18915.765275787282, 19277.330329508277, 19574.525433454026, 19820.891351101545, 20026.229068963905, 20191.577681544517, 20328.55878047232, 20431.367911090285, 20517.554961203256]}, "6": {"freq": [20.0, 68.00000004249999, 116.00000061625, 164.00000102500002, 212.0000017225, 260.00000121875, 308.00000413875006, 356.00000178, 404.00000404, 452.00000113000004, 500.0, 548.0000054800001, 596.0000018625001, 644.0000128800003, 692.0000309237514, 740.0000127187502, 788.0000398925021, 836.0000428450022, 884.0000005525001, 932.0000393187518, 980.0000367500014, 1028.000071638755], "ampl": [592.2567993301068, 2904.9701749318006, 5524.912471534139, 7954.79307349983, 10098.878871796693, 11936.705178947039, 13484.650817990014, 14767.047099859325, 15821.965579738793, 16690.977571837946, 17404.66059124169, 17992.24563089642, 18474.10029140373, 18872.12084647614, 19199.511829948235, 19467.126776579993, 19688.416182656558, 19872.190802927358, 20013.99679083962, 20134.854750191476, 20219.548160005394, 20292.50563783377]}, "7": {"freq": [20.0, 68.00000004249999, 116.00000061625, 164.00000102500002, 212.0000017225, 260.00000121875, 308.00000413875006, 356.00000178, 404.00000404, 452.00000113000004, 500.0, 548.0000054800001, 596.0000018625001, 644.0000128800003, 692.0000309237514, 740.0000127187502, 788.0000398925021, 836.0000428450022, 884.0000005525001, 932.0000393187518, 980.0000367500014, 1028.000071638755], "ampl": [294.79052518754906, 1444.6524206732959, 2801.6948342393134, 4124.027144075991, 5356.512163257527, 6473.735277365939, 7472.872018631055, 8350.105237925938, 9111.446350927428, 9772.461227827363, 10339.946997803669, 10826.984299001537, 11241.466111505959, 11597.812252679676, 11901.887491575138, 12158.037997658308, 12379.975390497666, 12567.790341165657, 12723.955248527085, 12859.789665326603, 12965.180065310004, 13058.919538923361]}, "wireSegments": null, "apaChannels": null, "measuredBy": null, "stage": null, "apaUuid": null, "layer": null, "headboardNum": null, "side": null}