{"0": {"freq": [20.0, 68.00000004249999, 116.00000061625, 164.00000102500002, 212.0000017225, 260.00000121875, 308.00000413875006, 356.00000178, 404.00000404, 452.00000113000004, 500.0, 548.0000054800001, 596.0000018625001, 644.0000128800003, 692.0000309237514, 740.0000127187502, 788.0000398925021, 836.0000428450022, 884.0000005525001, 932.0000393187518, 980.0000367500014, 1028.000071638755], "ampl": [1.7553309850499619, 10.676699171213293, 21.18515417653128, 30.332736121106407, 40.25934927412043, 49.49896532638499, 57.582722030998106, 67.34815675716868, 75.7936788574707, 84.97117967159029, 93.07530794905027, 101.18418738450092, 108.76506132499009, 116.7159506846705, 126.79367543063569, 134.49975418328177, 142.35535012288724, 150.18796864750672, 158.1545699224987, 164.77318845138308, 172.63121692953155, 180.90692733802302]}, "1": {"freq": [20.0, 68.00000004249999, 116.00000061625, 164.00000102500002, 212.0000017225, 260.00000121875, 308.00000413875006, 356.00000178, 404.00000404, 452.00000113000004, 500.0, 548.0000054800001, 596.0000018625001, 644.0000128800003, 692.0000309237514, 740.0000127187502, 788.0000398925021, 836.0000428450022, 884.0000005525001, 932.0000393187518, 980.0000367500014, 1028.000071638755], "ampl": [1.481115339974354, 15.493606226577233, 30.41006986958605, 45.52921620606405, 61.53989146693614, 75.06022684069578, 88.95475647747391, 103.08166141417055, 117.78790714896738, 129.47546213933268, 143.85951407118338, 155.97200535007704, 169.99002173147656, 182.42264423666938, 195.97232419185346, 208.235128515901, 221.2944750266293, 233.5611645509522, 245.68636378574033, 257.495916572143, 268.45670599795875, 280.27698071911675]}, "2": {"freq": [20.0, 68.00000004249999, 116.00000061625, 164.00000102500002, 212.0000017225, 260.00000121875, 308.00000413875006, 356.00000178, 404.00000404, 452.00000113000004, 500.0, 548.0000054800001, 596.0000018625001, 644.0000128800003, 692.0000309237514, 740.0000127187502, 788.0000398925021, 836.0000428450022, 884.0000005525001, 932.0000393187518, 980.0000367500014, 1028.000071638755], "ampl": [1.136042883670435, 15.650121637832452, 30.537630075357292, 44.500697983328195, 59.998256798894175, 73.96925026845622, 87.92879553188087, 102.53532551262961, 116.92846007432856, 130.91238270616174, 144.1578090218212, 156.86556698455038, 171.59217296980327, 183.04171273286983, 196.86261143539681, 208.791548473214, 222.59564390020935, 234.32823846802532, 246.83686960116293, 258.0311283333707, 270.605039623089, 282.1812286674995]}, "3": {"freq": [20.0, 68.00000004249999, 116.00000061625, 164.00000102500002, 212.0000017225, 260.00000121875, 308.00000413875006, 356.00000178, 404.00000404, 452.00000113000004, 500.0, 548.0000054800001, 596.0000018625001, 644.0000128800003, 692.0000309237514, 740.0000127187502, 788.0000398925021, 836.0000428450022, 884.0000005525001, 932.0000393187518, 980.0000367500014, 1028.000071638755], "ampl": [1.1620725482354286, 14.841059854204431, 30.21991090395081, 46.05561132630321, 63.164355112300235, 78.705066218615, 94.29444358805635, 111.47043983306881, 126.46742218766074, 142.94887408985784, 159.43513290050922, 173.87761859588133, 188.33354834852764, 205.68222287545802, 220.288686665555, 235.1872897096618, 250.72004242906152, 264.6327557286709, 279.09646570459097, 292.45608454142575, 306.628793683581, 320.3811408148705]}, "4": {"freq": [20.0, 68.00000004249999, 116.00000061625, 164.00000102500002, 212.0000017225, 260.00000121875, 308.00000413875006, 356.00000178, 404.00000404, 452.00000113000004, 500.0, 548.0000054800001, 596.0000018625001, 644.0000128800003, 692.0000309237514, 740.0000127187502, 788.0000398925021, 836.0000428450022, 884.0000005525001, 932.0000393187518, 980.0000367500014, 1028.000071638755], "ampl": [822.1754206501403, 3969.050457168847, 7473.527144657763, 10588.955966175512, 13203.776519322044, 15339.631073570145, 17018.21593315509, 18356.443390967273, 19415.350756521453, 20245.56708719064, 20907.3509252935, 21430.382830999642, 21851.292655504018, 22188.841579295262, 22455.550239018183, 22667.745425719946, 22829.94835764374, 22969.9205078623, 23071.429801785627, 23141.553715735095, 23195.137842938733, 23239.29649325663]}, "5": {"freq": [20.0, 68.00000004249999, 116.00000061625, 164.00000102500002, 212.0000017225, 260.00000121875, 308.00000413875006, 356.00000178, 404.00000404, 452.00000113000004, 500.0, 548.0000054800001, 596.0000018625001, 644.0000128800003, 692.0000309237514, 740.0000127187502, 788.0000398925021, 836.0000428450022, 884.0000005525001, 932.0000393187518, 980.0000367500014, 1028.000071638755], "ampl": [800.458826723405, 3883.389233876167, 7333.208401349195, 10418.85579581119, 13025.415852978713, 15167.049060753223, 16855.08879811859, 18212.658189289246, 19287.525803266755, 20135.312475692903, 20815.016233343555, 21350.852317191697, 21783.720402762443, 22131.396406473465, 22409.052376678323, 22627.469092035237, 22799.74000301431, 22946.70608094893, 23052.262724682936, 23126.814683271274, 23185.67595245603, 23233.316257669492]}, "6": {"freq": [20.0, 68.00000004249999, 116.00000061625, 164.00000102500002, 212.0000017225, 260.00000121875, 308.00000413875006, 356.00000178, 404.00000404, 452.00000113000004, 500.0, 548.0000054800001, 596.0000018625001, 644.0000128800003, 692.0000309237514, 740.0000127187502, 788.0000398925021, 836.0000428450022, 884.0000005525001, 932.0000393187518, 980.0000367500014, 1028.000071638755], "ampl": [819.8696973856904, 3950.54141947825, 7427.315062239667, 10509.051893550552, 13087.24287758083, 15187.288722947545, 16833.38954528179, 18144.61239509332, 19176.67572488974, 19988.42094425613, 20633.195191281062, 21140.83838375996, 21553.201439698816, 21882.62108643243, 22142.388479795467, 22345.53781839294, 22503.939882303635, 22639.08292607161, 22738.076193354693, 22803.406094857648, 22855.44096625269, 22898.3207544474]}, "7": {"freq": [20.0, 68.00000004249999, 116.00000061625, 164.00000102500002, 212.0000017225, 260.00000121875, 308.00000413875006, 356.00000178, 404.00000404, 452.00000113000004, 500.0, 548.0000054800001, 596.0000018625001, 644.0000128800003, 692.0000309237514, 740.0000127187502, 788.0000398925021, 836.0000428450022, 884.0000005525001, 932.0000393187518, 980.0000367500014, 1028.000071638755], "ampl": [427.41002705740175, 2069.00334495542, 4011.617563896115, 5880.09330052384, 7580.072537669273, 9093.641726238102, 10383.941151820798, 11498.470200265374, 12440.595665354, 13230.005945385552, 13892.695991220882, 14445.020106435657, 14909.536429744649, 15299.669591076183, 15622.371418434122, 15894.131858764866, 16115.911778544256, 16311.67731348206, 16468.304307478138, 16593.173402122207, 16696.176336826866, 16786.799342965856]}, "wireSegments": null, "apaChannels": null, "measuredBy": null, "stage": null, "apaUuid": null, "layer": null, "headboardNum": null, "side": null}