{"0": {"freq": [20.0, 68.00000004249999, 116.00000061625, 164.00000102500002, 212.0000017225, 260.00000121875, 308.00000413875006, 356.00000178, 404.00000404, 452.00000113000004, 500.0, 548.0000054800001, 596.0000018625001, 644.0000128800003, 692.0000309237514, 740.0000127187502, 788.0000398925021, 836.0000428450022, 884.0000005525001, 932.0000393187518, 980.0000367500014, 1028.000071638755], "ampl": [1.972611609352162, 9.760916878487567, 18.44029756735586, 26.914390935783796, 35.67118279412057, 44.202060183012875, 51.52584001168391, 60.07596819286178, 66.9259171427694, 75.43313498905702, 82.9449604483434, 90.19964943643824, 97.25468673254055, 105.20247780769552, 112.54980970415146, 121.10757297043513, 126.51203256438811, 134.54265994547487, 140.8062548576247, 147.4491771654173, 152.80299665627035, 159.91198916968443]}, "1": {"freq": [20.0, 68.00000004249999, 116.00000061625, 164.00000102500002, 212.0000017225, 260.00000121875, 308.00000413875006, 356.00000178, 404.00000404, 452.00000113000004, 500.0, 548.0000054800001, 596.0000018625001, 644.0000128800003, 692.0000309237514, 740.0000127187502, 788.0000398925021, 836.0000428450022, 884.0000005525001, 932.0000393187518, 980.0000367500014, 1028.000071638755], "ampl": [1.4571067811865455, 14.744734161216627, 30.127214592491917, 45.487198246368266, 60.511064884683044, 75.53700206464599, 88.51592541107928, 103.58060819136776, 116.90305925811104, 130.15594039523626, 145.05584775247337, 157.76699872080297, 169.81597733085212, 183.35464210799145, 195.825909352525, 209.067144248453, 221.50647819358667, 233.24535717526456, 244.7377637965227, 256.6837611155445, 266.92553947621036, 278.9079429776613]}, "2": {"freq": [20.0, 68.00000004249999, 116.00000061625, 164.00000102500002, 212.0000017225, 260.00000121875, 308.00000413875006, 356.00000178, 404.00000404, 452.00000113000004, 500.0, 548.0000054800001, 596.0000018625001, 644.0000128800003, 692.0000309237514, 740.0000127187502, 788.0000398925021, 836.0000428450022, 884.0000005525001, 932.0000393187518, 980.0000367500014, 1028.000071638755], "ampl": [2.035265829298806, 14.775058642997854, 30.182046533487423, 45.02052553620301, 59.42161213554272, 73.04790002666215, 88.01499479083563, 101.71580393130995, 116.13981891767881, 130.37590625102652, 143.60870315154853, 157.36284101290218, 171.70094467272727, 184.27836480032255, 196.34207994353193, 208.81445192741592, 222.20930437492754, 234.04354458422722, 245.5303198167154, 257.1910908904655, 269.46044875369836, 281.8127167721856]}, "3": {"freq": [20.0, 68.00000004249999, 116.00000061625, 164.00000102500002, 212.0000017225, 260.00000121875, 308.00000413875006, 356.00000178, 404.00000404, 452.00000113000004, 500.0, 548.0000054800001, 596.0000018625001, 644.0000128800003, 692.0000309237514, 740.0000127187502, 788.0000398925021, 836.0000428450022, 884.0000005525001, 932.0000393187518, 980.0000367500014, 1028.000071638755], "ampl": [0.7089998774159546, 15.753348326224412, 33.20608531264496, 48.821083165036974, 65.50663971159227, 83.17097981019613, 98.07820040625899, 114.98929671211111, 131.75241941529995, 146.93874924019732, 163.53018236818087, 179.37524708639836, 195.87705355323172, 212.23998131689493, 226.7817004035971, 243.16229026791967, 258.9501030101614, 275.1735003198561, 288.92006980641065, 302.223329375773, 318.09834543944845, 331.2025306136013]}, "4": {"freq": [20.0, 68.00000004249999, 116.00000061625, 164.00000102500002, 212.0000017225, 260.00000121875, 308.00000413875006, 356.00000178, 404.00000404, 452.00000113000004, 500.0, 548.0000054800001, 596.0000018625001, 644.0000128800003, 692.0000309237514, 740.0000127187502, 788.0000398925021, 836.0000428450022, 884.0000005525001, 932.0000393187518, 980.0000367500014, 1028.000071638755], "ampl": [440.377182319318, 2111.8708639330293, 4067.88805067437, 5930.726025610104, 7615.936809322231, 9094.53695235421, 10362.621410888234, 11445.446225888292, 12330.900884991035, 13079.755045765443, 13710.042300393483, 14226.09650740619, 14659.448155997245, 15023.630435456686, 15317.427203469568, 15568.960693961119, 15771.116058629348, 15947.677806378751, 16078.467851779189, 16194.944346123497, 16290.732441041951, 16358.364746723793]}, "5": {"freq": [20.0, 68.00000004249999, 116.00000061625, 164.00000102500002, 212.0000017225, 260.00000121875, 308.00000413875006, 356.00000178, 404.00000404, 452.00000113000004, 500.0, 548.0000054800001, 596.0000018625001, 644.0000128800003, 692.0000309237514, 740.0000127187502, 788.0000398925021, 836.0000428450022, 884.0000005525001, 932.0000393187518, 980.0000367500014, 1028.000071638755], "ampl": [806.3037443248759, 3902.1728913769343, 7348.401235339087, 10412.833843861945, 12980.98241689706, 15071.513783472255, 16735.521009327877, 18070.699892261797, 19088.271361088344, 19909.47652578486, 20568.940735791326, 21086.777591010246, 21505.419986518296, 21844.243446725934, 22104.051136385395, 22319.04805502494, 22483.343320361626, 22624.195330530525, 22714.606999881908, 22792.767084467254, 22853.737851708076, 22881.56334475831]}, "6": {"freq": [20.0, 68.00000004249999, 116.00000061625, 164.00000102500002, 212.0000017225, 260.00000121875, 308.00000413875006, 356.00000178, 404.00000404, 452.00000113000004, 500.0, 548.0000054800001, 596.0000018625001, 644.0000128800003, 692.0000309237514, 740.0000127187502, 788.0000398925021, 836.0000428450022, 884.0000005525001, 932.0000393187518, 980.0000367500014, 1028.000071638755], "ampl": [807.6441600072609, 3901.281113090125, 7348.434418011093, 10417.74372217214, 12991.938874601776, 15087.003958613364, 16758.10557196926, 18093.961820508626, 19115.563675399353, 19937.8238484139, 20597.53504966394, 21115.8141472759, 21531.37396724262, 21868.860779997816, 22126.914521694118, 22340.516037259935, 22504.97629323391, 22642.005745063325, 22732.10223130235, 22808.90025144501, 22868.00684505257, 22897.836498287394]}, "7": {"freq": [20.0, 68.00000004249999, 116.00000061625, 164.00000102500002, 212.0000017225, 260.00000121875, 308.00000413875006, 356.00000178, 404.00000404, 452.00000113000004, 500.0, 548.0000054800001, 596.0000018625001, 644.0000128800003, 692.0000309237514, 740.0000127187502, 788.0000398925021, 836.0000428450022, 884.0000005525001, 932.0000393187518, 980.0000367500014, 1028.000071638755], "ampl": [815.496101093749, 3942.3448750692264, 7417.709881978663, 10499.96830357054, 13076.043495886863, 15165.38391107336, 16822.31387976627, 18151.474442575884, 19152.22600083463, 19960.18416897729, 20609.152780490334, 21116.84824632543, 21522.948129660253, 21855.180632260526, 22105.76233641571, 22312.138463764357, 22471.478207080392, 22603.413282631554, 22689.237461931276, 22764.30480022413, 22820.328283284463, 22846.653791365174]}, "wireSegments": null, "apaChannels": null, "measuredBy": null, "stage": null, "apaUuid": null, "layer": null, "headboardNum": null, "side": null}