{"0": {"freq": [20.0, 68.00000004249999, 116.00000061625, 164.00000102500002, 212.0000017225, 260.00000121875, 308.00000413875006, 356.00000178, 404.00000404, 452.00000113000004, 500.0, 548.0000054800001, 596.0000018625001, 644.0000128800003, 692.0000309237514, 740.0000127187502, 788.0000398925021, 836.0000428450022, 884.0000005525001, 932.0000393187518, 980.0000367500014, 1028.000071638755], "ampl": [297.8548660561156, 1490.8781406491057, 2921.4434884273364, 4333.970486367787, 5664.4126421517685, 6885.874359017577, 7985.63273257084, 8959.77838477214, 9813.343119945686, 10558.73526792428, 11203.919290414467, 11758.282702165812, 12237.111594368133, 12652.297291703579, 13001.785779688387, 13302.885267206515, 13565.109290391696, 13780.104954799519, 13969.719975582939, 14126.718400363181, 14261.588569729405, 14373.078137688142]}, "1": {"freq": [20.0, 68.00000004249999, 116.00000061625, 164.00000102500002, 212.0000017225, 260.00000121875, 308.00000413875006, 356.00000178, 404.00000404, 452.00000113000004, 500.0, 548.0000054800001, 596.0000018625001, 644.0000128800003, 692.0000309237514, 740.0000127187502, 788.0000398925021, 836.0000428450022, 884.0000005525001, 932.0000393187518, 980.0000367500014, 1028.000071638755], "ampl": [673.6180413371915, 3258.1133817416767, 6165.051003994355, 8832.80820196915, 11146.217157049456, 13101.720553516792, 14718.173006715817, 16036.994293350152, 17113.706143423235, 17987.872566955393, 18699.59113478182, 19277.117891361388, 19750.642266967832, 20140.74084617293, 20453.08450283585, 20709.15082562916, 20922.865630948956, 21089.09971969888, 21224.92999325371, 21331.93161089355, 21417.88606025315, 21480.4849888519]}, "2": {"freq": [20.0, 68.00000004249999, 116.00000061625, 164.00000102500002, 212.0000017225, 260.00000121875, 308.00000413875006, 356.00000178, 404.00000404, 452.00000113000004, 500.0, 548.0000054800001, 596.0000018625001, 644.0000128800003, 692.0000309237514, 740.0000127187502, 788.0000398925021, 836.0000428450022, 884.0000005525001, 932.0000393187518, 980.0000367500014, 1028.000071638755], "ampl": [674.5943472875583, 3323.9663345823897, 6293.733361423594, 9019.02658352649, 11388.91401298581, 13392.4659750845, 15051.51389928357, 16405.49467986992, 17509.650251043044, 18408.14635895518, 19137.38956329181, 19730.155125095134, 20211.995203591418, 20610.085311681818, 20932.21773511937, 21189.777021092264, 21408.351944645754, 21576.882466832154, 21714.22675504573, 21823.02791711258, 21908.50351351857, 21970.701648453032]}, "3": {"freq": [20.0, 68.00000004249999, 116.00000061625, 164.00000102500002, 212.0000017225, 260.00000121875, 308.00000413875006, 356.00000178, 404.00000404, 452.00000113000004, 500.0, 548.0000054800001, 596.0000018625001, 644.0000128800003, 692.0000309237514, 740.0000127187502, 788.0000398925021, 836.0000428450022, 884.0000005525001, 932.0000393187518, 980.0000367500014, 1028.000071638755], "ampl": [684.9782817303792, 3315.2615174501025, 6280.435973627421, 8999.210874132734, 11357.013897994464, 13347.935975965676, 14990.76254815505, 16326.639960398436, 17416.410761258572, 18298.119476904227, 19016.49532091857, 19596.627489954506, 20069.425015420034, 20459.620206081636, 20771.69365620759, 21025.89773462563, 21237.10423498771, 21402.813562442363, 21534.0131520216, 21640.446791589264, 21722.413306183258, 21782.25660612442]}, "4": {"freq": [20.0, 68.00000004249999, 116.00000061625, 164.00000102500002, 212.0000017225, 260.00000121875, 308.00000413875006, 356.00000178, 404.00000404, 452.00000113000004, 500.0, 548.0000054800001, 596.0000018625001, 644.0000128800003, 692.0000309237514, 740.0000127187502, 788.0000398925021, 836.0000428450022, 884.0000005525001, 932.0000393187518, 980.0000367500014, 1028.000071638755], "ampl": [317.14983185537915, 1583.9451313738848, 3084.967514541602, 4559.194883810513, 5936.07099747414, 7193.333453189913, 8316.610795395625, 9305.37931671453, 10168.91268277425, 10917.74559592494, 11560.321726171307, 12112.691093147989, 12588.046568979937, 12992.96516252736, 13336.940494117503, 13631.337376624688, 13885.96716047396, 14095.628545262694, 14277.297921666821, 14430.781804411228, 14558.651499962087, 14664.228022043502]}, "5": {"freq": [20.0, 68.00000004249999, 116.00000061625, 164.00000102500002, 212.0000017225, 260.00000121875, 308.00000413875006, 356.00000178, 404.00000404, 452.00000113000004, 500.0, 548.0000054800001, 596.0000018625001, 644.0000128800003, 692.0000309237514, 740.0000127187502, 788.0000398925021, 836.0000428450022, 884.0000005525001, 932.0000393187518, 980.0000367500014, 1028.000071638755], "ampl": [559.0740190543219, 2758.1061300036986, 5256.564101672114, 7591.414368745987, 9663.584729542335, 11457.884246177833, 12978.470647063541, 14246.89272542565, 15301.257107421194, 16174.945121650911, 16902.664750262655, 17496.78189809952, 17990.60982053154, 18404.620749111433, 18741.91477085378, 19022.626860065466, 19256.920070508884, 19446.358184195225, 19602.45153561645, 19729.150162177957, 19830.348377338756, 19910.83889718128]}, "6": {"freq": [20.0, 68.00000004249999, 116.00000061625, 164.00000102500002, 212.0000017225, 260.00000121875, 308.00000413875006, 356.00000178, 404.00000404, 452.00000113000004, 500.0, 548.0000054800001, 596.0000018625001, 644.0000128800003, 692.0000309237514, 740.0000127187502, 788.0000398925021, 836.0000428450022, 884.0000005525001, 932.0000393187518, 980.0000367500014, 1028.000071638755], "ampl": [582.4701542633817, 2861.580248476907, 5440.481098865237, 7845.496684422778, 9977.359030454763, 11815.539962913905, 13371.076829802581, 14662.1295467263, 15734.267153100529, 16619.1926801014, 17347.92658206897, 17944.475646071856, 18441.058602622023, 18852.166521504274, 19184.877359985632, 19463.437361211923, 19695.239682248506, 19877.688382960856, 20029.513283836295, 20150.44795019133, 20250.653264986297, 20324.874931592418]}, "7": {"freq": [20.0, 68.00000004249999, 116.00000061625, 164.00000102500002, 212.0000017225, 260.00000121875, 308.00000413875006, 356.00000178, 404.00000404, 452.00000113000004, 500.0, 548.0000054800001, 596.0000018625001, 644.0000128800003, 692.0000309237514, 740.0000127187502, 788.0000398925021, 836.0000428450022, 884.0000005525001, 932.0000393187518, 980.0000367500014, 1028.000071638755], "ampl": [578.8378275779447, 2850.9646541962215, 5423.102339654892, 7815.51337198691, 9931.61809956786, 11749.634641948836, 13282.840207707337, 14551.975192053242, 15602.36833521452, 16469.75673040476, 17181.382138997982, 17762.216761545318, 18244.92585039272, 18643.86965645887, 18968.833417942198, 19238.12766587257, 19461.74137708656, 19637.96969772351, 19784.453850718462, 19900.516524036426, 19997.520171406824, 20067.277131012146]}, "wireSegments": null, "apaChannels": null, "measuredBy": null, "stage": null, "apaUuid": null, "layer": null, "headboardNum": null, "side": null}