{"0": {"freq": [20.0, 68.00000004249999, 116.00000061625, 164.00000102500002, 212.0000017225, 260.00000121875, 308.00000413875006, 356.00000178, 404.00000404, 452.00000113000004, 500.0, 548.0000054800001, 596.0000018625001, 644.0000128800003, 692.0000309237514, 740.0000127187502, 788.0000398925021, 836.0000428450022, 884.0000005525001, 932.0000393187518, 980.0000367500014, 1028.000071638755], "ampl": [541.2861727607046, 2800.2278238067925, 5346.509862414477, 7731.729467448836, 9867.715220433978, 11724.804404893854, 13307.369086810048, 14632.281170359125, 15759.99746797051, 16679.226870158687, 17430.91987607475, 18063.273760189768, 18592.088254092076, 19026.16757228711, 19387.022230117494, 19689.502089458532, 19934.497693152094, 20140.77942321997, 20307.34597605462, 20444.31732537148, 20549.120131161526, 20636.409526310035]}, "1": {"freq": [20.0, 68.00000004249999, 116.00000061625, 164.00000102500002, 212.0000017225, 260.00000121875, 308.00000413875006, 356.00000178, 404.00000404, 452.00000113000004, 500.0, 548.0000054800001, 596.0000018625001, 644.0000128800003, 692.0000309237514, 740.0000127187502, 788.0000398925021, 836.0000428450022, 884.0000005525001, 932.0000393187518, 980.0000367500014, 1028.000071638755], "ampl": [535.5142051912093, 2735.9273449955945, 5226.196671953738, 7563.652989489307, 9661.02786819169, 11487.35499963009, 13049.505902819195, 14358.761507841837, 15477.120108432224, 16388.354252123383, 17134.784993087582, 17766.04833186309, 18293.443996097358, 18726.37160856337, 19089.078912614823, 19392.613108490274, 19639.372320358045, 19846.244929887987, 20014.995515428316, 20152.18505113338, 20258.25244135841, 20348.76800148577]}, "2": {"freq": [20.0, 68.00000004249999, 116.00000061625, 164.00000102500002, 212.0000017225, 260.00000121875, 308.00000413875006, 356.00000178, 404.00000404, 452.00000113000004, 500.0, 548.0000054800001, 596.0000018625001, 644.0000128800003, 692.0000309237514, 740.0000127187502, 788.0000398925021, 836.0000428450022, 884.0000005525001, 932.0000393187518, 980.0000367500014, 1028.000071638755], "ampl": [546.5177577744539, 2825.668981947759, 5393.044324292967, 7795.011014665192, 9943.5785766757, 11807.291427186183, 13393.975330041178, 14719.856524733692, 15847.711284213774, 16765.085092213216, 17514.938002369785, 18146.544950246313, 18669.004067822098, 19104.123049033005, 19462.93335614152, 19765.138356611747, 20009.919229050614, 20214.75817412563, 20381.927196790293, 20515.195396603365, 20621.78288249906, 20708.320471143932]}, "3": {"freq": [20.0, 68.00000004249999, 116.00000061625, 164.00000102500002, 212.0000017225, 260.00000121875, 308.00000413875006, 356.00000178, 404.00000404, 452.00000113000004, 500.0, 548.0000054800001, 596.0000018625001, 644.0000128800003, 692.0000309237514, 740.0000127187502, 788.0000398925021, 836.0000428450022, 884.0000005525001, 932.0000393187518, 980.0000367500014, 1028.000071638755], "ampl": [287.40811999848637, 1423.3090149007476, 2770.512664899364, 4096.784672215432, 5348.65466972419, 6498.892624632769, 7539.696853747268, 8463.702530689527, 9292.390020607747, 10007.109712142295, 10620.39661554641, 11159.843968526098, 11627.253866959933, 12026.087007097645, 12372.560115704728, 12673.874637402365, 12926.141475189599, 13144.894857087544, 13332.597574107815, 13493.19227629594, 13624.273834346606, 13740.801125540469]}, "4": {"freq": [20.0, 68.00000004249999, 116.00000061625, 164.00000102500002, 212.0000017225, 260.00000121875, 308.00000413875006, 356.00000178, 404.00000404, 452.00000113000004, 500.0, 548.0000054800001, 596.0000018625001, 644.0000128800003, 692.0000309237514, 740.0000127187502, 788.0000398925021, 836.0000428450022, 884.0000005525001, 932.0000393187518, 980.0000367500014, 1028.000071638755], "ampl": [657.8397410831792, 3342.0529323809988, 6317.322843303042, 9036.412907014714, 11401.663404628081, 13396.639021281335, 15043.948391298569, 16383.237871782245, 17495.40885261528, 18377.402725428008, 19086.88951499346, 19672.065634638184, 20149.678584119134, 20535.117570236842, 20849.835455335382, 21112.177687786265, 21319.05486209336, 21489.721869788173, 21622.699298723724, 21727.93118907657, 21805.41095156035, 21870.76621509823]}, "5": {"freq": [20.0, 68.00000004249999, 116.00000061625, 164.00000102500002, 212.0000017225, 260.00000121875, 308.00000413875006, 356.00000178, 404.00000404, 452.00000113000004, 500.0, 548.0000054800001, 596.0000018625001, 644.0000128800003, 692.0000309237514, 740.0000127187502, 788.0000398925021, 836.0000428450022, 884.0000005525001, 932.0000393187518, 980.0000367500014, 1028.000071638755], "ampl": [667.4713237844363, 3277.751046882442, 6215.013182512527, 8912.844974152622, 11268.308224306591, 13261.541651627565, 14917.032489256126, 16264.978039253287, 17391.619834829064, 18285.855756500074, 19005.029414168213, 19602.66097021622, 20091.936163479222, 20487.09067253719, 20812.532345972184, 21082.833828293406, 21295.816555360037, 21473.761330554582, 21613.18825169495, 21724.67739273556, 21804.657343230705, 21872.830353379642]}, "6": {"freq": [20.0, 68.00000004249999, 116.00000061625, 164.00000102500002, 212.0000017225, 260.00000121875, 308.00000413875006, 356.00000178, 404.00000404, 452.00000113000004, 500.0, 548.0000054800001, 596.0000018625001, 644.0000128800003, 692.0000309237514, 740.0000127187502, 788.0000398925021, 836.0000428450022, 884.0000005525001, 932.0000393187518, 980.0000367500014, 1028.000071638755], "ampl": [661.1505864213844, 3314.7336286915424, 6273.364343482251, 8968.489671734422, 11307.521429522047, 13271.77905007798, 14891.107056633704, 16201.639382677044, 17287.629775205656, 18150.57725325215, 18838.362325551083, 19406.42264489243, 19871.49044421873, 20243.67726802483, 20551.43038954267, 20802.266962830454, 21001.29228152102, 21167.132811301075, 21294.219489327985, 21395.16543048723, 21468.55459762029, 21530.424570860785]}, "7": {"freq": [20.0, 68.00000004249999, 116.00000061625, 164.00000102500002, 212.0000017225, 260.00000121875, 308.00000413875006, 356.00000178, 404.00000404, 452.00000113000004, 500.0, 548.0000054800001, 596.0000018625001, 644.0000128800003, 692.0000309237514, 740.0000127187502, 788.0000398925021, 836.0000428450022, 884.0000005525001, 932.0000393187518, 980.0000367500014, 1028.000071638755], "ampl": [415.9968623761506, 1975.0310606155997, 3802.8855451945988, 5560.796047351093, 7171.139952829178, 8603.108623552067, 9855.301046470278, 10932.22891627879, 11866.231922238992, 12644.079109523296, 13293.40891107709, 13848.307037944562, 14320.474143073685, 14710.63033584926, 15043.773414778156, 15324.097850802023, 15556.860030261954, 15753.554520456413, 15919.082529870762, 16054.287120471425, 16158.266899358807, 16252.607817378283]}, "wireSegments": null, "apaChannels": null, "measuredBy": null, "stage": null, "apaUuid": null, "layer": null, "headboardNum": null, "side": null}