{"0": {"freq": [20.0, 68.00000004249999, 116.00000061625, 164.00000102500002, 212.0000017225, 260.00000121875, 308.00000413875006, 356.00000178, 404.00000404, 452.00000113000004, 500.0, 548.0000054800001, 596.0000018625001, 644.0000128800003, 692.0000309237514, 740.0000127187502, 788.0000398925021, 836.0000428450022, 884.0000005525001, 932.0000393187518, 980.0000367500014, 1028.000071638755], "ampl": [307.4657705762092, 1506.7353770405218, 2936.0598721883994, 4347.149782108835, 5670.949227727155, 6885.036226664867, 7979.329214009078, 8942.079015702317, 9791.172469460118, 10527.80803237896, 11167.041119370142, 11718.817301181061, 12191.369532931709, 12600.267973603772, 12948.620382357612, 13244.951184758547, 13499.419007911947, 13715.262379585063, 13905.2232138157, 14070.427002273786, 14190.591556670292, 14304.003276527263]}, "1": {"freq": [20.0, 68.00000004249999, 116.00000061625, 164.00000102500002, 212.0000017225, 260.00000121875, 308.00000413875006, 356.00000178, 404.00000404, 452.00000113000004, 500.0, 548.0000054800001, 596.0000018625001, 644.0000128800003, 692.0000309237514, 740.0000127187502, 788.0000398925021, 836.0000428450022, 884.0000005525001, 932.0000393187518, 980.0000367500014, 1028.000071638755], "ampl": [524.8077300805437, 2687.477548835746, 5131.643241243903, 7422.8622981183335, 9464.606824815934, 11234.064484924778, 12748.537407480635, 14004.163941703067, 15061.116463101363, 15931.678489593158, 16657.716775520206, 17261.50840257957, 17757.599146812743, 18172.56133840239, 18516.58310005578, 18797.975896035776, 19036.041584852515, 19228.944567030896, 19393.85103363973, 19537.284274108413, 19622.012012449526, 19706.534069075376]}, "2": {"freq": [20.0, 68.00000004249999, 116.00000061625, 164.00000102500002, 212.0000017225, 260.00000121875, 308.00000413875006, 356.00000178, 404.00000404, 452.00000113000004, 500.0, 548.0000054800001, 596.0000018625001, 644.0000128800003, 692.0000309237514, 740.0000127187502, 788.0000398925021, 836.0000428450022, 884.0000005525001, 932.0000393187518, 980.0000367500014, 1028.000071638755], "ampl": [550.6878782728473, 2803.532403076393, 5349.566878633695, 7736.711307668882, 9865.57593225325, 11714.652999971371, 13296.116338873248, 14609.900805321524, 15712.781180454767, 16621.693942649053, 17378.301809276392, 18006.327939103645, 18525.656832827506, 18956.65853468182, 19314.581330017965, 19604.88145964816, 19851.224068477008, 20050.063772719834, 20221.360468299456, 20367.123054184627, 20454.81912038521, 20542.48568854705]}, "3": {"freq": [20.0, 68.00000004249999, 116.00000061625, 164.00000102500002, 212.0000017225, 260.00000121875, 308.00000413875006, 356.00000178, 404.00000404, 452.00000113000004, 500.0, 548.0000054800001, 596.0000018625001, 644.0000128800003, 692.0000309237514, 740.0000127187502, 788.0000398925021, 836.0000428450022, 884.0000005525001, 932.0000393187518, 980.0000367500014, 1028.000071638755], "ampl": [544.3751059936541, 2798.6112254841605, 5343.637169641735, 7725.586588334739, 9843.953039533468, 11676.439747640436, 13238.075906837807, 14531.27340934438, 15614.259197785297, 16504.543897404696, 17244.059291223075, 17857.67284559343, 18360.52558650548, 18779.10364442721, 19125.488001052316, 19404.49866396541, 19641.4496246403, 19833.978945396288, 19996.96454860012, 20136.781110545544, 20219.005550691596, 20299.766177955633]}, "4": {"freq": [20.0, 68.00000004249999, 116.00000061625, 164.00000102500002, 212.0000017225, 260.00000121875, 308.00000413875006, 356.00000178, 404.00000404, 452.00000113000004, 500.0, 548.0000054800001, 596.0000018625001, 644.0000128800003, 692.0000309237514, 740.0000127187502, 788.0000398925021, 836.0000428450022, 884.0000005525001, 932.0000393187518, 980.0000367500014, 1028.000071638755], "ampl": [431.75311480206324, 2043.0871668512752, 3936.0714945450336, 5760.125062994039, 7422.471463660079, 8898.510572894082, 10188.140595308278, 11282.811571707245, 12220.545644269618, 13008.292969831016, 13674.533959008737, 14234.837647161476, 14703.286970200475, 15097.378515784432, 15426.874818886725, 15700.825758006287, 15935.55031018811, 16124.649170018227, 16292.789110169431, 16436.847714833253, 16530.364041364177, 16621.087561142373]}, "5": {"freq": [20.0, 68.00000004249999, 116.00000061625, 164.00000102500002, 212.0000017225, 260.00000121875, 308.00000413875006, 356.00000178, 404.00000404, 452.00000113000004, 500.0, 548.0000054800001, 596.0000018625001, 644.0000128800003, 692.0000309237514, 740.0000127187502, 788.0000398925021, 836.0000428450022, 884.0000005525001, 932.0000393187518, 980.0000367500014, 1028.000071638755], "ampl": [642.5026895073842, 3290.5827436781055, 6229.274307188118, 8918.511929164673, 11248.320476065024, 13213.91789782108, 14847.307511122804, 16160.3598503355, 17238.997435894606, 18110.08538132908, 18818.87240867352, 19396.44553671256, 19864.178747184018, 20247.764341915074, 20561.23948683229, 20811.161235602893, 21021.279021835468, 21168.683173033347, 21322.250962572023, 21441.782503107486, 21499.70117566211, 21563.700498017504]}, "6": {"freq": [20.0, 68.00000004249999, 116.00000061625, 164.00000102500002, 212.0000017225, 260.00000121875, 308.00000413875006, 356.00000178, 404.00000404, 452.00000113000004, 500.0, 548.0000054800001, 596.0000018625001, 644.0000128800003, 692.0000309237514, 740.0000127187502, 788.0000398925021, 836.0000428450022, 884.0000005525001, 932.0000393187518, 980.0000367500014, 1028.000071638755], "ampl": [667.812892977714, 3291.807920891461, 6230.881062327524, 8915.246508784176, 11239.187136181363, 13192.658717264578, 14809.58717280773, 16111.502735651186, 17175.253219882557, 18029.028318066394, 18726.470752347843, 19291.929457231137, 19747.93527852418, 20120.777472654572, 20427.66483959503, 20666.690837564405, 20868.75964460198, 21027.558585202107, 21161.26019786628, 21273.35623859274, 21329.003525098466, 21389.011191101763]}, "7": {"freq": [20.0, 68.00000004249999, 116.00000061625, 164.00000102500002, 212.0000017225, 260.00000121875, 308.00000413875006, 356.00000178, 404.00000404, 452.00000113000004, 500.0, 548.0000054800001, 596.0000018625001, 644.0000128800003, 692.0000309237514, 740.0000127187502, 788.0000398925021, 836.0000428450022, 884.0000005525001, 932.0000393187518, 980.0000367500014, 1028.000071638755], "ampl": [663.7323531092843, 3313.6864941467998, 6268.711996585629, 8961.55799316126, 11293.082319007752, 13253.033010460595, 14874.376274989036, 16179.82821130141, 17246.18104749646, 18102.601829208554, 18800.267026149657, 19368.316501038684, 19822.99840021965, 20200.399453641407, 20503.531534999267, 20745.31038774678, 20947.91706137106, 21107.255026521245, 21238.815544278958, 21352.574677800778, 21408.38692615914, 21468.746748212077]}, "wireSegments": null, "apaChannels": null, "measuredBy": null, "stage": null, "apaUuid": null, "layer": null, "headboardNum": null, "side": null}