{"0": {"freq": [20.0, 68.00000004249999, 116.00000061625, 164.00000102500002, 212.0000017225, 260.00000121875, 308.00000413875006, 356.00000178, 404.00000404, 452.00000113000004, 500.0, 548.0000054800001, 596.0000018625001, 644.0000128800003, 692.0000309237514, 740.0000127187502, 788.0000398925021, 836.0000428450022, 884.0000005525001, 932.0000393187518, 980.0000367500014, 1028.000071638755], "ampl": [788.6765798088459, 3945.18440552104, 7445.831713948116, 10564.217591352188, 13189.298023539655, 15318.223719286614, 17021.131361416108, 18367.67304356454, 19432.681817824592, 20273.195112086105, 20939.41248217948, 21477.75175609081, 21892.661127342973, 22235.138785115843, 22505.008041961668, 22723.64918006318, 22887.99546519498, 23019.10143686221, 23122.700616234302, 23207.4584175081, 23255.169431601753, 23291.241992644285]}, "1": {"freq": [20.0, 68.00000004249999, 116.00000061625, 164.00000102500002, 212.0000017225, 260.00000121875, 308.00000413875006, 356.00000178, 404.00000404, 452.00000113000004, 500.0, 548.0000054800001, 596.0000018625001, 644.0000128800003, 692.0000309237514, 740.0000127187502, 788.0000398925021, 836.0000428450022, 884.0000005525001, 932.0000393187518, 980.0000367500014, 1028.000071638755], "ampl": [779.5302975974998, 3882.5854647350184, 7334.357060591969, 10413.94673584253, 13013.461886200883, 15126.781399357102, 16817.663095380347, 18161.377807698504, 19222.04149451594, 20066.340189138067, 20732.543887194915, 21277.19978448622, 21693.879296222138, 22038.80866022977, 22310.70919374253, 22532.20422489085, 22701.903793681744, 22835.55934509957, 22940.832327170145, 23026.75224650046, 23078.660361336206, 23115.107652856168]}, "2": {"freq": [20.0, 68.00000004249999, 116.00000061625, 164.00000102500002, 212.0000017225, 260.00000121875, 308.00000413875006, 356.00000178, 404.00000404, 452.00000113000004, 500.0, 548.0000054800001, 596.0000018625001, 644.0000128800003, 692.0000309237514, 740.0000127187502, 788.0000398925021, 836.0000428450022, 884.0000005525001, 932.0000393187518, 980.0000367500014, 1028.000071638755], "ampl": [787.2003756502978, 3939.191817196864, 7436.948893993713, 10552.666374751238, 13179.265373838778, 15311.67113558711, 17019.80892494775, 18372.817873382406, 19442.953718396686, 20294.20850121485, 20965.19353093967, 21511.94299728711, 21931.817148384718, 22276.91509209319, 22552.47397769854, 22775.4500800247, 22945.26410864655, 23081.52394476393, 23185.494175539676, 23272.540783742614, 23324.912546313437, 23358.69947847642]}, "3": {"freq": [20.0, 68.00000004249999, 116.00000061625, 164.00000102500002, 212.0000017225, 260.00000121875, 308.00000413875006, 356.00000178, 404.00000404, 452.00000113000004, 500.0, 548.0000054800001, 596.0000018625001, 644.0000128800003, 692.0000309237514, 740.0000127187502, 788.0000398925021, 836.0000428450022, 884.0000005525001, 932.0000393187518, 980.0000367500014, 1028.000071638755], "ampl": [427.44672061902696, 2051.4360610202184, 3983.852380291555, 5840.879545265855, 7534.226922543124, 9027.666949811786, 10323.251327388087, 11429.08197442835, 12361.744735383045, 13147.648396638437, 13806.583915801468, 14359.988627420566, 14819.25457786618, 15203.552968609116, 15525.48665236332, 15798.148693657748, 16020.281270665788, 16204.99400722892, 16361.493972244572, 16494.070022124957, 16594.84037175669, 16675.218680073103]}, "4": {"freq": [20.0, 68.00000004249999, 116.00000061625, 164.00000102500002, 212.0000017225, 260.00000121875, 308.00000413875006, 356.00000178, 404.00000404, 452.00000113000004, 500.0, 548.0000054800001, 596.0000018625001, 644.0000128800003, 692.0000309237514, 740.0000127187502, 788.0000398925021, 836.0000428450022, 884.0000005525001, 932.0000393187518, 980.0000367500014, 1028.000071638755], "ampl": [1.4880286776819796, 16.622546322422316, 31.710540870789742, 47.73513492792651, 64.05062059597769, 80.88978560123493, 97.37209177622353, 113.63926181333753, 128.9853978274978, 145.36789584561166, 161.86368053194917, 177.2740396895082, 192.74992042798308, 209.12789496067487, 224.97125691934167, 240.18920674685256, 253.6217959796012, 269.60332075284776, 284.14214353231597, 297.8208199680972, 311.816274989095, 325.2263135539005]}, "5": {"freq": [20.0, 68.00000004249999, 116.00000061625, 164.00000102500002, 212.0000017225, 260.00000121875, 308.00000413875006, 356.00000178, 404.00000404, 452.00000113000004, 500.0, 548.0000054800001, 596.0000018625001, 644.0000128800003, 692.0000309237514, 740.0000127187502, 788.0000398925021, 836.0000428450022, 884.0000005525001, 932.0000393187518, 980.0000367500014, 1028.000071638755], "ampl": [2.113968212697605, 14.465672993403315, 30.422820156069942, 44.312313508959896, 58.17610136728977, 74.37715711374096, 88.40902221122568, 103.20594133923817, 117.36070732888537, 132.422940284709, 146.8768485252122, 160.62251965148226, 172.1439881596177, 187.00010853790212, 199.7922918802446, 212.8849255155678, 225.9431950100173, 239.05778717861313, 250.74953740017105, 261.95512709207134, 275.2773040477238, 286.29967877763767]}, "6": {"freq": [20.0, 68.00000004249999, 116.00000061625, 164.00000102500002, 212.0000017225, 260.00000121875, 308.00000413875006, 356.00000178, 404.00000404, 452.00000113000004, 500.0, 548.0000054800001, 596.0000018625001, 644.0000128800003, 692.0000309237514, 740.0000127187502, 788.0000398925021, 836.0000428450022, 884.0000005525001, 932.0000393187518, 980.0000367500014, 1028.000071638755], "ampl": [1.233810199083469, 15.334501424721502, 32.02084795450907, 46.36526578873812, 60.188548918838315, 75.97484805403323, 90.54531413162276, 105.14425678511104, 119.14636503522857, 133.3521580253251, 147.96801796490016, 162.14459397337487, 175.59037255709927, 189.08415607366928, 203.81402512259066, 217.16750806223277, 228.1090838445586, 241.02705428474536, 254.67746113444207, 266.4090021152454, 277.39365931286505, 288.8061263979052]}, "7": {"freq": [20.0, 68.00000004249999, 116.00000061625, 164.00000102500002, 212.0000017225, 260.00000121875, 308.00000413875006, 356.00000178, 404.00000404, 452.00000113000004, 500.0, 548.0000054800001, 596.0000018625001, 644.0000128800003, 692.0000309237514, 740.0000127187502, 788.0000398925021, 836.0000428450022, 884.0000005525001, 932.0000393187518, 980.0000367500014, 1028.000071638755], "ampl": [2.1243953911925257, 18.816486500137366, 37.20561786641632, 56.87427073378206, 74.52782856378103, 93.42689400804431, 111.25075477447024, 130.1497835130136, 146.8905502058262, 165.13333079824451, 182.74905847405856, 200.08364092117927, 217.22345559122948, 233.67880113504518, 249.06491201277387, 266.2721043967696, 280.8304434100146, 296.58630000123713, 312.5663845312973, 327.5388131705188, 341.34826450016396, 355.4075510221765]}, "wireSegments": null, "apaChannels": null, "measuredBy": null, "stage": null, "apaUuid": null, "layer": null, "headboardNum": null, "side": null}