{"0": {"freq": [20.0, 68.00000004249999, 116.00000061625, 164.00000102500002, 212.0000017225, 260.00000121875, 308.00000413875006, 356.00000178, 404.00000404, 452.00000113000004, 500.0, 548.0000054800001, 596.0000018625001, 644.0000128800003, 692.0000309237514, 740.0000127187502, 788.0000398925021, 836.0000428450022, 884.0000005525001, 932.0000393187518, 980.0000367500014, 1028.000071638755], "ampl": [438.16461333997563, 2077.479416574796, 4004.8935786063053, 5853.330306033935, 7521.568689268254, 8985.545258361131, 10241.741719152838, 11301.228257520013, 12193.570837165684, 12942.148127069513, 13556.989977519119, 14071.210451542884, 14499.8790860302, 14855.902817209108, 15149.918092592457, 15398.208955742643, 15600.075242885983, 15770.984420414981, 15908.045714617427, 16033.029421896996, 16110.661138644651, 16184.331152174216]}, "1": {"freq": [20.0, 68.00000004249999, 116.00000061625, 164.00000102500002, 212.0000017225, 260.00000121875, 308.00000413875006, 356.00000178, 404.00000404, 452.00000113000004, 500.0, 548.0000054800001, 596.0000018625001, 644.0000128800003, 692.0000309237514, 740.0000127187502, 788.0000398925021, 836.0000428450022, 884.0000005525001, 932.0000393187518, 980.0000367500014, 1028.000071638755], "ampl": [768.2195601485791, 3859.1026949253383, 7277.382230631526, 10318.775528012435, 12869.30410697616, 14935.816724421958, 16581.025894770297, 17877.22537063339, 18903.372325439697, 19721.52401230525, 20362.559875449093, 20875.476648230768, 21285.39539460299, 21612.504475174417, 21872.64494078935, 22083.262422481894, 22245.982935595264, 22380.96897428625, 22476.906307665467, 22569.608106095035, 22606.546054063016, 22640.91314091874]}, "2": {"freq": [20.0, 68.00000004249999, 116.00000061625, 164.00000102500002, 212.0000017225, 260.00000121875, 308.00000413875006, 356.00000178, 404.00000404, 452.00000113000004, 500.0, 548.0000054800001, 596.0000018625001, 644.0000128800003, 692.0000309237514, 740.0000127187502, 788.0000398925021, 836.0000428450022, 884.0000005525001, 932.0000393187518, 980.0000367500014, 1028.000071638755], "ampl": [784.0227104946247, 3925.3052020252144, 7412.435378813418, 10526.899478544266, 13148.899210866983, 15282.554144189113, 16986.986465278376, 18333.54360840228, 19401.244078733936, 20253.379323127163, 20921.714046945548, 21457.511046741725, 21885.94335301493, 22224.898932945896, 22497.39028069394, 22716.016078212015, 22887.052876940637, 23026.03596425236, 23129.247642499962, 23226.726864637945, 23264.75150487641, 23302.551901531926]}, "3": {"freq": [20.0, 68.00000004249999, 116.00000061625, 164.00000102500002, 212.0000017225, 260.00000121875, 308.00000413875006, 356.00000178, 404.00000404, 452.00000113000004, 500.0, 548.0000054800001, 596.0000018625001, 644.0000128800003, 692.0000309237514, 740.0000127187502, 788.0000398925021, 836.0000428450022, 884.0000005525001, 932.0000393187518, 980.0000367500014, 1028.000071638755], "ampl": [786.3720185211172, 3930.1700143098606, 7410.3359073795455, 10504.070961612264, 13099.440170909324, 15201.679898562703, 16875.486221324612, 18192.89646450654, 19234.75796426633, 20062.41803774568, 20713.136780860375, 21230.57794725091, 21644.993703670152, 21975.239067260776, 22239.13307752743, 22449.213541742214, 22613.472147265344, 22746.236959778034, 22843.760696664453, 22938.038660983944, 22973.06134071066, 23008.357334611737]}, "4": {"freq": [20.0, 68.00000004249999, 116.00000061625, 164.00000102500002, 212.0000017225, 260.00000121875, 308.00000413875006, 356.00000178, 404.00000404, 452.00000113000004, 500.0, 548.0000054800001, 596.0000018625001, 644.0000128800003, 692.0000309237514, 740.0000127187502, 788.0000398925021, 836.0000428450022, 884.0000005525001, 932.0000393187518, 980.0000367500014, 1028.000071638755], "ampl": [1.1564897031699948, 14.135702609610489, 29.729346329888536, 46.12530153547972, 61.3787963049457, 78.01010580370207, 93.06400940279038, 110.30840365231599, 125.91529546788296, 141.95270487144086, 157.3727523670263, 172.9851616900722, 187.94813412643387, 202.98150542210766, 217.71770683202536, 232.55395766725977, 246.7090450129646, 261.14255707076023, 275.2744039708469, 288.70555226488455, 301.8371418310128, 315.5714821600781]}, "5": {"freq": [20.0, 68.00000004249999, 116.00000061625, 164.00000102500002, 212.0000017225, 260.00000121875, 308.00000413875006, 356.00000178, 404.00000404, 452.00000113000004, 500.0, 548.0000054800001, 596.0000018625001, 644.0000128800003, 692.0000309237514, 740.0000127187502, 788.0000398925021, 836.0000428450022, 884.0000005525001, 932.0000393187518, 980.0000367500014, 1028.000071638755], "ampl": [1.756726661257559, 15.20251356377224, 30.08645348621828, 45.42865417242266, 59.07122713123361, 75.14823083532319, 89.84962384877034, 103.99052295727955, 116.9691749819657, 133.76193853980212, 146.72151997311653, 160.2593467132803, 174.8658370259844, 186.6436578075975, 199.94575500318192, 213.3288920106679, 225.54037480347517, 237.88510993118666, 250.7282762534254, 263.8319059067749, 274.43570890651387, 287.84857366824167]}, "6": {"freq": [20.0, 68.00000004249999, 116.00000061625, 164.00000102500002, 212.0000017225, 260.00000121875, 308.00000413875006, 356.00000178, 404.00000404, 452.00000113000004, 500.0, 548.0000054800001, 596.0000018625001, 644.0000128800003, 692.0000309237514, 740.0000127187502, 788.0000398925021, 836.0000428450022, 884.0000005525001, 932.0000393187518, 980.0000367500014, 1028.000071638755], "ampl": [2.1078361550764706, 14.904977921980361, 30.405742085555335, 46.029707028376336, 60.131059513857785, 76.09690603613821, 90.53960183716293, 105.18478527982685, 119.65676821522482, 134.74297643971812, 148.55441671167827, 163.375028067339, 175.7563820847119, 189.49416143608047, 202.62636998653187, 215.97320463889145, 228.8376597147772, 240.69019707835554, 254.0143046178103, 266.49264457368946, 278.49057949940726, 289.86213763448933]}, "7": {"freq": [20.0, 68.00000004249999, 116.00000061625, 164.00000102500002, 212.0000017225, 260.00000121875, 308.00000413875006, 356.00000178, 404.00000404, 452.00000113000004, 500.0, 548.0000054800001, 596.0000018625001, 644.0000128800003, 692.0000309237514, 740.0000127187502, 788.0000398925021, 836.0000428450022, 884.0000005525001, 932.0000393187518, 980.0000367500014, 1028.000071638755], "ampl": [1.8798542257370425, 19.828483716602683, 37.913731478450096, 56.46321267979316, 74.80365277126181, 94.10544618399933, 111.88266526052, 129.40399178090865, 147.73181341546214, 165.43600121783427, 182.08763279389703, 198.95968945519394, 216.22488027198352, 232.2002626002236, 249.88802962722727, 264.03535566599754, 280.85984889300386, 296.38104194473357, 311.5999941895461, 328.0635448732711, 341.9352430384305, 356.3751993418314]}, "wireSegments": null, "apaChannels": null, "measuredBy": null, "stage": null, "apaUuid": null, "layer": null, "headboardNum": null, "side": null}