{"scanEndMode": 0, "0": {"freq": [], "ampl": []}, "1": {"freq": [], "ampl": []}, "2": {"freq": [], "ampl": []}, "3": {"freq": [], "ampl": []}, "4": {"freq": [20.0, 68.00000004249999, 116.00000061625, 164.00000102500002, 212.0000017225, 260.00000121875, 308.00000413875006, 356.00000178, 404.00000404, 452.00000113000004, 500.0, 548.0000054800001, 596.0000018625001, 644.0000128800003, 692.0000309237514, 740.0000127187502, 788.0000398925021, 836.0000428450022, 884.0000005525001, 932.0000393187518, 980.0000367500014, 1028.000071638755], "ampl": [144.9776515439346, 775.8004236792065, 1489.4031671816342, 2183.2407498999883, 2832.46516913171, 3424.72172865424, 3956.4798487060852, 4432.010058074387, 4847.921759574645, 5211.061545689981, 5527.789158435111, 5799.329555458253, 6038.196623256071, 6245.918152752979, 6422.838820850406, 6567.768301584381, 6696.997379400722, 6808.284870838432, 6904.118146951761, 6983.118850615722, 7053.17853593848, 7107.726444070529]}, "5": {"freq": [20.0, 68.00000004249999, 116.00000061625, 164.00000102500002, 212.0000017225, 260.00000121875, 308.00000413875006, 356.00000178, 404.00000404, 452.00000113000004, 500.0, 548.0000054800001, 596.0000018625001, 644.0000128800003, 692.0000309237514, 740.0000127187502, 788.0000398925021, 836.0000428450022, 884.0000005525001, 932.0000393187518, 980.0000367500014, 1028.000071638755], "ampl": [143.49188518336976, 747.4205309993267, 1444.5927851136573, 2121.1677591063126, 2763.3414262212823, 3354.723524575488, 3892.1075181038545, 4378.183064511804, 4810.213680221165, 5191.306237355121, 5526.121980743332, 5818.4439238405075, 6075.685254921642, 6302.525687290068, 6497.747604209305, 6659.7953744294, 6805.877062507523, 6932.373456558761, 7040.859149069394, 7129.305571800995, 7213.237507111102, 7278.71580274342]}, "6": {"freq": [20.0, 68.00000004249999, 116.00000061625, 164.00000102500002, 212.0000017225, 260.00000121875, 308.00000413875006, 356.00000178, 404.00000404, 452.00000113000004, 500.0, 548.0000054800001, 596.0000018625001, 644.0000128800003, 692.0000309237514, 740.0000127187502, 788.0000398925021, 836.0000428450022, 884.0000005525001, 932.0000393187518, 980.0000367500014, 1028.000071638755], "ampl": [134.5846737594182, 715.2437438504312, 1382.8122847862842, 2030.435770677487, 2639.0217206104317, 3196.8780360826017, 3698.415720759983, 4147.5133823936885, 4543.942125835245, 4891.553033699804, 5195.90464051173, 5459.621462700047, 5688.334504153554, 5890.29371829802, 6062.888942825908, 6203.597589574712, 6332.014900908166, 6440.776736564704, 6534.217926724387, 6613.476592751824, 6683.285799013998, 6739.05876419782]}, "7": {"freq": [20.0, 68.00000004249999, 116.00000061625, 164.00000102500002, 212.0000017225, 260.00000121875, 308.00000413875006, 356.00000178, 404.00000404, 452.00000113000004, 500.0, 548.0000054800001, 596.0000018625001, 644.0000128800003, 692.0000309237514, 740.0000127187502, 788.0000398925021, 836.0000428450022, 884.0000005525001, 932.0000393187518, 980.0000367500014, 1028.000071638755], "ampl": [111.0023440915609, 594.8717138793846, 1143.9149245674828, 1682.036923639165, 2193.325912954185, 2666.537776561137, 3095.0709702068643, 3483.0344237276518, 3827.549851436838, 4133.356784640535, 4401.4810547642455, 4638.725704259382, 4845.510488714933, 5028.696528414034, 5186.6235961941065, 5315.759704311307, 5434.595880160373, 5535.92442652611, 5624.29644202666, 5697.869457211594, 5764.790814691773, 5816.751647505965]}, "wireSegments": [153, 155, 157, 159, 553, 555, 557, 559, 953, 955, 957, 959], "apaChannels": [null, null, null, null, 159, 157, 155, 153], "measuredBy": "Chris Stanford", "stage": "Installation (Top)", "apaUuid": "43cd3950-268d-11ec-b6f5-a70e70a44436", "layer": "U", "headboardNum": "7", "side": "A"}