{"scanEndMode": 0, "0": {"freq": [], "ampl": []}, "1": {"freq": [], "ampl": []}, "2": {"freq": [], "ampl": []}, "3": {"freq": [], "ampl": []}, "4": {"freq": [100.0, 150.0000005859375, 200.0, 250.0, 300.0000046875001, 350.0000054687501, 400.0, 450.0000070312501, 500.0, 550.0000064453126, 600.0000093750002, 650.0000228515634, 700.0000109375002, 750.0000292968762, 800.0, 850.0000298828136, 900.0000140625002, 950.0000148437501, 1000.0], "ampl": [1336.3445448917703, 2022.2921266190067, 2682.355908892409, 3308.326446682098, 3901.9553849306053, 4459.230336504007, 4976.8980043288375, 5451.581272458742, 5889.206117062034, 6288.593958086652, 6647.688954887234, 6972.786920328885, 7264.1424047536, 7528.311256602303, 7761.435365304158, 7963.554745568159, 8150.072866587544, 8313.92597614494, 8457.296540010582]}, "5": {"freq": [100.0, 150.0000005859375, 200.0, 250.0, 300.0000046875001, 350.0000054687501, 400.0, 450.0000070312501, 500.0, 550.0000064453126, 600.0000093750002, 650.0000228515634, 700.0000109375002, 750.0000292968762, 800.0, 850.0000298828136, 900.0000140625002, 950.0000148437501, 1000.0], "ampl": [1814.705484352707, 2729.084029761058, 3589.6293911027915, 4388.57735348413, 5124.825855668596, 5795.276746846074, 6403.626853651025, 6947.283663008096, 7435.302585564524, 7871.940849176515, 8255.1536979297, 8596.85602472333, 8897.271959061549, 9167.043081379989, 9398.212250849047, 9595.324452699615, 9773.88784083541, 9936.0896875912, 10064.92759403375]}, "6": {"freq": [100.0, 150.0000005859375, 200.0, 250.0, 300.0000046875001, 350.0000054687501, 400.0, 450.0000070312501, 500.0, 550.0000064453126, 600.0000093750002, 650.0000228515634, 700.0000109375002, 750.0000292968762, 800.0, 850.0000298828136, 900.0000140625002, 950.0000148437501, 1000.0], "ampl": [2035.384693717302, 3053.9501327576227, 4008.0953264922405, 4893.970605113919, 5704.182586952208, 6434.383422617507, 7090.615948445257, 7675.687965416803, 8194.70057865308, 8654.051440814688, 9056.530494167824, 9409.523122921993, 9718.249579577297, 9991.106416506234, 10228.351692977616, 10424.13791373002, 10602.267883676812, 10756.87235609816, 10887.304975522926]}, "7": {"freq": [100.0, 150.0000005859375, 200.0, 250.0, 300.0000046875001, 350.0000054687501, 400.0, 450.0000070312501, 500.0, 550.0000064453126, 600.0000093750002, 650.0000228515634, 700.0000109375002, 750.0000292968762, 800.0, 850.0000298828136, 900.0000140625002, 950.0000148437501, 1000.0], "ampl": [1793.0884441984138, 2698.992926188055, 3556.0963208244348, 4357.871353256768, 5100.32513443771, 5774.343069672538, 6387.229272384503, 6936.658144303763, 7429.492715084555, 7868.398122710471, 8252.945016345911, 8595.703895802779, 8895.76906211649, 9159.784214455884, 9392.269096883634, 9585.67589323436, 9761.74090056544, 9917.215749928364, 10046.837889392636]}, "wireSegments": [34, 36, 38, 40, 434, 436, 438, 440, 834, 836, 838, 840], "apaChannels": [null, null, null, null, 40, 38, 36, 34], "measuredBy": "", "stage": "DWA Development", "apaUuid": "continuity47-12", "layer": "V", "headboardNum": "1", "side": "A"}