{"scanEndMode": 0, "0": {"freq": [20.0, 68.00000004249999, 116.00000061625, 164.00000102500002, 212.0000017225, 260.00000121875, 308.00000413875006, 356.00000178, 404.00000404, 452.00000113000004, 500.0, 548.0000054800001, 596.0000018625001, 644.0000128800003, 692.0000309237514, 740.0000127187502, 788.0000398925021, 836.0000428450022, 884.0000005525001, 932.0000393187518, 980.0000367500014, 1028.000071638755], "ampl": [97.94347148970196, 514.1575083359371, 989.2472463504287, 1455.671810816027, 1902.2465911019526, 2319.109266730043, 2704.5035848180687, 3055.2388144359165, 3372.5800943171707, 3655.945984319519, 3910.551379960449, 4136.907662305904, 4337.909315278969, 4514.3537471000855, 4670.1917298467215, 4808.368590521126, 4926.164511046639, 5031.712980807009, 5123.262777088138, 5203.838583814649, 5271.978534744723, 5332.630703466398]}, "1": {"freq": [20.0, 68.00000004249999, 116.00000061625, 164.00000102500002, 212.0000017225, 260.00000121875, 308.00000413875006, 356.00000178, 404.00000404, 452.00000113000004, 500.0, 548.0000054800001, 596.0000018625001, 644.0000128800003, 692.0000309237514, 740.0000127187502, 788.0000398925021, 836.0000428450022, 884.0000005525001, 932.0000393187518, 980.0000367500014, 1028.000071638755], "ampl": [108.34892185433593, 571.9833759384143, 1099.0844960382415, 1613.6099201370703, 2103.1911333877006, 2557.6247020971846, 2974.1242563481765, 3351.221448917926, 3688.981254095897, 3990.364292329454, 4260.1075747931, 4495.6865107864805, 4706.203187424666, 4888.747306492416, 5048.928418243808, 5192.7984831488475, 5312.99644412246, 5418.842901608001, 5512.282939723158, 5592.312691390094, 5660.198386900228, 5722.550797826925]}, "2": {"freq": [20.0, 68.00000004249999, 116.00000061625, 164.00000102500002, 212.0000017225, 260.00000121875, 308.00000413875006, 356.00000178, 404.00000404, 452.00000113000004, 500.0, 548.0000054800001, 596.0000018625001, 644.0000128800003, 692.0000309237514, 740.0000127187502, 788.0000398925021, 836.0000428450022, 884.0000005525001, 932.0000393187518, 980.0000367500014, 1028.000071638755], "ampl": [106.38573365788528, 566.1084230594823, 1090.7368329776461, 1603.7751947316879, 2089.01518903247, 2544.7458481571157, 2962.1298292503398, 3339.6901865356645, 3679.7741284218, 3982.4108132774686, 4254.060066737728, 4492.1507524558565, 4704.699327983373, 4888.356194847807, 5050.203496011858, 5196.295245732839, 5316.009501045752, 5425.164697195585, 5520.474112148338, 5601.961857213724, 5671.331938500412, 5734.77487056694]}, "3": {"freq": [20.0, 68.00000004249999, 116.00000061625, 164.00000102500002, 212.0000017225, 260.00000121875, 308.00000413875006, 356.00000178, 404.00000404, 452.00000113000004, 500.0, 548.0000054800001, 596.0000018625001, 644.0000128800003, 692.0000309237514, 740.0000127187502, 788.0000398925021, 836.0000428450022, 884.0000005525001, 932.0000393187518, 980.0000367500014, 1028.000071638755], "ampl": [114.96555112592239, 611.2597296599763, 1179.8221156494037, 1728.2054920802232, 2248.3931823951084, 2732.634838804274, 3174.572673083709, 3573.182180525105, 3927.983871519229, 4246.3615739172155, 4527.355906857921, 4773.399961827721, 4990.912333959401, 5180.845048463268, 5346.030877362312, 5497.842931862659, 5617.288104532191, 5728.500001409816, 5825.257795337397, 5907.320633009422, 5976.233609483597, 6040.622089137934]}, "4": {"freq": [20.0, 68.00000004249999, 116.00000061625, 164.00000102500002, 212.0000017225, 260.00000121875, 308.00000413875006, 356.00000178, 404.00000404, 452.00000113000004, 500.0, 548.0000054800001, 596.0000018625001, 644.0000128800003, 692.0000309237514, 740.0000127187502, 788.0000398925021, 836.0000428450022, 884.0000005525001, 932.0000393187518, 980.0000367500014, 1028.000071638755], "ampl": [113.90966472394861, 600.3331498284722, 1150.0196274682726, 1686.8432697882486, 2197.8052885748366, 2670.51976485392, 3103.733016147845, 3492.997521975412, 3842.44672298681, 4152.773660990058, 4426.662707543167, 4667.519374276961, 4879.303593617389, 5062.994958725927, 5224.522333853188, 5367.99197457523, 5484.2098312005955, 5593.130711094467, 5685.48552264396, 5763.993804226833, 5831.450702079628, 5892.795468749828]}, "5": {"freq": [20.0, 68.00000004249999, 116.00000061625, 164.00000102500002, 212.0000017225, 260.00000121875, 308.00000413875006, 356.00000178, 404.00000404, 452.00000113000004, 500.0, 548.0000054800001, 596.0000018625001, 644.0000128800003, 692.0000309237514, 740.0000127187502, 788.0000398925021, 836.0000428450022, 884.0000005525001, 932.0000393187518, 980.0000367500014, 1028.000071638755], "ampl": [101.81033370210238, 528.5495051235948, 1016.9030825001781, 1490.5101386470133, 1938.5086076183823, 2351.4197418723584, 2728.8328014931617, 3068.075193181317, 3371.5877315202597, 3638.6461785482734, 3874.5449322789354, 4081.7990191349936, 4264.317747728712, 4423.549418825572, 4560.559683234691, 4683.993935911719, 4786.475188687915, 4874.90231842765, 4952.706033732494, 5019.698905703317, 5075.5135387541895, 5125.537200485409]}, "6": {"freq": [20.0, 68.00000004249999, 116.00000061625, 164.00000102500002, 212.0000017225, 260.00000121875, 308.00000413875006, 356.00000178, 404.00000404, 452.00000113000004, 500.0, 548.0000054800001, 596.0000018625001, 644.0000128800003, 692.0000309237514, 740.0000127187502, 788.0000398925021, 836.0000428450022, 884.0000005525001, 932.0000393187518, 980.0000367500014, 1028.000071638755], "ampl": [116.20956609086286, 597.8191769732953, 1148.767298007995, 1683.9764782407294, 2194.2319541097336, 2664.803158861221, 3092.8367221266312, 3476.542402485184, 3821.305362569821, 4126.658305311819, 4392.30976256178, 4625.17278617452, 4830.112191512677, 5008.185483812246, 5163.04611112813, 5300.133288830317, 5411.473253292828, 5515.365571011645, 5603.710824981542, 5679.398753934531, 5741.242639536482, 5798.827892720647]}, "7": {"freq": [20.0, 68.00000004249999, 116.00000061625, 164.00000102500002, 212.0000017225, 260.00000121875, 308.00000413875006, 356.00000178, 404.00000404, 452.00000113000004, 500.0, 548.0000054800001, 596.0000018625001, 644.0000128800003, 692.0000309237514, 740.0000127187502, 788.0000398925021, 836.0000428450022, 884.0000005525001, 932.0000393187518, 980.0000367500014, 1028.000071638755], "ampl": [91.24546844946704, 479.75850857221013, 922.951825849328, 1350.2529841123994, 1744.9465036396712, 2128.3865533581184, 2466.8469700355554, 2768.040741336995, 3035.970928598298, 3245.5774372667647, 3476.353685564608, 3655.315137205418, 3812.922852240112, 3948.745298888606, 4066.034952519236, 4171.670503855862, 4255.740202618347, 4332.525693511171, 4398.99808713677, 4456.083171459542, 4503.150640484514, 4545.329783672052]}, "wireSegments": [338, 340, 342, 344, 346, 348, 350, 352, 738, 740, 742, 744, 746, 748, 750, 752, 1138, 1140, 1142, 1144, 1146, 1148, 1150], "apaChannels": [352, 350, 348, 346, 344, 342, 340, 338], "measuredBy": "Chris Stanford", "stage": "Installation (Top)", "apaUuid": "43cd3950-268d-11ec-b6f5-a70e70a44436", "layer": "U", "headboardNum": "2", "side": "B"}