{"scanEndMode": 0, "0": {"freq": [100.0, 150.0000005859375, 200.0, 250.0, 300.0000046875001, 350.0000054687501, 400.0, 450.0000070312501, 500.0, 550.0000064453126, 600.0000093750002, 650.0000228515634, 700.0000109375002, 750.0000292968762, 800.0, 850.0000298828136, 900.0000140625002, 950.0000148437501, 1000.0], "ampl": [1995.5387576107441, 2996.8458851369355, 3940.9908419947164, 4822.377879790373, 5632.442735928919, 6373.7091667801515, 7043.115980893097, 7646.702163000623, 8183.103382494151, 8659.87005733366, 9084.056492152595, 9458.638877495217, 9789.07456674644, 10080.16274367314, 10333.000365743263, 10554.936549017657, 10744.987933560764, 10919.960550910873, 11061.104004498628]}, "1": {"freq": [100.0, 150.0000005859375, 200.0, 250.0, 300.0000046875001, 350.0000054687501, 400.0, 450.0000070312501, 500.0, 550.0000064453126, 600.0000093750002, 650.0000228515634, 700.0000109375002, 750.0000292968762, 800.0, 850.0000298828136, 900.0000140625002, 950.0000148437501, 1000.0], "ampl": [1759.6158610950376, 2652.594206199558, 3501.1230699041707, 4300.24935980262, 5045.671509352837, 5733.221529716763, 6361.464504940838, 6934.416537049883, 7448.304692563204, 7908.503454515172, 8321.806735226644, 8688.3006318881, 9013.82148462137, 9304.025247035614, 9556.63681691118, 9779.993450620492, 9972.246884794435, 10147.613168959619, 10294.350448081554]}, "2": {"freq": [100.0, 150.0000005859375, 200.0, 250.0, 300.0000046875001, 350.0000054687501, 400.0, 450.0000070312501, 500.0, 550.0000064453126, 600.0000093750002, 650.0000228515634, 700.0000109375002, 750.0000292968762, 800.0, 850.0000298828136, 900.0000140625002, 950.0000148437501, 1000.0], "ampl": [2021.7373100047269, 3035.803247968929, 3991.369953602718, 4882.544239117242, 5703.622454955028, 6451.952033774204, 7129.378442311258, 7738.575201332125, 8280.524224117335, 8762.792837831095, 9190.158772545346, 9567.30996566298, 9900.99494536535, 10195.135742942666, 10448.746171218898, 10672.93080680363, 10864.907116778822, 11039.064749445517, 11181.554196643321]}, "3": {"freq": [100.0, 150.0000005859375, 200.0, 250.0, 300.0000046875001, 350.0000054687501, 400.0, 450.0000070312501, 500.0, 550.0000064453126, 600.0000093750002, 650.0000228515634, 700.0000109375002, 750.0000292968762, 800.0, 850.0000298828136, 900.0000140625002, 950.0000148437501, 1000.0], "ampl": [1782.5868823786939, 2687.0979593858483, 3546.707454244624, 4354.992795767516, 5108.4733374827965, 5803.247671466982, 6438.093904708919, 7012.781207938994, 7530.4823047434065, 7992.233207176407, 8408.32042986018, 8774.751272684425, 9102.127890819673, 9390.956725226339, 9642.360746151457, 9866.859770854107, 10059.531804887676, 10231.843579795537, 10380.031192206667]}, "4": {"freq": [100.0, 150.0000005859375, 200.0, 250.0, 300.0000046875001, 350.0000054687501, 400.0, 450.0000070312501, 500.0, 550.0000064453126, 600.0000093750002, 650.0000228515634, 700.0000109375002, 750.0000292968762, 800.0, 850.0000298828136, 900.0000140625002, 950.0000148437501, 1000.0], "ampl": [2067.2253894560868, 3099.5175200922645, 4068.106391769424, 4964.3734413653365, 5784.344477988646, 6530.508871637789, 7199.467292182707, 7796.901620954983, 8325.77856115435, 8792.631354726913, 9204.844074830306, 9566.05058389455, 9882.397965815568, 10160.322895443374, 10400.305765797524, 10610.943644723546, 10789.705906681436, 10952.664912743778, 11082.598912380923]}, "5": {"freq": [100.0, 150.0000005859375, 200.0, 250.0, 300.0000046875001, 350.0000054687501, 400.0, 450.0000070312501, 500.0, 550.0000064453126, 600.0000093750002, 650.0000228515634, 700.0000109375002, 750.0000292968762, 800.0, 850.0000298828136, 900.0000140625002, 950.0000148437501, 1000.0], "ampl": [1732.1371184092866, 2606.403072397456, 3440.472884434911, 4220.305365467498, 4942.747371064126, 5607.302483195413, 6210.143008452833, 6755.453181234725, 7242.706239853618, 7678.232275531426, 8065.634002178924, 8405.284398519703, 8708.117958100882, 8973.944356468986, 9208.87778621358, 9410.032185846252, 9584.980582227567, 9744.37135255981, 9873.531840104999]}, "6": {"freq": [100.0, 150.0000005859375, 200.0, 250.0, 300.0000046875001, 350.0000054687501, 400.0, 450.0000070312501, 500.0, 550.0000064453126, 600.0000093750002, 650.0000228515634, 700.0000109375002, 750.0000292968762, 800.0, 850.0000298828136, 900.0000140625002, 950.0000148437501, 1000.0], "ampl": [2075.688772948049, 3111.249510692124, 4081.8480411620158, 4981.824499054644, 5804.724359365862, 6549.399313483422, 7215.755066400399, 7813.017591088286, 8338.044842692405, 8801.30807154658, 9211.350026756772, 9567.960464813168, 9881.50563308747, 10156.661638022706, 10392.109680253303, 10598.088503457695, 10773.6663970631, 10931.763418136503, 11060.169989274484]}, "7": {"freq": [100.0, 150.0000005859375, 200.0, 250.0, 300.0000046875001, 350.0000054687501, 400.0, 450.0000070312501, 500.0, 550.0000064453126, 600.0000093750002, 650.0000228515634, 700.0000109375002, 750.0000292968762, 800.0, 850.0000298828136, 900.0000140625002, 950.0000148437501, 1000.0], "ampl": [1900.8241841424203, 2853.349177030834, 3753.4439502374266, 4591.8352231138715, 5364.049922238213, 6067.116711556764, 6700.761097423775, 7269.065152198702, 7773.932642998945, 8220.469957535912, 8615.852169658836, 8962.06107702034, 9266.442245991817, 9534.302544616465, 9764.538041662598, 9967.112898057727, 10140.123940529038, 10295.602874455673, 10423.838332346326]}, "wireSegments": [2, 4, 6, 8, 10, 12, 14, 16], "apaChannels": [16, 14, 12, 10, 8, 6, 4, 2], "measuredBy": "", "stage": "DWA Development", "apaUuid": "continuity47-12", "layer": "X", "headboardNum": "1", "side": "A"}