{"scanEndMode": 0, "0": {"freq": [100.0, 150.0000005859375, 200.0, 250.0, 300.0000046875001, 350.0000054687501, 400.0, 450.0000070312501, 500.0, 550.0000064453126, 600.0000093750002, 650.0000228515634, 700.0000109375002, 750.0000292968762, 800.0, 850.0000298828136, 900.0000140625002, 950.0000148437501, 1000.0], "ampl": [3823.97100710764, 5648.69661724328, 7273.6343387190855, 8688.100245456755, 9903.722065191332, 10929.038668249947, 11792.100532432258, 12508.682866973033, 13115.098596303213, 13608.729582023174, 14023.600710622195, 14370.34131363133, 14645.153329068036, 14885.034211442833, 15082.427384791432, 15238.359840465855, 15374.980262073866, 15477.145478077868, 15563.697419819844]}, "1": {"freq": [100.0, 150.0000005859375, 200.0, 250.0, 300.0000046875001, 350.0000054687501, 400.0, 450.0000070312501, 500.0, 550.0000064453126, 600.0000093750002, 650.0000228515634, 700.0000109375002, 750.0000292968762, 800.0, 850.0000298828136, 900.0000140625002, 950.0000148437501, 1000.0], "ampl": [3408.1171379479447, 5063.142468252368, 6561.354070226005, 7890.905088130651, 9053.222695195665, 10055.991620496488, 10913.376117866934, 11637.650046853923, 12260.348660319636, 12774.43052041502, 13211.86337314931, 13583.584063930133, 13881.708847604606, 14144.806660472519, 14364.121857982382, 14539.91301244311, 14695.712246281797, 14815.332890611235, 14916.768408141748]}, "2": {"freq": [100.0, 150.0000005859375, 200.0, 250.0, 300.0000046875001, 350.0000054687501, 400.0, 450.0000070312501, 500.0, 550.0000064453126, 600.0000093750002, 650.0000228515634, 700.0000109375002, 750.0000292968762, 800.0, 850.0000298828136, 900.0000140625002, 950.0000148437501, 1000.0], "ampl": [3860.375900177534, 5701.181110495543, 7334.707982156381, 8751.184691175917, 9964.13749073948, 10985.137700477837, 11840.612031732104, 12549.292653057968, 13147.870238727905, 13633.923332038596, 14037.143856031878, 14377.595640369418, 14646.056270908148, 14879.309868402059, 15072.146529981499, 15223.565569712111, 15355.974179999002, 15453.365702074327, 15536.559066334641]}, "3": {"freq": [100.0, 150.0000005859375, 200.0, 250.0, 300.0000046875001, 350.0000054687501, 400.0, 450.0000070312501, 500.0, 550.0000064453126, 600.0000093750002, 650.0000228515634, 700.0000109375002, 750.0000292968762, 800.0, 850.0000298828136, 900.0000140625002, 950.0000148437501, 1000.0], "ampl": [3318.4509111731777, 4934.366546307102, 6398.063465357434, 7700.3242051468105, 8840.416830465838, 9825.680406883635, 10668.796156128761, 11383.56501132638, 11995.710705658541, 12503.957331046615, 12934.048768043922, 13303.059139821447, 13597.378267702332, 13859.019842715188, 14074.615828090795, 14250.327766678705, 14403.41822271939, 14523.205738507993, 14624.338395422568]}, "4": {"freq": [100.0, 150.0000005859375, 200.0, 250.0, 300.0000046875001, 350.0000054687501, 400.0, 450.0000070312501, 500.0, 550.0000064453126, 600.0000093750002, 650.0000228515634, 700.0000109375002, 750.0000292968762, 800.0, 850.0000298828136, 900.0000140625002, 950.0000148437501, 1000.0], "ampl": [3836.4096868743636, 5656.720591184637, 7264.712200231938, 8658.21235504468, 9846.236216497004, 10841.903832429083, 11674.067552165005, 12359.394203612994, 12937.311847218443, 13404.827526192637, 13793.873696243307, 14118.329363530787, 14374.358147266472, 14598.705136877139, 14779.042403112526, 14923.029413825567, 15048.418089309846, 15139.641711532238, 15216.049940899802]}, "5": {"freq": [100.0, 150.0000005859375, 200.0, 250.0, 300.0000046875001, 350.0000054687501, 400.0, 450.0000070312501, 500.0, 550.0000064453126, 600.0000093750002, 650.0000228515634, 700.0000109375002, 750.0000292968762, 800.0, 850.0000298828136, 900.0000140625002, 950.0000148437501, 1000.0], "ampl": [3406.4175228694, 5058.81535932699, 6554.472665562166, 7879.575480682049, 9042.012954868085, 10040.877584681619, 10896.956754064533, 11618.395745999973, 12237.573919925066, 12749.42392874164, 13183.743155376736, 13552.348555171138, 13849.359161024926, 14111.56454580639, 14327.212817863137, 14503.163155289956, 14658.491904512426, 14776.333575889075, 14877.087518169777]}, "6": {"freq": [100.0, 150.0000005859375, 200.0, 250.0, 300.0000046875001, 350.0000054687501, 400.0, 450.0000070312501, 500.0, 550.0000064453126, 600.0000093750002, 650.0000228515634, 700.0000109375002, 750.0000292968762, 800.0, 850.0000298828136, 900.0000140625002, 950.0000148437501, 1000.0], "ampl": [3747.147892303978, 5527.568044314296, 7101.6769119808, 8463.752773184164, 9628.614896205629, 10606.949145939645, 11422.74821689873, 12097.778797468854, 12665.505159121563, 13126.088315745366, 13509.681568775766, 13831.342055187624, 14083.808662462967, 14303.873356860411, 14484.268957978176, 14626.231854547113, 14750.301166781463, 14842.283977166871, 14917.80226364095]}, "7": {"freq": [100.0, 150.0000005859375, 200.0, 250.0, 300.0000046875001, 350.0000054687501, 400.0, 450.0000070312501, 500.0, 550.0000064453126, 600.0000093750002, 650.0000228515634, 700.0000109375002, 750.0000292968762, 800.0, 850.0000298828136, 900.0000140625002, 950.0000148437501, 1000.0], "ampl": [3339.3962368874563, 4959.540050014646, 6417.5577259915135, 7707.881727213022, 8832.11984003463, 9797.674281902833, 10618.986871402165, 11311.679844242468, 11901.798961839768, 12390.287474003822, 12802.864087710834, 13154.527395557518, 13433.14527703924, 13679.947637905108, 13884.138009644834, 14048.292097746022, 14193.55329258909, 14302.55123347546, 14396.671591421198]}, "wireSegments": [17, 19, 21, 23, 25, 27, 29, 31], "apaChannels": [31, 29, 27, 25, 23, 21, 19, 17], "measuredBy": "", "stage": "DWA Development", "apaUuid": "continuity100-12", "layer": "X", "headboardNum": "1", "side": "A"}