{"scanEndMode": 0, "0": {"freq": [20.0, 68.00000004249999, 116.00000061625, 164.00000102500002, 212.0000017225, 260.00000121875, 308.00000413875006, 356.00000178, 404.00000404, 452.00000113000004, 500.0, 548.0000054800001, 596.0000018625001, 644.0000128800003, 692.0000309237514, 740.0000127187502, 788.0000398925021, 836.0000428450022, 884.0000005525001, 932.0000393187518, 980.0000367500014, 1028.000071638755], "ampl": [34.70838290144515, 190.02379925841618, 370.4596004146398, 552.9801135318236, 735.4639952664936, 913.6639735377217, 1088.4600215566138, 1257.3003406036191, 1422.726696506953, 1581.5783979635119, 1734.7810693048498, 1881.7106435141125, 2019.4302746067813, 2155.246019076424, 2280.046258793824, 2396.3100815919024, 2506.383037926752, 2613.2365511100684, 2708.115734953654, 2798.6348827703027, 2883.7266983854856, 2961.2430088747788]}, "1": {"freq": [20.0, 68.00000004249999, 116.00000061625, 164.00000102500002, 212.0000017225, 260.00000121875, 308.00000413875006, 356.00000178, 404.00000404, 452.00000113000004, 500.0, 548.0000054800001, 596.0000018625001, 644.0000128800003, 692.0000309237514, 740.0000127187502, 788.0000398925021, 836.0000428450022, 884.0000005525001, 932.0000393187518, 980.0000367500014, 1028.000071638755], "ampl": [105.7161580488093, 599.4332720613972, 1161.4037058547563, 1715.1607020530969, 2246.723370755074, 2748.1622539808504, 3214.5964081313623, 3645.4078089594736, 4037.9223350742977, 4395.739172488677, 4719.022453532642, 5009.0504680224585, 5268.539984774318, 5506.320220563033, 5710.898292832067, 5892.789988445093, 6053.967085465273, 6204.838997111969, 6328.757616682608, 6439.523407615678, 6540.787792083746, 6627.202582448194]}, "2": {"freq": [20.0, 68.00000004249999, 116.00000061625, 164.00000102500002, 212.0000017225, 260.00000121875, 308.00000413875006, 356.00000178, 404.00000404, 452.00000113000004, 500.0, 548.0000054800001, 596.0000018625001, 644.0000128800003, 692.0000309237514, 740.0000127187502, 788.0000398925021, 836.0000428450022, 884.0000005525001, 932.0000393187518, 980.0000367500014, 1028.000071638755], "ampl": [94.83206955383979, 523.8163074708019, 1019.6271227537121, 1513.9567562835266, 1991.3019813884193, 2445.988874952946, 2873.789164470434, 3274.124374794381, 3644.6334064502394, 3984.889587660408, 4297.688837622268, 4580.983278580785, 4838.10768283569, 5075.440782301171, 5283.65017482943, 5468.992115246741, 5638.304044317982, 5792.850811499447, 5922.595807074223, 6042.396391941026, 6148.502530702466, 6243.184522257021]}, "3": {"freq": [20.0, 68.00000004249999, 116.00000061625, 164.00000102500002, 212.0000017225, 260.00000121875, 308.00000413875006, 356.00000178, 404.00000404, 452.00000113000004, 500.0, 548.0000054800001, 596.0000018625001, 644.0000128800003, 692.0000309237514, 740.0000127187502, 788.0000398925021, 836.0000428450022, 884.0000005525001, 932.0000393187518, 980.0000367500014, 1028.000071638755], "ampl": [106.62685968251023, 603.2356152995015, 1171.4864660534568, 1733.9921645117506, 2274.9100261439276, 2786.2592768423383, 3264.661240020881, 3706.5809197224376, 4112.7682674900225, 4482.8310606967, 4818.891160085936, 5122.764450652386, 5394.256329986138, 5647.55838548421, 5864.6520721763145, 6055.678844386242, 6229.837151225144, 6390.833673581996, 6522.761955123146, 6643.536987030019, 6751.090887425305, 6845.1934468468235]}, "4": {"freq": [20.0, 68.00000004249999, 116.00000061625, 164.00000102500002, 212.0000017225, 260.00000121875, 308.00000413875006, 356.00000178, 404.00000404, 452.00000113000004, 500.0, 548.0000054800001, 596.0000018625001, 644.0000128800003, 692.0000309237514, 740.0000127187502, 788.0000398925021, 836.0000428450022, 884.0000005525001, 932.0000393187518, 980.0000367500014, 1028.000071638755], "ampl": [85.7774542603175, 477.7442134542591, 928.5329882757379, 1377.646424542633, 1812.1364559735528, 2227.8034440364477, 2616.9466636979073, 2982.6423990316166, 3322.5923470637226, 3634.7856473909583, 3920.7114723629848, 4183.7035720727135, 4422.172500699137, 4642.956827763082, 4836.709001635125, 5008.645300467253, 5166.754443284857, 5311.778933632773, 5433.208169851718, 5546.214720607588, 5647.132102989909, 5734.881491025591]}, "5": {"freq": [20.0, 68.00000004249999, 116.00000061625, 164.00000102500002, 212.0000017225, 260.00000121875, 308.00000413875006, 356.00000178, 404.00000404, 452.00000113000004, 500.0, 548.0000054800001, 596.0000018625001, 644.0000128800003, 692.0000309237514, 740.0000127187502, 788.0000398925021, 836.0000428450022, 884.0000005525001, 932.0000393187518, 980.0000367500014, 1028.000071638755], "ampl": [91.2248556710626, 504.38606314282265, 977.6154671273509, 1450.391478020515, 1906.256943523942, 2339.823965665556, 2747.9078732861244, 3129.4670959724394, 3482.262789438955, 3805.026428042795, 4102.269006812942, 4373.5558825858125, 4618.332056545167, 4843.315185376806, 5041.085922894337, 5218.965061637903, 5378.6863130200345, 5525.83340665956, 5650.256557651434, 5762.76116729588, 5866.234432375181, 5955.6596233446335]}, "6": {"freq": [20.0, 68.00000004249999, 116.00000061625, 164.00000102500002, 212.0000017225, 260.00000121875, 308.00000413875006, 356.00000178, 404.00000404, 452.00000113000004, 500.0, 548.0000054800001, 596.0000018625001, 644.0000128800003, 692.0000309237514, 740.0000127187502, 788.0000398925021, 836.0000428450022, 884.0000005525001, 932.0000393187518, 980.0000367500014, 1028.000071638755], "ampl": [85.92558110435832, 478.28390567834464, 930.1652426276418, 1379.5359968852472, 1814.7142687797018, 2228.3837930495843, 2618.1409915006866, 2982.309249906069, 3318.780804576772, 3626.6437089265537, 3911.3046462331, 4168.350811974551, 4402.585439556462, 4618.798965987648, 4807.352701249303, 4976.586686645716, 5130.304766426808, 5270.362975855718, 5389.103690467429, 5497.182909318674, 5594.53837635657, 5679.810842125258]}, "7": {"freq": [20.0, 68.00000004249999, 116.00000061625, 164.00000102500002, 212.0000017225, 260.00000121875, 308.00000413875006, 356.00000178, 404.00000404, 452.00000113000004, 500.0, 548.0000054800001, 596.0000018625001, 644.0000128800003, 692.0000309237514, 740.0000127187502, 788.0000398925021, 836.0000428450022, 884.0000005525001, 932.0000393187518, 980.0000367500014, 1028.000071638755], "ampl": [90.2168078063887, 509.71877003009257, 992.3206059456684, 1468.9968868819112, 1929.2944074072007, 2364.9209314422965, 2773.471928747273, 3150.6837767017128, 3498.4301065673635, 3815.5626139513483, 4105.677504831846, 4370.929505239406, 4604.442215029716, 4821.175848445586, 5011.306713074391, 5179.346257574177, 5331.297448116825, 5468.540763434797, 5584.338844948678, 5691.334697513259, 5785.964048902771, 5868.5735338455615]}, "wireSegments": [289, 291, 293, 295, 297, 299, 301, 303], "apaChannels": [289, 291, 293, 295, 297, 299, 301, 303], "measuredBy": "Chris Stanford", "stage": "Installation (Top)", "apaUuid": "43cd3950-268d-11ec-b6f5-a70e70a44436", "layer": "X", "headboardNum": "7", "side": "A"}