{"scanEndMode": 0, "0": {"freq": [100.0, 150.0000005859375, 200.0, 250.0, 300.0000046875001, 350.0000054687501, 400.0, 450.0000070312501, 500.0, 550.0000064453126, 600.0000093750002, 650.0000228515634, 700.0000109375002, 750.0000292968762, 800.0, 850.0000298828136, 900.0000140625002, 950.0000148437501, 1000.0], "ampl": [7259.690613046553, 10208.780021002349, 12468.238049598778, 14148.323858670417, 15381.462340447173, 16298.53089383214, 16970.791838125468, 17478.88264388456, 17859.86476446994, 18152.30091170099, 18377.989319141616, 18547.336585307945, 18662.755609838347, 18756.29834904523, 18823.675409762924, 18864.487353109344, 18900.1150923387, 18912.405018224847, 18909.642647499095]}, "1": {"freq": [100.0, 150.0000005859375, 200.0, 250.0, 300.0000046875001, 350.0000054687501, 400.0, 450.0000070312501, 500.0, 550.0000064453126, 600.0000093750002, 650.0000228515634, 700.0000109375002, 750.0000292968762, 800.0, 850.0000298828136, 900.0000140625002, 950.0000148437501, 1000.0], "ampl": [6986.2388719619385, 9845.564114818924, 12045.999126464407, 13691.326829247748, 14904.710217154803, 15806.779122138136, 16472.338548719017, 16976.02296369844, 17351.61012105857, 17641.960946093986, 17864.859243888288, 18034.917617858588, 18150.475626590825, 18244.047421238174, 18311.154335135376, 18353.156116321647, 18389.155045470015, 18402.085327840978, 18400.06332195293]}, "2": {"freq": [100.0, 150.0000005859375, 200.0, 250.0, 300.0000046875001, 350.0000054687501, 400.0, 450.0000070312501, 500.0, 550.0000064453126, 600.0000093750002, 650.0000228515634, 700.0000109375002, 750.0000292968762, 800.0, 850.0000298828136, 900.0000140625002, 950.0000148437501, 1000.0], "ampl": [7199.909873107659, 10123.184373477357, 12360.341236345592, 14022.112814315897, 15243.357572469993, 16148.750004055737, 16813.970542942367, 17316.370606275494, 17692.501602956898, 17980.05086635816, 18202.058600241595, 18370.54180675573, 18485.380862624894, 18577.245332599246, 18642.751429987162, 18682.385285034594, 18717.176933641767, 18729.30935092476, 18725.73708897538]}, "3": {"freq": [100.0, 150.0000005859375, 200.0, 250.0, 300.0000046875001, 350.0000054687501, 400.0, 450.0000070312501, 500.0, 550.0000064453126, 600.0000093750002, 650.0000228515634, 700.0000109375002, 750.0000292968762, 800.0, 850.0000298828136, 900.0000140625002, 950.0000148437501, 1000.0], "ampl": [6898.855090963667, 9744.222241489833, 11949.646028223635, 13605.725330060723, 14832.591176390299, 15748.45296854159, 16425.345134387986, 16939.424076429063, 17324.915151619094, 17622.295645078106, 17851.2890312432, 18025.980530721885, 18146.05678694499, 18243.228404888876, 18312.87497565762, 18358.543415448104, 18396.170326754407, 18411.384199241085, 18412.79985244207]}, "4": {"freq": [100.0, 150.0000005859375, 200.0, 250.0, 300.0000046875001, 350.0000054687501, 400.0, 450.0000070312501, 500.0, 550.0000064453126, 600.0000093750002, 650.0000228515634, 700.0000109375002, 750.0000292968762, 800.0, 850.0000298828136, 900.0000140625002, 950.0000148437501, 1000.0], "ampl": [7158.95205699496, 10064.046732785882, 12289.540575160834, 13942.63154431289, 15154.975162882518, 16056.619941856923, 16717.032231787627, 17216.670744153518, 17589.74151754222, 17875.026904224043, 18097.788172195727, 18263.15818909402, 18378.258276520835, 18467.55054081304, 18534.08105105388, 18573.29783468901, 18608.52317998047, 18620.630179905653, 18617.688872139213]}, "5": {"freq": [100.0, 150.0000005859375, 200.0, 250.0, 300.0000046875001, 350.0000054687501, 400.0, 450.0000070312501, 500.0, 550.0000064453126, 600.0000093750002, 650.0000228515634, 700.0000109375002, 750.0000292968762, 800.0, 850.0000298828136, 900.0000140625002, 950.0000148437501, 1000.0], "ampl": [6911.302520849895, 9760.064815796493, 11964.32384177255, 13618.592678830126, 14843.523253792213, 15759.858968352692, 16436.33789473831, 16950.200322908422, 17333.312295667965, 17630.511820097032, 17859.93388712895, 18034.403644402515, 18154.632203153484, 18250.10216559024, 18320.911731114764, 18364.76668409017, 18403.315425783643, 18417.843891189794, 18417.686126431618]}, "6": {"freq": [100.0, 150.0000005859375, 200.0, 250.0, 300.0000046875001, 350.0000054687501, 400.0, 450.0000070312501, 500.0, 550.0000064453126, 600.0000093750002, 650.0000228515634, 700.0000109375002, 750.0000292968762, 800.0, 850.0000298828136, 900.0000140625002, 950.0000148437501, 1000.0], "ampl": [7077.572107348071, 9954.443681766681, 12157.852750019554, 13801.07498583666, 15007.169470194061, 15902.097505805275, 16560.296092556804, 17058.934604955743, 17430.695151513748, 17716.638698428233, 17937.646323396366, 18104.371061934966, 18218.329769727527, 18309.735419109165, 18374.635600055946, 18414.69482696737, 18449.402158737492, 18463.460456848876, 18460.542337390987]}, "7": {"freq": [100.0, 150.0000005859375, 200.0, 250.0, 300.0000046875001, 350.0000054687501, 400.0, 450.0000070312501, 500.0, 550.0000064453126, 600.0000093750002, 650.0000228515634, 700.0000109375002, 750.0000292968762, 800.0, 850.0000298828136, 900.0000140625002, 950.0000148437501, 1000.0], "ampl": [6911.165742076731, 9748.195647367287, 11939.58353091313, 13582.650748238555, 14795.280359379432, 15699.29312515478, 16367.04035776651, 16871.27675644424, 17250.18993526537, 17542.67091315217, 17767.087115437673, 17936.250909177532, 18055.118782164398, 18149.877293891295, 18217.502243320345, 18260.424619938065, 18297.85313347353, 18311.03783110577, 18311.207391643573]}, "wireSegments": [17, 19, 21, 23, 25, 27, 29, 31, 417, 419, 421, 423, 425, 427, 429, 431, 817, 819, 821, 823, 825, 827, 829, 831], "apaChannels": [17, 19, 21, 23, 25, 27, 29, 31], "measuredBy": "", "stage": "DWA Development", "apaUuid": "continuity220-12", "layer": "U", "headboardNum": "10", "side": "A"}