{"scanEndMode": 0, "0": {"freq": [100.0, 150.0000005859375, 200.0, 250.0, 300.0000046875001, 350.0000054687501, 400.0, 450.0000070312501, 500.0, 550.0000064453126, 600.0000093750002, 650.0000228515634, 700.0000109375002, 750.0000292968762, 800.0, 850.0000298828136, 900.0000140625002, 950.0000148437501, 1000.0], "ampl": [3796.642202179901, 5608.5027600855055, 7213.119528473416, 8609.827201722583, 9804.791904196692, 10812.895297669755, 11654.121037903891, 12360.046822708342, 12943.767497395642, 13427.458377183955, 13834.214198406726, 14166.82265727096, 14437.245220464674, 14671.046354954533, 14851.91915747668, 15017.007204846777, 15137.723964701889, 15239.703423369676, 15317.405626769003]}, "1": {"freq": [100.0, 150.0000005859375, 200.0, 250.0, 300.0000046875001, 350.0000054687501, 400.0, 450.0000070312501, 500.0, 550.0000064453126, 600.0000093750002, 650.0000228515634, 700.0000109375002, 750.0000292968762, 800.0, 850.0000298828136, 900.0000140625002, 950.0000148437501, 1000.0], "ampl": [3524.6481647273104, 5219.638959942752, 6731.370581808564, 8059.617138657541, 9204.704644378935, 10173.573154839085, 10991.753673299245, 11678.879280520505, 12249.345010795738, 12726.839617120639, 13127.541055401813, 13455.60587012602, 13724.425919586323, 13958.003206434114, 14138.89419656463, 14303.75436434066, 14422.536827471858, 14528.082721934476, 14608.310462165207]}, "2": {"freq": [100.0, 150.0000005859375, 200.0, 250.0, 300.0000046875001, 350.0000054687501, 400.0, 450.0000070312501, 500.0, 550.0000064453126, 600.0000093750002, 650.0000228515634, 700.0000109375002, 750.0000292968762, 800.0, 850.0000298828136, 900.0000140625002, 950.0000148437501, 1000.0], "ampl": [3768.4948686569955, 5567.556698051332, 7159.991105598414, 8547.44605650098, 9736.149809238677, 10737.428104429935, 11575.631477019757, 12276.826335328096, 12859.167014864734, 13340.14116460896, 13744.618003098441, 14077.49603835086, 14347.014971778552, 14580.843207621923, 14760.513802967947, 14926.340916547475, 15044.385395560872, 15147.046607069795, 15227.929528167519]}, "3": {"freq": [100.0, 150.0000005859375, 200.0, 250.0, 300.0000046875001, 350.0000054687501, 400.0, 450.0000070312501, 500.0, 550.0000064453126, 600.0000093750002, 650.0000228515634, 700.0000109375002, 750.0000292968762, 800.0, 850.0000298828136, 900.0000140625002, 950.0000148437501, 1000.0], "ampl": [3487.322900797174, 5173.490986284877, 6679.6833602245615, 8006.157695291273, 9152.849265861556, 10128.704983876927, 10952.383696096593, 11646.959292526779, 12224.921397932472, 12705.799050341602, 13114.91906170025, 13449.589044766051, 13723.712927747403, 13959.399147695753, 14147.33309152891, 14316.287636762332, 14439.399798485918, 14547.38276886084, 14631.572378623961]}, "4": {"freq": [100.0, 150.0000005859375, 200.0, 250.0, 300.0000046875001, 350.0000054687501, 400.0, 450.0000070312501, 500.0, 550.0000064453126, 600.0000093750002, 650.0000228515634, 700.0000109375002, 750.0000292968762, 800.0, 850.0000298828136, 900.0000140625002, 950.0000148437501, 1000.0], "ampl": [3688.903776507672, 5451.56791949573, 7014.183533453509, 8379.55765817636, 9550.668865949103, 10539.484980326977, 11369.238107866713, 12065.42024581972, 12642.334425817484, 13121.903450450043, 13524.979941200365, 13855.22258192383, 14125.513832563807, 14358.886992022772, 14538.167780109958, 14705.11824589727, 14825.743556319554, 14925.99701982624, 15006.674831102193]}, "5": {"freq": [100.0, 150.0000005859375, 200.0, 250.0, 300.0000046875001, 350.0000054687501, 400.0, 450.0000070312501, 500.0, 550.0000064453126, 600.0000093750002, 650.0000228515634, 700.0000109375002, 750.0000292968762, 800.0, 850.0000298828136, 900.0000140625002, 950.0000148437501, 1000.0], "ampl": [3442.8060954207667, 5104.793241799783, 6596.374442088808, 7912.936764227234, 9054.894544240578, 10029.24257952023, 10853.825342533675, 11549.315221199526, 12130.75469709358, 12616.237064467232, 13028.647742137211, 13368.700886764545, 13647.525685813891, 13888.80052685219, 14076.290866675732, 14249.304803764968, 14376.682155011518, 14484.969597631725, 14572.014186391612]}, "6": {"freq": [100.0, 150.0000005859375, 200.0, 250.0, 300.0000046875001, 350.0000054687501, 400.0, 450.0000070312501, 500.0, 550.0000064453126, 600.0000093750002, 650.0000228515634, 700.0000109375002, 750.0000292968762, 800.0, 850.0000298828136, 900.0000140625002, 950.0000148437501, 1000.0], "ampl": [3683.9366158396433, 5441.53063917202, 6997.263636347117, 8351.847073340308, 9513.55050097308, 10492.745991703736, 11313.110784895616, 12000.01243355396, 12568.773898019095, 13040.645578884674, 13437.003907285683, 13762.970078385804, 14025.738047337622, 14254.270952523084, 14432.639879168155, 14593.255321013972, 14710.59720254801, 14811.649913311796, 14888.763875297884]}, "7": {"freq": [100.0, 150.0000005859375, 200.0, 250.0, 300.0000046875001, 350.0000054687501, 400.0, 450.0000070312501, 500.0, 550.0000064453126, 600.0000093750002, 650.0000228515634, 700.0000109375002, 750.0000292968762, 800.0, 850.0000298828136, 900.0000140625002, 950.0000148437501, 1000.0], "ampl": [3474.8941508673433, 5149.603793720582, 6645.457678589177, 7960.310485311174, 9095.405645459703, 10061.049526404233, 10874.950239887445, 11560.16614173842, 12129.703108769947, 12606.867050225377, 13007.591946656237, 13339.183326136374, 13609.82285505271, 13841.14963473496, 14025.709494682444, 14191.784843487769, 14311.840230707825, 14418.133025365743, 14500.236403481793]}, "wireSegments": [17, 19, 21, 23, 25, 27, 29, 31, 417, 419, 421, 423, 425, 427, 429, 431, 817, 819, 821, 823, 825, 827, 829, 831], "apaChannels": [17, 19, 21, 23, 25, 27, 29, 31], "measuredBy": "", "stage": "DWA Development", "apaUuid": "continuity100-12", "layer": "U", "headboardNum": "10", "side": "A"}