{"scanEndMode": 0, "0": {"freq": [20.0, 68.00000004249999, 116.00000061625, 164.00000102500002, 212.0000017225, 260.00000121875, 308.00000413875006, 356.00000178, 404.00000404, 452.00000113000004, 500.0, 548.0000054800001, 596.0000018625001, 644.0000128800003, 692.0000309237514, 740.0000127187502, 788.0000398925021, 836.0000428450022, 884.0000005525001, 932.0000393187518, 980.0000367500014, 1028.000071638755], "ampl": [87.37198647945382, 481.68793979308606, 937.5566117900062, 1388.1254790620194, 1823.7590601507634, 2239.585565049455, 2628.8170974473314, 2992.655948153336, 3328.7687740494116, 3639.3943621154954, 3922.944355920531, 4182.386832173363, 4417.117526104574, 4627.598644224965, 4820.511101345766, 4992.570101796378, 5145.039680476766, 5284.630050377384, 5406.009851985695, 5515.643504288351, 5613.268652468163, 5699.832252616955]}, "1": {"freq": [20.0, 68.00000004249999, 116.00000061625, 164.00000102500002, 212.0000017225, 260.00000121875, 308.00000413875006, 356.00000178, 404.00000404, 452.00000113000004, 500.0, 548.0000054800001, 596.0000018625001, 644.0000128800003, 692.0000309237514, 740.0000127187502, 788.0000398925021, 836.0000428450022, 884.0000005525001, 932.0000393187518, 980.0000367500014, 1028.000071638755], "ampl": [84.0047675544326, 475.91348832011937, 923.4555189911501, 1368.9963828273874, 1797.758423422086, 2208.2422484023737, 2593.289679423577, 2955.203834357893, 3288.1169664086847, 3595.753923606572, 3878.3644498213066, 4135.959182417345, 4370.430734945681, 4581.887365733049, 4775.378061146714, 4946.6023539576745, 5099.755554110331, 5239.657195849908, 5363.016111983546, 5472.163103779919, 5570.443776028603, 5658.815291690332]}, "2": {"freq": [20.0, 68.00000004249999, 116.00000061625, 164.00000102500002, 212.0000017225, 260.00000121875, 308.00000413875006, 356.00000178, 404.00000404, 452.00000113000004, 500.0, 548.0000054800001, 596.0000018625001, 644.0000128800003, 692.0000309237514, 740.0000127187502, 788.0000398925021, 836.0000428450022, 884.0000005525001, 932.0000393187518, 980.0000367500014, 1028.000071638755], "ampl": [87.78281862627802, 491.3552576899978, 954.4329309753155, 1413.502498062939, 1855.7447870898286, 2279.119002544385, 2674.4238272711286, 3042.6906632170812, 3383.0392089598236, 3697.4773599994937, 3984.873660042493, 4246.387125239089, 4481.808793744159, 4695.5132992410245, 4888.594673830618, 5063.115468858341, 5215.790966843876, 5355.834533890563, 5479.382098313879, 5587.986776745447, 5686.880170118678, 5773.893546423708]}, "3": {"freq": [20.0, 68.00000004249999, 116.00000061625, 164.00000102500002, 212.0000017225, 260.00000121875, 308.00000413875006, 356.00000178, 404.00000404, 452.00000113000004, 500.0, 548.0000054800001, 596.0000018625001, 644.0000128800003, 692.0000309237514, 740.0000127187502, 788.0000398925021, 836.0000428450022, 884.0000005525001, 932.0000393187518, 980.0000367500014, 1028.000071638755], "ampl": [60.17642114787407, 327.7086732249269, 638.7283233993339, 949.5211578997272, 1250.307725641376, 1539.6383319991278, 1811.8369837338441, 2068.248367833275, 2308.8847822937655, 2531.7218831184077, 2737.5120065105634, 2924.8399705259576, 3096.979513742069, 3254.1875557295716, 3396.7884931743424, 3525.941325805452, 3642.283781341663, 3747.6507518729586, 3841.322712614971, 3925.6481706470972, 4000.342168790657, 4067.8992650565574]}, "4": {"freq": [20.0, 68.00000004249999, 116.00000061625, 164.00000102500002, 212.0000017225, 260.00000121875, 308.00000413875006, 356.00000178, 404.00000404, 452.00000113000004, 500.0, 548.0000054800001, 596.0000018625001, 644.0000128800003, 692.0000309237514, 740.0000127187502, 788.0000398925021, 836.0000428450022, 884.0000005525001, 932.0000393187518, 980.0000367500014, 1028.000071638755], "ampl": [81.43901223228063, 418.1837413198273, 808.4949473034947, 1197.7401863409493, 1570.2371565624157, 1924.201092252873, 2255.5584656398782, 2563.8647488711626, 2846.950400655833, 3107.7896711805593, 3345.9013434432113, 3560.628495281946, 3754.62504869949, 3928.3893282528243, 4085.9096051354186, 4228.931626746675, 4355.388550674085, 4467.7709199546925, 4567.38183914313, 4654.712575634767, 4733.390715990472, 4802.798523089282]}, "5": {"freq": [20.0, 68.00000004249999, 116.00000061625, 164.00000102500002, 212.0000017225, 260.00000121875, 308.00000413875006, 356.00000178, 404.00000404, 452.00000113000004, 500.0, 548.0000054800001, 596.0000018625001, 644.0000128800003, 692.0000309237514, 740.0000127187502, 788.0000398925021, 836.0000428450022, 884.0000005525001, 932.0000393187518, 980.0000367500014, 1028.000071638755], "ampl": [61.08919614747745, 303.6545084848413, 583.7874292050326, 865.3055276967527, 1137.3393963229385, 1396.5379881606034, 1639.540785327899, 1868.4476529540493, 2081.9930637578345, 2278.3641095460625, 2460.2565471680687, 2623.4679432900784, 2771.6310911859305, 2906.870595941416, 3029.6471563076857, 3141.3024698228405, 3239.033289817781, 3330.222852468592, 3409.3548375624337, 3478.814088483587, 3541.7074819568716, 3597.409150970482]}, "6": {"freq": [20.0, 68.00000004249999, 116.00000061625, 164.00000102500002, 212.0000017225, 260.00000121875, 308.00000413875006, 356.00000178, 404.00000404, 452.00000113000004, 500.0, 548.0000054800001, 596.0000018625001, 644.0000128800003, 692.0000309237514, 740.0000127187502, 788.0000398925021, 836.0000428450022, 884.0000005525001, 932.0000393187518, 980.0000367500014, 1028.000071638755], "ampl": [83.43249278224464, 426.66930277307347, 826.2718063341609, 1223.188684981892, 1602.774023509107, 1963.445461278765, 2298.995237388001, 2610.7823461433804, 2895.768287032181, 3155.941634359309, 3392.2118890688635, 3606.069835069077, 3795.757574919018, 3966.431021839279, 4120.655382778503, 4259.9022267061155, 4379.706441801425, 4488.641003558931, 4583.910883755066, 4667.208689756668, 4742.737685816176, 4807.153969836777]}, "7": {"freq": [20.0, 68.00000004249999, 116.00000061625, 164.00000102500002, 212.0000017225, 260.00000121875, 308.00000413875006, 356.00000178, 404.00000404, 452.00000113000004, 500.0, 548.0000054800001, 596.0000018625001, 644.0000128800003, 692.0000309237514, 740.0000127187502, 788.0000398925021, 836.0000428450022, 884.0000005525001, 932.0000393187518, 980.0000367500014, 1028.000071638755], "ampl": [68.1566227675593, 350.20656577319966, 666.7065812399073, 981.7088846612729, 1281.5650807933973, 1566.2831527135995, 1832.2523078608697, 2078.1845496588144, 2304.0478497373056, 2509.8768997389307, 2696.275834988297, 2864.7568268392165, 3016.6997320215587, 3153.016234433246, 3274.9431372715067, 3383.8411426597636, 3478.4906210119902, 3565.1778776200094, 3640.7069428745517, 3707.9803683450773, 3766.587198533282, 3818.4656838470514]}, "wireSegments": [82, 84, 86, 88, 90, 92, 94, 96], "apaChannels": [82, 84, 86, 88, 90, 92, 94, 96], "measuredBy": "Chris Stanford", "stage": "Installation (Top)", "apaUuid": "43cd3950-268d-11ec-b6f5-a70e70a44436", "layer": "G", "headboardNum": "2", "side": "B"}