{"scanEndMode": 0, "0": {"freq": [100.0, 150.0000005859375, 200.0, 250.0, 300.0000046875001, 350.0000054687501, 400.0, 450.0000070312501, 500.0, 550.0000064453126, 600.0000093750002, 650.0000228515634, 700.0000109375002, 750.0000292968762, 800.0, 850.0000298828136, 900.0000140625002, 950.0000148437501, 1000.0], "ampl": [5366.805737927083, 7759.675279687388, 9745.570971861689, 11352.17069920405, 12634.227119912188, 13642.019219880975, 14435.783822664063, 15058.737449515525, 15550.432566743195, 15938.078065866383, 16252.15787941958, 16491.629485736838, 16679.435514160763, 16832.327828104702, 16957.05120282654, 17048.188703609823, 17118.35254644826, 17163.637785634037, 17204.23352175783]}, "1": {"freq": [100.0, 150.0000005859375, 200.0, 250.0, 300.0000046875001, 350.0000054687501, 400.0, 450.0000070312501, 500.0, 550.0000064453126, 600.0000093750002, 650.0000228515634, 700.0000109375002, 750.0000292968762, 800.0, 850.0000298828136, 900.0000140625002, 950.0000148437501, 1000.0], "ampl": [4967.114464408816, 7233.75350730364, 9157.79302258634, 10749.151361970597, 12045.231272845398, 13085.721700927015, 13920.610882896193, 14586.632286550474, 15118.008588090048, 15543.470942431095, 15890.532076752777, 16162.019848969456, 16375.796782107616, 16551.895758533326, 16697.464550343215, 16805.887554050114, 16893.157263375215, 16952.62697069759, 17004.995360063713]}, "2": {"freq": [100.0, 150.0000005859375, 200.0, 250.0, 300.0000046875001, 350.0000054687501, 400.0, 450.0000070312501, 500.0, 550.0000064453126, 600.0000093750002, 650.0000228515634, 700.0000109375002, 750.0000292968762, 800.0, 850.0000298828136, 900.0000140625002, 950.0000148437501, 1000.0], "ampl": [5351.763575275195, 7741.685563981099, 9725.128622826021, 11329.079750758869, 12607.401340772187, 13613.72616335959, 14407.87523552144, 15028.963516044292, 15520.340841123907, 15908.827930746715, 16223.179373841082, 16462.10940932694, 16650.84532109339, 16803.184622753262, 16927.191033117742, 17019.553434184218, 17091.015609464583, 17135.64417029833, 17176.027257424812]}, "3": {"freq": [100.0, 150.0000005859375, 200.0, 250.0, 300.0000046875001, 350.0000054687501, 400.0, 450.0000070312501, 500.0, 550.0000064453126, 600.0000093750002, 650.0000228515634, 700.0000109375002, 750.0000292968762, 800.0, 850.0000298828136, 900.0000140625002, 950.0000148437501, 1000.0], "ampl": [4917.653238538086, 7167.862002970186, 9080.160070070946, 10663.680998577209, 11953.721731082727, 12991.42235941087, 13821.854202376682, 14487.511864492399, 15019.627806637489, 15444.617536569847, 15791.387252374396, 16062.43660285415, 16276.510012042452, 16452.541256021694, 16597.157914223222, 16708.79530528522, 16795.590811613598, 16855.524529865725, 16908.602529704476]}, "4": {"freq": [100.0, 150.0000005859375, 200.0, 250.0, 300.0000046875001, 350.0000054687501, 400.0, 450.0000070312501, 500.0, 550.0000064453126, 600.0000093750002, 650.0000228515634, 700.0000109375002, 750.0000292968762, 800.0, 850.0000298828136, 900.0000140625002, 950.0000148437501, 1000.0], "ampl": [5275.74124638702, 7635.98373499234, 9602.69442561857, 11197.280227632331, 12473.650986867266, 13481.343535490389, 14276.16419573876, 14902.044712273444, 15396.79223501695, 15787.427239342847, 16103.02956449196, 16347.110745472151, 16536.459243183715, 16693.238097758072, 16819.0794670336, 16912.39377617143, 16985.026178989418, 17031.39657571786, 17073.350282294028]}, "5": {"freq": [100.0, 150.0000005859375, 200.0, 250.0, 300.0000046875001, 350.0000054687501, 400.0, 450.0000070312501, 500.0, 550.0000064453126, 600.0000093750002, 650.0000228515634, 700.0000109375002, 750.0000292968762, 800.0, 850.0000298828136, 900.0000140625002, 950.0000148437501, 1000.0], "ampl": [4885.453292145987, 7125.596707994517, 9035.725990686562, 10624.836674541615, 11924.778784968767, 12972.709282490068, 13817.125959996705, 14496.49888160157, 15035.574996890133, 15469.517390791578, 15825.033622542454, 16105.154550390615, 16326.7970155478, 16508.00879351829, 16658.495202790145, 16771.7853144499, 16863.108453851128, 16924.703605655195, 16982.959888266254]}, "6": {"freq": [100.0, 150.0000005859375, 200.0, 250.0, 300.0000046875001, 350.0000054687501, 400.0, 450.0000070312501, 500.0, 550.0000064453126, 600.0000093750002, 650.0000228515634, 700.0000109375002, 750.0000292968762, 800.0, 850.0000298828136, 900.0000140625002, 950.0000148437501, 1000.0], "ampl": [5228.88815966246, 7563.757643652826, 9507.68761699976, 11083.032684256223, 12339.620039403857, 13330.67181222372, 14115.265977095894, 14730.706189762423, 15216.112548944731, 15599.850230449789, 15910.88869468693, 16148.755081215832, 16336.048899814326, 16487.475388133447, 16610.617586262706, 16702.571029148556, 16771.940126895573, 16817.614235497895, 16858.91019287999]}, "7": {"freq": [100.0, 150.0000005859375, 200.0, 250.0, 300.0000046875001, 350.0000054687501, 400.0, 450.0000070312501, 500.0, 550.0000064453126, 600.0000093750002, 650.0000228515634, 700.0000109375002, 750.0000292968762, 800.0, 850.0000298828136, 900.0000140625002, 950.0000148437501, 1000.0], "ampl": [4829.663933220173, 7038.098981841477, 8913.683157767979, 10466.537277246258, 11730.746344880632, 12749.487063076978, 13565.431495285733, 14217.572528331579, 14737.960119431029, 15154.206152565028, 15495.573720531896, 15761.236631524267, 15969.668345945625, 16144.187801280128, 16286.014633216222, 16393.530742257793, 16477.824101295413, 16537.482524433166, 16588.22663149476]}, "wireSegments": [18, 20, 22, 24, 26, 28, 30, 32, 418, 420, 422, 424, 426, 428, 430, 432, 818, 820, 822, 824, 826, 828, 830, 832], "apaChannels": [18, 20, 22, 24, 26, 28, 30, 32], "measuredBy": "", "stage": "DWA Development", "apaUuid": "continuity150-12", "layer": "U", "headboardNum": "10", "side": "A"}