{"scanEndMode": 0, "0": {"freq": [100.0, 150.0000005859375, 200.0, 250.0, 300.0000046875001, 350.0000054687501, 400.0, 450.0000070312501, 500.0, 550.0000064453126, 600.0000093750002, 650.0000228515634, 700.0000109375002, 750.0000292968762, 800.0, 850.0000298828136, 900.0000140625002, 950.0000148437501, 1000.0], "ampl": [7294.631737842483, 10240.780283572292, 12491.614260293081, 14162.985769607898, 15389.719639695315, 16297.254869565917, 16955.315978533697, 17457.463333426218, 17833.66428074322, 18120.870919340177, 18331.789939913822, 18492.82452598288, 18622.34217559031, 18714.515409994536, 18777.53329739615, 18829.888133441113, 18850.344725763214, 18861.963907429807, 18853.282814668226]}, "1": {"freq": [100.0, 150.0000005859375, 200.0, 250.0, 300.0000046875001, 350.0000054687501, 400.0, 450.0000070312501, 500.0, 550.0000064453126, 600.0000093750002, 650.0000228515634, 700.0000109375002, 750.0000292968762, 800.0, 850.0000298828136, 900.0000140625002, 950.0000148437501, 1000.0], "ampl": [6738.941225628726, 9557.796791412902, 11774.042735597088, 13468.723882958253, 14742.421843037226, 15705.853822551662, 16415.73470385456, 16963.65445630995, 17382.029424050612, 17703.3660436422, 17944.238933170967, 18129.623516813645, 18281.860820948386, 18392.37928587961, 18469.527971409047, 18536.472563909545, 18569.54736500169, 18591.667345025857, 18592.510025914806]}, "2": {"freq": [100.0, 150.0000005859375, 200.0, 250.0, 300.0000046875001, 350.0000054687501, 400.0, 450.0000070312501, 500.0, 550.0000064453126, 600.0000093750002, 650.0000228515634, 700.0000109375002, 750.0000292968762, 800.0, 850.0000298828136, 900.0000140625002, 950.0000148437501, 1000.0], "ampl": [7254.066581149799, 10190.55239419118, 12435.53061393374, 14104.5148359856, 15331.018130175626, 16241.354970962666, 16900.003349173527, 17402.10115235735, 17780.07370676458, 18067.151640014046, 18278.67068930616, 18436.84556598413, 18569.389342901748, 18663.846379917235, 18726.098723696417, 18780.388987897048, 18799.54547668856, 18813.13286517197, 18803.74660775268]}, "3": {"freq": [100.0, 150.0000005859375, 200.0, 250.0, 300.0000046875001, 350.0000054687501, 400.0, 450.0000070312501, 500.0, 550.0000064453126, 600.0000093750002, 650.0000228515634, 700.0000109375002, 750.0000292968762, 800.0, 850.0000298828136, 900.0000140625002, 950.0000148437501, 1000.0], "ampl": [6915.008848719693, 9787.713821682843, 12034.285376343421, 13740.356139082769, 15015.458710683943, 15975.067917828861, 16678.855017532052, 17222.266517261163, 17633.221254106415, 17949.6202598244, 18185.894041485255, 18366.552927476976, 18514.74156292377, 18623.12766304332, 18698.4586090553, 18762.951708971985, 18790.92202911163, 18814.97646774676, 18808.76759233666]}, "4": {"freq": [100.0, 150.0000005859375, 200.0, 250.0, 300.0000046875001, 350.0000054687501, 400.0, 450.0000070312501, 500.0, 550.0000064453126, 600.0000093750002, 650.0000228515634, 700.0000109375002, 750.0000292968762, 800.0, 850.0000298828136, 900.0000140625002, 950.0000148437501, 1000.0], "ampl": [7246.773820284468, 10167.474796874483, 12394.610365874489, 14043.684829555616, 15252.551816541521, 16146.15608866506, 16791.8960556004, 17283.31539158454, 17651.355698319614, 17932.701902140623, 18138.017772937008, 18292.40832527859, 18422.3311071308, 18512.066177733832, 18573.13259946022, 18623.80821138733, 18642.409369757494, 18655.92018918609, 18644.904717352634]}, "5": {"freq": [100.0, 150.0000005859375, 200.0, 250.0, 300.0000046875001, 350.0000054687501, 400.0, 450.0000070312501, 500.0, 550.0000064453126, 600.0000093750002, 650.0000228515634, 700.0000109375002, 750.0000292968762, 800.0, 850.0000298828136, 900.0000140625002, 950.0000148437501, 1000.0], "ampl": [6823.003379581059, 9657.082986202733, 11869.181242606073, 13549.586772778295, 14805.584927274833, 15749.217478603283, 16443.62396018394, 16978.014516379015, 17381.866501731613, 17692.794003176175, 17926.225298224887, 18104.883857520206, 18249.979807957367, 18355.046884974858, 18428.1192421668, 18490.518481015828, 18520.96051004932, 18539.53001696691, 18538.877069574883]}, "6": {"freq": [100.0, 150.0000005859375, 200.0, 250.0, 300.0000046875001, 350.0000054687501, 400.0, 450.0000070312501, 500.0, 550.0000064453126, 600.0000093750002, 650.0000228515634, 700.0000109375002, 750.0000292968762, 800.0, 850.0000298828136, 900.0000140625002, 950.0000148437501, 1000.0], "ampl": [7187.540141889889, 10074.911332702728, 12268.143863136345, 13891.30741609659, 15076.574716779858, 15951.811793775227, 16585.016954588948, 17064.703740202385, 17424.55893479781, 17697.457498403568, 17898.75090858349, 18049.81448223506, 18172.333032013947, 18258.333236664952, 18318.320333406085, 18366.874143889905, 18384.743022496048, 18394.640307283582, 18386.43355391002]}, "7": {"freq": [100.0, 150.0000005859375, 200.0, 250.0, 300.0000046875001, 350.0000054687501, 400.0, 450.0000070312501, 500.0, 550.0000064453126, 600.0000093750002, 650.0000228515634, 700.0000109375002, 750.0000292968762, 800.0, 850.0000298828136, 900.0000140625002, 950.0000148437501, 1000.0], "ampl": [6864.0902892366985, 9701.568853545024, 11909.696502826346, 13577.584148160935, 14816.752964396608, 15746.123062288527, 16426.819049597772, 16949.23954773717, 17344.847468904125, 17647.151274873795, 17872.883441532304, 18046.018037406033, 18186.381350998607, 18289.247997795475, 18359.510346461946, 18419.9845223902, 18446.089297401635, 18466.233717729097, 18461.809582049358]}, "wireSegments": [2, 4, 6, 8, 10, 12, 14, 16, 402, 404, 406, 408, 410, 412, 414, 416, 802, 804, 806, 808, 810, 812, 814, 816], "apaChannels": [2, 4, 6, 8, 10, 12, 14, 16], "measuredBy": "", "stage": "DWA Development", "apaUuid": "continuity220-12", "layer": "U", "headboardNum": "10", "side": "A"}