{"scanEndMode": 0, "0": {"freq": [100.0, 150.0000005859375, 200.0, 250.0, 300.0000046875001, 350.0000054687501, 400.0, 450.0000070312501, 500.0, 550.0000064453126, 600.0000093750002, 650.0000228515634, 700.0000109375002, 750.0000292968762, 800.0, 850.0000298828136, 900.0000140625002, 950.0000148437501, 1000.0], "ampl": [7045.165584188074, 9929.53991136244, 12161.719691772627, 13835.61285369052, 15083.964398929624, 15996.84971188639, 16686.084351930276, 17200.104422945187, 17593.37076385166, 17891.496426987414, 18116.957925615145, 18291.531240573167, 18424.192401261927, 18519.543655336536, 18594.875848514177, 18643.526018781347, 18667.343016193983, 18683.46661436651, 18689.762585934364]}, "1": {"freq": [100.0, 150.0000005859375, 200.0, 250.0, 300.0000046875001, 350.0000054687501, 400.0, 450.0000070312501, 500.0, 550.0000064453126, 600.0000093750002, 650.0000228515634, 700.0000109375002, 750.0000292968762, 800.0, 850.0000298828136, 900.0000140625002, 950.0000148437501, 1000.0], "ampl": [6964.80672019597, 9827.13785384129, 12045.288914657624, 13713.427932590921, 14957.803672757096, 15869.394031094254, 16557.882612111276, 17073.548606607244, 17465.306673598727, 17764.266691030694, 17988.546108793424, 18165.252051888852, 18296.5303590273, 18393.566153582262, 18467.436673146894, 18517.234267638185, 18542.161405034294, 18557.08915772058, 18564.216288884294]}, "2": {"freq": [100.0, 150.0000005859375, 200.0, 250.0, 300.0000046875001, 350.0000054687501, 400.0, 450.0000070312501, 500.0, 550.0000064453126, 600.0000093750002, 650.0000228515634, 700.0000109375002, 750.0000292968762, 800.0, 850.0000298828136, 900.0000140625002, 950.0000148437501, 1000.0], "ampl": [7141.622119183448, 10050.264980659354, 12287.359336641026, 13955.341839369523, 15196.742636068986, 16100.481738168082, 16779.177562669884, 17287.07288469379, 17672.97730664261, 17963.968485171332, 18185.50309204962, 18357.305069589453, 18483.221962324653, 18578.340615725396, 18648.832106597216, 18697.222781187742, 18717.999323520253, 18730.445231754384, 18734.83780869825]}, "3": {"freq": [100.0, 150.0000005859375, 200.0, 250.0, 300.0000046875001, 350.0000054687501, 400.0, 450.0000070312501, 500.0, 550.0000064453126, 600.0000093750002, 650.0000228515634, 700.0000109375002, 750.0000292968762, 800.0, 850.0000298828136, 900.0000140625002, 950.0000148437501, 1000.0], "ampl": [6887.309071594658, 9728.810030399882, 11934.823306813752, 13595.22748224307, 14835.980579630843, 15744.768906791865, 16432.103769081554, 16946.363441364218, 17337.95549845721, 17635.870835306207, 17861.454828702816, 18037.319526652784, 18169.44270396724, 18263.421830037794, 18340.67232237175, 18391.50500166923, 18415.106698563905, 18430.0590599565, 18439.18895713814]}, "4": {"freq": [100.0, 150.0000005859375, 200.0, 250.0, 300.0000046875001, 350.0000054687501, 400.0, 450.0000070312501, 500.0, 550.0000064453126, 600.0000093750002, 650.0000228515634, 700.0000109375002, 750.0000292968762, 800.0, 850.0000298828136, 900.0000140625002, 950.0000148437501, 1000.0], "ampl": [7168.840500243734, 10067.174409034826, 12281.239230157082, 13924.698828451124, 15141.486789378516, 16022.582586179687, 16682.42652425534, 17173.199083042186, 17546.522070472445, 17828.340001725763, 18039.74588442164, 18205.091507961526, 18325.791855226882, 18414.07245470936, 18482.168324531456, 18525.345779660365, 18545.064918651613, 18556.213343365114, 18560.02136030349]}, "5": {"freq": [100.0, 150.0000005859375, 200.0, 250.0, 300.0000046875001, 350.0000054687501, 400.0, 450.0000070312501, 500.0, 550.0000064453126, 600.0000093750002, 650.0000228515634, 700.0000109375002, 750.0000292968762, 800.0, 850.0000298828136, 900.0000140625002, 950.0000148437501, 1000.0], "ampl": [6872.388844273373, 9681.867406116895, 11845.30126462316, 13464.060762109344, 14669.230661121926, 15546.64203818618, 16206.667275862634, 16698.88784778522, 17075.07815007871, 17358.737645631234, 17572.63074146766, 17739.548702826032, 17863.2391933243, 17954.09205528338, 18023.751361756415, 18070.633139280017, 18090.401134257383, 18104.239088364735, 18110.076083863085]}, "6": {"freq": [100.0, 150.0000005859375, 200.0, 250.0, 300.0000046875001, 350.0000054687501, 400.0, 450.0000070312501, 500.0, 550.0000064453126, 600.0000093750002, 650.0000228515634, 700.0000109375002, 750.0000292968762, 800.0, 850.0000298828136, 900.0000140625002, 950.0000148437501, 1000.0], "ampl": [7161.993119154972, 10044.08487476912, 12242.190534037461, 13868.948552261301, 15066.725266683052, 15932.488429931062, 16581.949521899867, 17064.358605037673, 17428.36250439676, 17703.67617808191, 17909.57907017815, 18070.22935487379, 18187.396596084265, 18272.81829826523, 18339.180957729113, 18380.677607311547, 18398.235304420752, 18408.794797199876, 18408.94568281885]}, "7": {"freq": [100.0, 150.0000005859375, 200.0, 250.0, 300.0000046875001, 350.0000054687501, 400.0, 450.0000070312501, 500.0, 550.0000064453126, 600.0000093750002, 650.0000228515634, 700.0000109375002, 750.0000292968762, 800.0, 850.0000298828136, 900.0000140625002, 950.0000148437501, 1000.0], "ampl": [6901.009911250949, 9707.879622149318, 11862.34475897353, 13466.490824438306, 14652.997110795799, 15515.363614553722, 16162.407703908066, 16643.26568641738, 17009.992891410402, 17285.932642837433, 17493.877800849186, 17654.368910374742, 17773.76195503847, 17861.023739421784, 17929.08012376313, 17972.62348678783, 17991.63896641572, 18002.537657345718, 18006.90571817007]}, "wireSegments": [18, 20, 22, 24, 26, 28, 30, 32, 418, 420, 422, 424, 426, 428, 430, 432, 818, 820, 822, 824, 826, 828, 830, 832], "apaChannels": [32, 30, 28, 26, 24, 22, 20, 18], "measuredBy": "", "stage": "DWA Development", "apaUuid": "continuity220-12", "layer": "V", "headboardNum": "1", "side": "A"}