{"scanEndMode": 0, "0": {"freq": [100.0, 150.0000005859375, 200.0, 250.0, 300.0000046875001, 350.0000054687501, 400.0, 450.0000070312501, 500.0, 550.0000064453126, 600.0000093750002, 650.0000228515634, 700.0000109375002, 750.0000292968762, 800.0, 850.0000298828136, 900.0000140625002, 950.0000148437501, 1000.0], "ampl": [3866.3918545734323, 5699.4795012463965, 7320.761108804452, 8724.790101689769, 9916.828358769966, 10918.696790020156, 11756.110338448727, 12445.096472635365, 13020.517593656474, 13488.275824864124, 13882.445220296513, 14209.029312437655, 14472.029132601541, 14694.39759657324, 14876.423521811888, 15017.93503349091, 15131.912127962963, 15233.391532942811, 15306.214503932199]}, "1": {"freq": [100.0, 150.0000005859375, 200.0, 250.0, 300.0000046875001, 350.0000054687501, 400.0, 450.0000070312501, 500.0, 550.0000064453126, 600.0000093750002, 650.0000228515634, 700.0000109375002, 750.0000292968762, 800.0, 850.0000298828136, 900.0000140625002, 950.0000148437501, 1000.0], "ampl": [3469.739809750718, 5145.9541988071705, 6657.513651981289, 7993.911121356302, 9155.220171183626, 10153.450750840082, 11002.827859874946, 11717.277234296995, 12322.6686172299, 12825.044580956523, 13252.001680963462, 13611.495637814995, 13907.058833938408, 14155.854150764666, 14367.194253831203, 14534.620286068512, 14671.860980107916, 14793.62540696227, 14885.428262262278]}, "2": {"freq": [100.0, 150.0000005859375, 200.0, 250.0, 300.0000046875001, 350.0000054687501, 400.0, 450.0000070312501, 500.0, 550.0000064453126, 600.0000093750002, 650.0000228515634, 700.0000109375002, 750.0000292968762, 800.0, 850.0000298828136, 900.0000140625002, 950.0000148437501, 1000.0], "ampl": [3827.0541178309536, 5646.311306129961, 7255.403343088821, 8651.33158228785, 9840.612530211956, 10837.662906722984, 11674.308458021304, 12361.811844964885, 12938.189672687682, 13407.16615216177, 13801.04113727982, 14128.479891433703, 14392.745891226663, 14614.559862938753, 14799.05355500794, 14941.45132258684, 15054.839949505598, 15157.637091152772, 15233.133609528766]}, "3": {"freq": [100.0, 150.0000005859375, 200.0, 250.0, 300.0000046875001, 350.0000054687501, 400.0, 450.0000070312501, 500.0, 550.0000064453126, 600.0000093750002, 650.0000228515634, 700.0000109375002, 750.0000292968762, 800.0, 850.0000298828136, 900.0000140625002, 950.0000148437501, 1000.0], "ampl": [3373.5619304985885, 5011.066499396699, 6491.329285884445, 7803.636084556746, 8946.092973340892, 9933.29009844777, 10775.239598609198, 11484.094178595646, 12085.732229926307, 12587.112827758374, 13016.387042502638, 13374.220936294802, 13669.882468417014, 13922.547770851215, 14133.10218306295, 14301.97262833748, 14441.463608899796, 14563.994996658643, 14659.130931119244]}, "4": {"freq": [100.0, 150.0000005859375, 200.0, 250.0, 300.0000046875001, 350.0000054687501, 400.0, 450.0000070312501, 500.0, 550.0000064453126, 600.0000093750002, 650.0000228515634, 700.0000109375002, 750.0000292968762, 800.0, 850.0000298828136, 900.0000140625002, 950.0000148437501, 1000.0], "ampl": [3801.7960147897293, 5606.101509111965, 7207.369308333736, 8595.587487896211, 9776.837847350764, 10775.928832374882, 11609.934110126584, 12299.104362282738, 12872.625998096864, 13340.9441322498, 13735.569145888565, 14064.251290246846, 14327.575056151052, 14549.983193372565, 14734.941151809251, 14879.402216735358, 14992.992280449194, 15095.987558820949, 15172.632650268866]}, "5": {"freq": [100.0, 150.0000005859375, 200.0, 250.0, 300.0000046875001, 350.0000054687501, 400.0, 450.0000070312501, 500.0, 550.0000064453126, 600.0000093750002, 650.0000228515634, 700.0000109375002, 750.0000292968762, 800.0, 850.0000298828136, 900.0000140625002, 950.0000148437501, 1000.0], "ampl": [3379.0845159968208, 5018.213021883394, 6502.410420134547, 7822.314933171327, 8974.083687347313, 9970.107168820503, 10822.570967877353, 11542.394191651598, 12155.540065131048, 12665.343665589377, 13097.174043880264, 13469.79300260163, 13771.784852773333, 14031.701765941873, 14249.539020998018, 14423.143651715085, 14567.8742982608, 14695.062285526117, 14792.490828455135]}, "6": {"freq": [100.0, 150.0000005859375, 200.0, 250.0, 300.0000046875001, 350.0000054687501, 400.0, 450.0000070312501, 500.0, 550.0000064453126, 600.0000093750002, 650.0000228515634, 700.0000109375002, 750.0000292968762, 800.0, 850.0000298828136, 900.0000140625002, 950.0000148437501, 1000.0], "ampl": [3777.8168932047247, 5568.319822546061, 7150.680833548729, 8520.975264131921, 9684.763652100764, 10665.410149564434, 11481.445027025935, 12155.190797100968, 12717.14598802839, 13175.854244685133, 13558.933339970328, 13878.855409074931, 14136.076643424172, 14352.99079072394, 14530.434410098167, 14668.328145321537, 14781.628189301502, 14878.867090396596, 14951.52868951779]}, "7": {"freq": [100.0, 150.0000005859375, 200.0, 250.0, 300.0000046875001, 350.0000054687501, 400.0, 450.0000070312501, 500.0, 550.0000064453126, 600.0000093750002, 650.0000228515634, 700.0000109375002, 750.0000292968762, 800.0, 850.0000298828136, 900.0000140625002, 950.0000148437501, 1000.0], "ampl": [3327.201761632733, 4938.130857599108, 6393.960358767614, 7680.624741103723, 8798.31509260081, 9762.137446947767, 10584.91370787314, 11274.553391039348, 11862.240369762496, 12349.004439265802, 12763.47276801136, 13113.119417684937, 13398.060584118433, 13642.821113201517, 13847.543844073147, 14011.00413245006, 14144.025809534065, 14262.506710113621, 14352.560284905978]}, "wireSegments": [18, 20, 22, 24, 26, 28, 30, 32, 418, 420, 422, 424, 426, 428, 430, 432, 818, 820, 822, 824, 826, 828, 830, 832], "apaChannels": [18, 20, 22, 24, 26, 28, 30, 32], "measuredBy": "", "stage": "DWA Development", "apaUuid": "continuity100-12", "layer": "U", "headboardNum": "10", "side": "A"}