{"scanEndMode": 0, "0": {"freq": [100.0, 150.0000005859375, 200.0, 250.0, 300.0000046875001, 350.0000054687501, 400.0, 450.0000070312501, 500.0, 550.0000064453126, 600.0000093750002, 650.0000228515634, 700.0000109375002, 750.0000292968762, 800.0, 850.0000298828136, 900.0000140625002, 950.0000148437501, 1000.0], "ampl": [3711.19026655051, 5485.60407831086, 7066.70764273196, 8448.820204085558, 9634.644774770763, 10637.850464595407, 11484.325841941782, 12191.775509034822, 12783.760331581909, 13278.276195287279, 13686.09716368895, 14027.84802781656, 14305.667167640617, 14543.555726830142, 14737.905574734732, 14897.612585031382, 15028.138110532718, 15129.26411142932, 15217.05478826898]}, "1": {"freq": [100.0, 150.0000005859375, 200.0, 250.0, 300.0000046875001, 350.0000054687501, 400.0, 450.0000070312501, 500.0, 550.0000064453126, 600.0000093750002, 650.0000228515634, 700.0000109375002, 750.0000292968762, 800.0, 850.0000298828136, 900.0000140625002, 950.0000148437501, 1000.0], "ampl": [3407.6157863556537, 5054.647631794262, 6538.8372720909865, 7848.974546030021, 8987.058119036883, 9961.477435677081, 10790.308157656767, 11486.394539350467, 12073.814638669613, 12567.510558565271, 12975.253219386424, 13320.997217673608, 13604.201767973072, 13847.561691478395, 14046.53825172064, 14209.775780973578, 14347.767962161588, 14454.572737899663, 14546.688090781225]}, "2": {"freq": [100.0, 150.0000005859375, 200.0, 250.0, 300.0000046875001, 350.0000054687501, 400.0, 450.0000070312501, 500.0, 550.0000064453126, 600.0000093750002, 650.0000228515634, 700.0000109375002, 750.0000292968762, 800.0, 850.0000298828136, 900.0000140625002, 950.0000148437501, 1000.0], "ampl": [3691.882332247855, 5460.647113865971, 7034.4805081988125, 8413.897699567036, 9597.515739906607, 10599.080922989793, 11443.981876611058, 12150.536905199713, 12741.462708073806, 13235.399363658424, 13641.851079872025, 13984.51207511204, 14261.43472838946, 14500.24029323862, 14695.517298842356, 14852.885554941944, 14985.535524141722, 15086.570784433838, 15174.114399208771]}, "3": {"freq": [100.0, 150.0000005859375, 200.0, 250.0, 300.0000046875001, 350.0000054687501, 400.0, 450.0000070312501, 500.0, 550.0000064453126, 600.0000093750002, 650.0000228515634, 700.0000109375002, 750.0000292968762, 800.0, 850.0000298828136, 900.0000140625002, 950.0000148437501, 1000.0], "ampl": [3467.4661391603577, 5143.652118126035, 6651.575510740515, 7983.51231205291, 9136.017309486604, 10121.397934746085, 10958.666556210104, 11662.285001224287, 12252.67790713081, 12750.459293315054, 13160.701678125904, 13508.093743978174, 13791.972498516385, 14034.307973008586, 14234.815400333453, 14398.848567927316, 14534.941531538812, 14641.536402471795, 14733.31949966765]}, "4": {"freq": [100.0, 150.0000005859375, 200.0, 250.0, 300.0000046875001, 350.0000054687501, 400.0, 450.0000070312501, 500.0, 550.0000064453126, 600.0000093750002, 650.0000228515634, 700.0000109375002, 750.0000292968762, 800.0, 850.0000298828136, 900.0000140625002, 950.0000148437501, 1000.0], "ampl": [3687.1245115844927, 5445.765956780085, 7010.06660013032, 8376.584371600311, 9546.012660857197, 10536.711345338419, 11369.992365075284, 12064.968275500612, 12643.708486087684, 13127.259489904473, 13524.25053114933, 13859.39938874537, 14129.147640095318, 14360.703045235468, 14551.044628126727, 14704.57395902711, 14831.259685779743, 14930.25815731987, 15013.530026992059]}, "5": {"freq": [100.0, 150.0000005859375, 200.0, 250.0, 300.0000046875001, 350.0000054687501, 400.0, 450.0000070312501, 500.0, 550.0000064453126, 600.0000093750002, 650.0000228515634, 700.0000109375002, 750.0000292968762, 800.0, 850.0000298828136, 900.0000140625002, 950.0000148437501, 1000.0], "ampl": [3415.74479420132, 5063.265289240117, 6544.059074164943, 7852.200282814013, 8982.898828164187, 9949.670853880241, 10769.274573832388, 11457.883903658796, 12036.630107146917, 12521.509678579487, 12921.791727901456, 13262.132365810145, 13538.56120079991, 13777.194973656207, 13971.542289083722, 14130.369582382424, 14263.600739587097, 14367.190219468865, 14455.741074260943]}, "6": {"freq": [100.0, 150.0000005859375, 200.0, 250.0, 300.0000046875001, 350.0000054687501, 400.0, 450.0000070312501, 500.0, 550.0000064453126, 600.0000093750002, 650.0000228515634, 700.0000109375002, 750.0000292968762, 800.0, 850.0000298828136, 900.0000140625002, 950.0000148437501, 1000.0], "ampl": [3632.8982774608885, 5368.871922712366, 6908.047548713543, 8252.682740746108, 9403.096817285477, 10375.490932265478, 11193.782344896714, 11875.523491162923, 12443.154746352408, 12917.152310979202, 13304.242643755417, 13632.144933067648, 13896.52389676609, 14123.224426570494, 14307.43247759182, 14456.96232103307, 14581.657618006599, 14676.586294951483, 14758.048221309551]}, "7": {"freq": [100.0, 150.0000005859375, 200.0, 250.0, 300.0000046875001, 350.0000054687501, 400.0, 450.0000070312501, 500.0, 550.0000064453126, 600.0000093750002, 650.0000228515634, 700.0000109375002, 750.0000292968762, 800.0, 850.0000298828136, 900.0000140625002, 950.0000148437501, 1000.0], "ampl": [3446.3452475121753, 5102.863583206872, 6583.2286199995515, 7881.399241959377, 8997.046649209891, 9943.980068361021, 10744.453474924685, 11413.232325802384, 11969.78912826461, 12438.14439326616, 12822.425375722827, 13147.33704705429, 13408.71633353317, 13634.51823290633, 13818.267725521608, 13968.512140256164, 14093.222544704633, 14189.824263979861, 14271.296594378346]}, "wireSegments": [2, 4, 6, 8, 10, 12, 14, 16, 402, 404, 406, 408, 410, 412, 414, 416, 802, 804, 806, 808, 810, 812, 814, 816], "apaChannels": [16, 14, 12, 10, 8, 6, 4, 2], "measuredBy": "", "stage": "DWA Development", "apaUuid": "continuity100-12", "layer": "V", "headboardNum": "1", "side": "A"}