{"scanEndMode": 0, "0": {"freq": [100.0, 150.0000005859375, 200.0, 250.0, 300.0000046875001, 350.0000054687501, 400.0, 450.0000070312501, 500.0, 550.0000064453126, 600.0000093750002, 650.0000228515634, 700.0000109375002, 750.0000292968762, 800.0, 850.0000298828136, 900.0000140625002, 950.0000148437501, 1000.0], "ampl": [3799.7030399477326, 5607.301193222471, 7215.79359531777, 8611.592071759238, 9807.616041862351, 10823.959877506117, 11671.437779859283, 12377.780267825477, 12969.255541433915, 13454.421632392958, 13861.73164796645, 14199.262162706485, 14474.597944075369, 14713.586364700934, 14898.703177096748, 15049.608199602399, 15178.500148457202, 15283.2620570536, 15365.310119429929]}, "1": {"freq": [100.0, 150.0000005859375, 200.0, 250.0, 300.0000046875001, 350.0000054687501, 400.0, 450.0000070312501, 500.0, 550.0000064453126, 600.0000093750002, 650.0000228515634, 700.0000109375002, 750.0000292968762, 800.0, 850.0000298828136, 900.0000140625002, 950.0000148437501, 1000.0], "ampl": [3427.321409068016, 5084.674742949236, 6585.440479961784, 7914.785271963654, 9073.630858395898, 10077.054116198273, 10931.318917093093, 11653.166205327709, 12265.432393119394, 12779.831694376122, 13216.687895033747, 13580.923371592638, 13882.793846003646, 14145.407191380038, 14355.186539948221, 14527.240306581223, 14677.590779093412, 14799.121442738417, 14899.507536845076]}, "2": {"freq": [100.0, 150.0000005859375, 200.0, 250.0, 300.0000046875001, 350.0000054687501, 400.0, 450.0000070312501, 500.0, 550.0000064453126, 600.0000093750002, 650.0000228515634, 700.0000109375002, 750.0000292968762, 800.0, 850.0000298828136, 900.0000140625002, 950.0000148437501, 1000.0], "ampl": [3896.1318631410604, 5741.97491460921, 7374.410975529228, 8782.219692039815, 9979.800054105735, 10990.809323811862, 11830.76814381502, 12524.57176569793, 13100.250131066967, 13573.23780400692, 13969.600189571114, 14291.7693543109, 14557.628871396895, 14785.421328309076, 14960.028493085782, 15102.894602858296, 15224.532036549766, 15321.199229962192, 15396.833542569191]}, "3": {"freq": [100.0, 150.0000005859375, 200.0, 250.0, 300.0000046875001, 350.0000054687501, 400.0, 450.0000070312501, 500.0, 550.0000064453126, 600.0000093750002, 650.0000228515634, 700.0000109375002, 750.0000292968762, 800.0, 850.0000298828136, 900.0000140625002, 950.0000148437501, 1000.0], "ampl": [3431.791922303206, 5095.67512780964, 6599.460276600536, 7929.984382206508, 9091.155567979795, 10097.425230894902, 10952.901483413532, 11675.184868610435, 12287.792314976876, 12801.203986944582, 13238.116932990411, 13601.26804178173, 13904.963335739361, 14167.155297272882, 14374.483112805628, 14549.04508615446, 14696.734149563845, 14818.36755458905, 14917.138007293821]}, "4": {"freq": [100.0, 150.0000005859375, 200.0, 250.0, 300.0000046875001, 350.0000054687501, 400.0, 450.0000070312501, 500.0, 550.0000064453126, 600.0000093750002, 650.0000228515634, 700.0000109375002, 750.0000292968762, 800.0, 850.0000298828136, 900.0000140625002, 950.0000148437501, 1000.0], "ampl": [3805.708766715035, 5613.78147122161, 7218.329932805159, 8607.96300608765, 9797.469644078961, 10802.783934040119, 11640.023025022481, 12336.351648689268, 12915.735849037308, 13394.094425590465, 13792.81584002475, 14121.541473814515, 14389.959456481625, 14622.86825049896, 14802.036822748778, 14948.720665072984, 15074.384779313486, 15174.45818730168, 15254.252660347736]}, "5": {"freq": [100.0, 150.0000005859375, 200.0, 250.0, 300.0000046875001, 350.0000054687501, 400.0, 450.0000070312501, 500.0, 550.0000064453126, 600.0000093750002, 650.0000228515634, 700.0000109375002, 750.0000292968762, 800.0, 850.0000298828136, 900.0000140625002, 950.0000148437501, 1000.0], "ampl": [3316.089684182931, 4926.699574787199, 6386.64835564317, 7685.126891487056, 8825.894264157254, 9815.517453313725, 10661.1833454098, 11378.922973216218, 11987.891896509565, 12501.240433898947, 12940.119725675357, 13306.449458006311, 13610.90689360779, 13877.944018883216, 14090.162220566024, 14265.680405302983, 14419.501968092321, 14545.916352915541, 14648.000317372076]}, "6": {"freq": [100.0, 150.0000005859375, 200.0, 250.0, 300.0000046875001, 350.0000054687501, 400.0, 450.0000070312501, 500.0, 550.0000064453126, 600.0000093750002, 650.0000228515634, 700.0000109375002, 750.0000292968762, 800.0, 850.0000298828136, 900.0000140625002, 950.0000148437501, 1000.0], "ampl": [3777.905983518192, 5571.271370895994, 7155.899093286483, 8525.422449473688, 9693.114643804352, 10680.476350785055, 11499.747850131545, 12178.096850895534, 12743.468713632185, 13207.404876084873, 13594.317467261553, 13912.283464386033, 14172.568767090186, 14396.961213416589, 14568.8958963462, 14709.325335869085, 14829.12442711761, 14926.052510241125, 14999.633963250431]}, "7": {"freq": [100.0, 150.0000005859375, 200.0, 250.0, 300.0000046875001, 350.0000054687501, 400.0, 450.0000070312501, 500.0, 550.0000064453126, 600.0000093750002, 650.0000228515634, 700.0000109375002, 750.0000292968762, 800.0, 850.0000298828136, 900.0000140625002, 950.0000148437501, 1000.0], "ampl": [3307.9573303504285, 4913.317465159836, 6364.172547500017, 7648.9355480994, 8770.741402054022, 9742.370274523922, 10570.295152051247, 11271.89055058321, 11865.720855073489, 12362.998090951234, 12787.514806931802, 13141.234528640665, 13435.425528385626, 13690.879901627552, 13893.15143986452, 14063.413853984955, 14208.220834643305, 14328.697695705241, 14424.609261902337]}, "wireSegments": [33, 35, 37, 39, 41, 43, 45, 47], "apaChannels": [47, 45, 43, 41, 39, 37, 35, 33], "measuredBy": "", "stage": "DWA Development", "apaUuid": "continuity100-12", "layer": "X", "headboardNum": "1", "side": "A"}