{"scanEndMode": 0, "0": {"freq": [20.0, 68.00000004249999, 116.00000061625, 164.00000102500002, 212.0000017225, 260.00000121875, 308.00000413875006, 356.00000178, 404.00000404, 452.00000113000004, 500.0, 548.0000054800001, 596.0000018625001, 644.0000128800003, 692.0000309237514, 740.0000127187502, 788.0000398925021, 836.0000428450022, 884.0000005525001, 932.0000393187518, 980.0000367500014, 1028.000071638755], "ampl": [91.5107715562947, 516.7738142579612, 1003.9413666392345, 1489.071208085499, 1955.846789038729, 2404.5752086377415, 2824.4440586398746, 3218.379350270093, 3580.7135882674506, 3917.1490896019945, 4225.98336734498, 4508.535418269865, 4763.933177824816, 4994.684697915009, 5203.9843377115485, 5391.275508281566, 5562.075578234884, 5712.99204847541, 5846.258544732521, 5968.059111925422, 6075.617249144949, 6172.28865826769]}, "1": {"freq": [20.0, 68.00000004249999, 116.00000061625, 164.00000102500002, 212.0000017225, 260.00000121875, 308.00000413875006, 356.00000178, 404.00000404, 452.00000113000004, 500.0, 548.0000054800001, 596.0000018625001, 644.0000128800003, 692.0000309237514, 740.0000127187502, 788.0000398925021, 836.0000428450022, 884.0000005525001, 932.0000393187518, 980.0000367500014, 1028.000071638755], "ampl": [77.94300256356603, 445.7997011602059, 869.0748326329272, 1293.0760622412793, 1704.6139967048216, 2101.244659135225, 2476.5826502842333, 2829.6784457214067, 3160.707038485202, 3468.930800351937, 3753.958415837539, 4015.8391538595615, 4257.64344321589, 4477.779551933464, 4676.387879480312, 4859.797805723897, 5024.904993613983, 5173.428739552121, 5305.338240467747, 5425.980031049798, 5534.950016884554, 5634.612234912365]}, "2": {"freq": [20.0, 68.00000004249999, 116.00000061625, 164.00000102500002, 212.0000017225, 260.00000121875, 308.00000413875006, 356.00000178, 404.00000404, 452.00000113000004, 500.0, 548.0000054800001, 596.0000018625001, 644.0000128800003, 692.0000309237514, 740.0000127187502, 788.0000398925021, 836.0000428450022, 884.0000005525001, 932.0000393187518, 980.0000367500014, 1028.000071638755], "ampl": [96.4130380600508, 547.6937025251357, 1064.5994745526318, 1578.6636936023554, 2076.637822005628, 2550.0725516964058, 2995.9206481707056, 3411.5052200628593, 3796.5688099516774, 4152.209839880809, 4477.872755821847, 4775.182179769635, 5043.867012341165, 5288.63009802403, 5507.4186313842765, 5706.12863400712, 5884.828729191679, 6044.097122041853, 6184.521380893616, 6313.357287676648, 6424.838792728395, 6527.831316367634]}, "3": {"freq": [20.0, 68.00000004249999, 116.00000061625, 164.00000102500002, 212.0000017225, 260.00000121875, 308.00000413875006, 356.00000178, 404.00000404, 452.00000113000004, 500.0, 548.0000054800001, 596.0000018625001, 644.0000128800003, 692.0000309237514, 740.0000127187502, 788.0000398925021, 836.0000428450022, 884.0000005525001, 932.0000393187518, 980.0000367500014, 1028.000071638755], "ampl": [80.20578114205391, 456.7216596050661, 891.5451732330763, 1324.8372756950778, 1748.133470588182, 2154.3038548890586, 2541.7140254911965, 2905.3725927470077, 3246.735010849111, 3563.4777066368347, 3857.677255269112, 4126.059886675426, 4375.89792011574, 4601.126221943858, 4808.700793956306, 4997.126254069754, 5165.640575050633, 5318.364011070639, 5454.772671842803, 5579.151004702683, 5689.355868298087, 5791.431776473333]}, "4": {"freq": [20.0, 68.00000004249999, 116.00000061625, 164.00000102500002, 212.0000017225, 260.00000121875, 308.00000413875006, 356.00000178, 404.00000404, 452.00000113000004, 500.0, 548.0000054800001, 596.0000018625001, 644.0000128800003, 692.0000309237514, 740.0000127187502, 788.0000398925021, 836.0000428450022, 884.0000005525001, 932.0000393187518, 980.0000367500014, 1028.000071638755], "ampl": [113.70484099926819, 639.2010842196137, 1239.881920308661, 1832.4708034669031, 2401.4255759205485, 2938.2330832339453, 3438.7935088837635, 3898.648539733691, 4323.079325448848, 4709.324436446058, 5056.972811314095, 5369.6900201025865, 5651.639821511006, 5902.506164135594, 6126.0475174596395, 6324.796610155526, 6501.318429979373, 6658.47075039763, 6796.3468969650985, 6918.310371879174, 7023.608692067341, 7120.1513099203175]}, "5": {"freq": [20.0, 68.00000004249999, 116.00000061625, 164.00000102500002, 212.0000017225, 260.00000121875, 308.00000413875006, 356.00000178, 404.00000404, 452.00000113000004, 500.0, 548.0000054800001, 596.0000018625001, 644.0000128800003, 692.0000309237514, 740.0000127187502, 788.0000398925021, 836.0000428450022, 884.0000005525001, 932.0000393187518, 980.0000367500014, 1028.000071638755], "ampl": [18.416666320750643, 111.73559890230861, 214.5764824235833, 318.7695498999692, 423.8354548648028, 525.0782553611763, 625.5237454418475, 722.962339188543, 818.4937468173342, 909.7807746973072, 997.3630971338708, 1082.8150022837594, 1165.7690232860473, 1243.4578835837806, 1317.0895076132067, 1387.0718283948872, 1454.1356007232982, 1517.6338507940216, 1572.0632386084599, 1633.2333238667386, 1680.698112941115, 1735.1374368634993]}, "6": {"freq": [20.0, 68.00000004249999, 116.00000061625, 164.00000102500002, 212.0000017225, 260.00000121875, 308.00000413875006, 356.00000178, 404.00000404, 452.00000113000004, 500.0, 548.0000054800001, 596.0000018625001, 644.0000128800003, 692.0000309237514, 740.0000127187502, 788.0000398925021, 836.0000428450022, 884.0000005525001, 932.0000393187518, 980.0000367500014, 1028.000071638755], "ampl": [118.60895135890975, 655.5300756125966, 1269.49119060451, 1873.9054654666422, 2452.5711902159755, 2995.716497861581, 3496.7610373724924, 3955.301126026936, 4372.717713499767, 4751.661084307016, 5089.992030944487, 5393.980432615643, 5662.842924335687, 5901.950338783322, 6112.219249364612, 6298.293917568124, 6464.359016477313, 6608.885657862332, 6735.563941613312, 6846.228569967347, 6940.565387908502, 7027.515224816294]}, "7": {"freq": [20.0, 68.00000004249999, 116.00000061625, 164.00000102500002, 212.0000017225, 260.00000121875, 308.00000413875006, 356.00000178, 404.00000404, 452.00000113000004, 500.0, 548.0000054800001, 596.0000018625001, 644.0000128800003, 692.0000309237514, 740.0000127187502, 788.0000398925021, 836.0000428450022, 884.0000005525001, 932.0000393187518, 980.0000367500014, 1028.000071638755], "ampl": [20.655198597503386, 58.56732721998311, 97.26398210639023, 135.64647179568595, 174.00136928462572, 209.81755355328576, 247.3002408999713, 282.3962293163841, 317.55482535070024, 351.57519860113285, 383.5044083993633, 414.59031590374207, 444.7011558559435, 473.34358409389927, 500.6938124576322, 526.8242559741013, 551.2833625247291, 573.9372051285602, 595.1691401881172, 616.5459961165757, 635.2961818317182, 652.6666755535151]}, "wireSegments": [322, 324, 326, 328, 330, 332, 334, 336], "apaChannels": [322, 324, 326, 328, 330, 332, 334, 336], "measuredBy": "Chris Stanford", "stage": "Installation (Top)", "apaUuid": "43cd3950-268d-11ec-b6f5-a70e70a44436", "layer": "X", "headboardNum": "7", "side": "A"}