{"scanEndMode": 0, "0": {"freq": [100.0, 150.0000005859375, 200.0, 250.0, 300.0000046875001, 350.0000054687501, 400.0, 450.0000070312501, 500.0, 550.0000064453126, 600.0000093750002, 650.0000228515634, 700.0000109375002, 750.0000292968762, 800.0, 850.0000298828136, 900.0000140625002, 950.0000148437501, 1000.0], "ampl": [7236.755903231468, 10177.821942422077, 12439.824475592992, 14127.690904935609, 15368.442100258468, 16285.408886889945, 16971.695003738558, 17482.96617031527, 17867.83631068462, 18165.711558620827, 18386.3275627121, 18562.582151704235, 18689.177943604805, 18781.018459073093, 18844.754273297312, 18901.909997399154, 18927.070848606527, 18928.82148332076, 18932.333352015055]}, "1": {"freq": [100.0, 150.0000005859375, 200.0, 250.0, 300.0000046875001, 350.0000054687501, 400.0, 450.0000070312501, 500.0, 550.0000064453126, 600.0000093750002, 650.0000228515634, 700.0000109375002, 750.0000292968762, 800.0, 850.0000298828136, 900.0000140625002, 950.0000148437501, 1000.0], "ampl": [6883.9526387144415, 9744.352748388148, 11980.403188331755, 13674.824098719535, 14938.342531043625, 15882.491833755197, 16597.574427613392, 17132.105481719544, 17540.72755192979, 17857.703675247416, 18094.51489085954, 18283.101925795985, 18425.15705189889, 18524.515387181524, 18597.344859588513, 18662.39131420735, 18691.071871248507, 18701.506678802256, 18710.68951904552]}, "2": {"freq": [100.0, 150.0000005859375, 200.0, 250.0, 300.0000046875001, 350.0000054687501, 400.0, 450.0000070312501, 500.0, 550.0000064453126, 600.0000093750002, 650.0000228515634, 700.0000109375002, 750.0000292968762, 800.0, 850.0000298828136, 900.0000140625002, 950.0000148437501, 1000.0], "ampl": [7217.714285695233, 10147.613266473767, 12396.655470167423, 14070.96026485412, 15301.101409033312, 16207.376843565968, 16888.26663117418, 17389.306723151964, 17770.191539605024, 18063.413599277425, 18281.571084227933, 18454.93844259983, 18580.767706584433, 18670.777030625337, 18731.539673049712, 18787.82205688619, 18810.201945016008, 18814.238158809625, 18816.84575312994]}, "3": {"freq": [100.0, 150.0000005859375, 200.0, 250.0, 300.0000046875001, 350.0000054687501, 400.0, 450.0000070312501, 500.0, 550.0000064453126, 600.0000093750002, 650.0000228515634, 700.0000109375002, 750.0000292968762, 800.0, 850.0000298828136, 900.0000140625002, 950.0000148437501, 1000.0], "ampl": [6847.191102517487, 9699.071215579468, 11933.176579509824, 13631.088118656162, 14896.322534185101, 15845.549981945578, 16564.13744082286, 17102.325964553125, 17513.540084862554, 17830.124545327042, 18072.219670394086, 18262.64885249322, 18403.37706444632, 18507.064407977967, 18578.496015750192, 18644.196763089498, 18670.834445727553, 18687.790269663714, 18694.752782949585]}, "4": {"freq": [100.0, 150.0000005859375, 200.0, 250.0, 300.0000046875001, 350.0000054687501, 400.0, 450.0000070312501, 500.0, 550.0000064453126, 600.0000093750002, 650.0000228515634, 700.0000109375002, 750.0000292968762, 800.0, 850.0000298828136, 900.0000140625002, 950.0000148437501, 1000.0], "ampl": [7260.429767326626, 10173.614098074973, 12390.843247588298, 14022.647250782811, 15212.350546121088, 16085.389645246738, 16735.58558826231, 17213.805428877688, 17574.096608528114, 17852.18344900056, 18056.40192849521, 18220.219346510017, 18335.87300641995, 18418.06429875109, 18472.915630565527, 18524.607096967593, 18542.32130391027, 18543.26479137883, 18541.81070419716]}, "5": {"freq": [100.0, 150.0000005859375, 200.0, 250.0, 300.0000046875001, 350.0000054687501, 400.0, 450.0000070312501, 500.0, 550.0000064453126, 600.0000093750002, 650.0000228515634, 700.0000109375002, 750.0000292968762, 800.0, 850.0000298828136, 900.0000140625002, 950.0000148437501, 1000.0], "ampl": [6887.377745939973, 9730.501029063013, 11942.15227589988, 13610.273548377303, 14847.184778180726, 15771.214386534393, 16466.418386608264, 16984.810949592193, 17382.8593561845, 17686.732107319818, 17915.596178817068, 18097.34405836082, 18231.346336070386, 18328.374940196914, 18397.194744263325, 18458.064275828714, 18487.508695455253, 18494.346878062985, 18500.084455836004]}, "6": {"freq": [100.0, 150.0000005859375, 200.0, 250.0, 300.0000046875001, 350.0000054687501, 400.0, 450.0000070312501, 500.0, 550.0000064453126, 600.0000093750002, 650.0000228515634, 700.0000109375002, 750.0000292968762, 800.0, 850.0000298828136, 900.0000140625002, 950.0000148437501, 1000.0], "ampl": [7240.666367547833, 10128.539327327684, 12313.860021683236, 13919.388422871412, 15082.972446670123, 15933.686933526116, 16565.428963875704, 17029.562644442358, 17379.44061566102, 17646.371763770327, 17843.520759345345, 17999.285005542544, 18111.298768398352, 18189.13991814361, 18241.040030604487, 18289.459533202098, 18303.94008521181, 18304.67507804269, 18301.214346627185]}, "7": {"freq": [100.0, 150.0000005859375, 200.0, 250.0, 300.0000046875001, 350.0000054687501, 400.0, 450.0000070312501, 500.0, 550.0000064453126, 600.0000093750002, 650.0000228515634, 700.0000109375002, 750.0000292968762, 800.0, 850.0000298828136, 900.0000140625002, 950.0000148437501, 1000.0], "ampl": [6844.696598671854, 9669.758530401326, 11861.811362747894, 13514.639369110293, 14736.064911912568, 15646.264183115602, 16331.470762555813, 16842.476785291863, 17229.79861810375, 17530.42156644024, 17756.134710901588, 17935.56124499514, 18065.460902500512, 18161.12565529887, 18227.12766877953, 18286.24254433923, 18312.560251922998, 18320.47391151891, 18327.618496857773]}, "wireSegments": [17, 19, 21, 23, 25, 27, 29, 31, 417, 419, 421, 423, 425, 427, 429, 431, 817, 819, 821, 823, 825, 827, 829, 831], "apaChannels": [31, 29, 27, 25, 23, 21, 19, 17], "measuredBy": "", "stage": "DWA Development", "apaUuid": "continuity220-12", "layer": "V", "headboardNum": "1", "side": "A"}