{"scanEndMode": 0, "0": {"freq": [20.0, 68.00000004249999, 116.00000061625, 164.00000102500002, 212.0000017225, 260.00000121875, 308.00000413875006, 356.00000178, 404.00000404, 452.00000113000004, 500.0, 548.0000054800001, 596.0000018625001, 644.0000128800003, 692.0000309237514, 740.0000127187502, 788.0000398925021, 836.0000428450022, 884.0000005525001, 932.0000393187518, 980.0000367500014, 1028.000071638755], "ampl": [79.71549872325697, 433.2743156680763, 838.7363173895307, 1241.9625810244427, 1627.4894639696715, 1993.4850313475654, 2333.8978624586343, 2649.4785764511703, 2938.746821670047, 3201.801586928977, 3442.923853631673, 3656.7807263937525, 3851.75754487631, 4025.553731009775, 4182.060488734202, 4321.861121134772, 4444.86946555535, 4552.753493747135, 4652.748187760763, 4736.138731831201, 4810.899893287969, 4878.333604352306]}, "1": {"freq": [20.0, 68.00000004249999, 116.00000061625, 164.00000102500002, 212.0000017225, 260.00000121875, 308.00000413875006, 356.00000178, 404.00000404, 452.00000113000004, 500.0, 548.0000054800001, 596.0000018625001, 644.0000128800003, 692.0000309237514, 740.0000127187502, 788.0000398925021, 836.0000428450022, 884.0000005525001, 932.0000393187518, 980.0000367500014, 1028.000071638755], "ampl": [76.18089694182129, 425.0169361205641, 820.930617023705, 1212.2627863187731, 1587.0839721828477, 1941.0347351170788, 2270.75999362701, 2573.7988948096367, 2850.3340869882827, 3103.287247170882, 3330.713153829402, 3534.734348438906, 3719.7086813917, 3882.96388701665, 4029.350662377899, 4159.5718131922495, 4275.4735335837995, 4376.477180208774, 4469.646196555097, 4546.912768001763, 4615.511010605533, 4677.374560545899]}, "2": {"freq": [20.0, 68.00000004249999, 116.00000061625, 164.00000102500002, 212.0000017225, 260.00000121875, 308.00000413875006, 356.00000178, 404.00000404, 452.00000113000004, 500.0, 548.0000054800001, 596.0000018625001, 644.0000128800003, 692.0000309237514, 740.0000127187502, 788.0000398925021, 836.0000428450022, 884.0000005525001, 932.0000393187518, 980.0000367500014, 1028.000071638755], "ampl": [85.44375973709967, 465.89168450589193, 902.5807424574392, 1337.7348193805399, 1755.2950489428647, 2150.9129833982215, 2520.2160088373994, 2862.4672616828143, 3178.034924918396, 3465.0590367824216, 3724.3451380649703, 3958.3426243491895, 4170.231564618119, 4360.5381631949085, 4530.634629915779, 4681.99942182869, 4816.990114566028, 4936.044243972163, 5043.202744927307, 5133.895737369755, 5216.644434802464, 5289.6865820995245]}, "3": {"freq": [20.0, 68.00000004249999, 116.00000061625, 164.00000102500002, 212.0000017225, 260.00000121875, 308.00000413875006, 356.00000178, 404.00000404, 452.00000113000004, 500.0, 548.0000054800001, 596.0000018625001, 644.0000128800003, 692.0000309237514, 740.0000127187502, 788.0000398925021, 836.0000428450022, 884.0000005525001, 932.0000393187518, 980.0000367500014, 1028.000071638755], "ampl": [91.68314450038194, 513.8717818754244, 992.6171960797369, 1464.455692696024, 1915.970042032775, 2342.2702567133247, 2738.2829678256403, 3100.551218720013, 3431.9860217486967, 3729.9791910533418, 4000.654049674703, 4242.637487005381, 4459.4250963150735, 4653.463595903235, 4826.114400220682, 4978.391219987699, 5113.266961975208, 5230.307049917034, 5336.452936320139, 5428.302146916745, 5508.7832475251025, 5579.985838786953]}, "4": {"freq": [20.0, 68.00000004249999, 116.00000061625, 164.00000102500002, 212.0000017225, 260.00000121875, 308.00000413875006, 356.00000178, 404.00000404, 452.00000113000004, 500.0, 548.0000054800001, 596.0000018625001, 644.0000128800003, 692.0000309237514, 740.0000127187502, 788.0000398925021, 836.0000428450022, 884.0000005525001, 932.0000393187518, 980.0000367500014, 1028.000071638755], "ampl": [91.8333692901049, 491.96244463326934, 953.913327207105, 1412.0667494219567, 1849.659620459895, 2260.352225994965, 2641.7119326281545, 2993.3482763180014, 3314.7099695469124, 3604.435379113666, 3865.0093798048965, 4098.149232095669, 4309.415202776666, 4496.3955105576415, 4663.52145755958, 4809.0711836466135, 4939.663977983298, 5052.465690107405, 5156.44759646189, 5242.9478180595515, 5320.755144053705, 5387.393813973174]}, "5": {"freq": [20.0, 68.00000004249999, 116.00000061625, 164.00000102500002, 212.0000017225, 260.00000121875, 308.00000413875006, 356.00000178, 404.00000404, 452.00000113000004, 500.0, 548.0000054800001, 596.0000018625001, 644.0000128800003, 692.0000309237514, 740.0000127187502, 788.0000398925021, 836.0000428450022, 884.0000005525001, 932.0000393187518, 980.0000367500014, 1028.000071638755], "ampl": [79.98574959504646, 443.6929393163104, 858.9711180817636, 1270.3262244602438, 1663.7947870815437, 2033.802333943831, 2380.087011510709, 2696.0412054826666, 2985.587190883119, 3249.3284830561984, 3486.3444831416036, 3698.5816543643455, 3889.3721219780728, 4059.1470047139146, 4212.021457605329, 4347.425175380002, 4465.481305404241, 4567.998570730642, 4662.936672111207, 4743.166740810412, 4814.176333350517, 4875.62517668011]}, "6": {"freq": [20.0, 68.00000004249999, 116.00000061625, 164.00000102500002, 212.0000017225, 260.00000121875, 308.00000413875006, 356.00000178, 404.00000404, 452.00000113000004, 500.0, 548.0000054800001, 596.0000018625001, 644.0000128800003, 692.0000309237514, 740.0000127187502, 788.0000398925021, 836.0000428450022, 884.0000005525001, 932.0000393187518, 980.0000367500014, 1028.000071638755], "ampl": [85.24835167921108, 459.3322543727749, 893.0891391448374, 1322.074588449219, 1731.6095834565278, 2118.1926449464786, 2476.2833925668715, 2806.6608348972045, 3106.5728257965147, 3377.943822505196, 3622.337988113185, 3840.981800281816, 4036.6087240289025, 4211.891836686566, 4365.922282607135, 4503.234258197081, 4626.090924308259, 4730.125192002881, 4827.813136479528, 4907.567289451534, 4980.058492632099, 5042.646292822293]}, "7": {"freq": [20.0, 68.00000004249999, 116.00000061625, 164.00000102500002, 212.0000017225, 260.00000121875, 308.00000413875006, 356.00000178, 404.00000404, 452.00000113000004, 500.0, 548.0000054800001, 596.0000018625001, 644.0000128800003, 692.0000309237514, 740.0000127187502, 788.0000398925021, 836.0000428450022, 884.0000005525001, 932.0000393187518, 980.0000367500014, 1028.000071638755], "ampl": [79.94561694961902, 442.5149080736654, 859.9862395754557, 1269.289860963874, 1660.8235402758762, 2026.8243573581265, 2367.802464084072, 2678.386036140883, 2961.2291022439013, 3215.4873071411544, 3444.072636931882, 3648.103133001948, 3829.7343106541766, 3990.419855345635, 4134.028733478241, 4261.700992632054, 4372.929170034129, 4468.942275205698, 4556.602599980923, 4631.639800508552, 4695.91899040594, 4751.496014092481]}, "wireSegments": [305, 307, 309, 311, 313, 315, 317, 319], "apaChannels": [305, 307, 309, 311, 313, 315, 317, 319], "measuredBy": "Chris Stanford", "stage": "Installation (Top)", "apaUuid": "43cd3950-268d-11ec-b6f5-a70e70a44436", "layer": "X", "headboardNum": "7", "side": "A"}