{"scanEndMode": 0, "0": {"freq": [100.0, 150.0000005859375, 200.0, 250.0, 300.0000046875001, 350.0000054687501, 400.0, 450.0000070312501, 500.0, 550.0000064453126, 600.0000093750002, 650.0000228515634, 700.0000109375002, 750.0000292968762, 800.0, 850.0000298828136, 900.0000140625002, 950.0000148437501, 1000.0], "ampl": [5298.91036581785, 7672.957960409559, 9665.19160654021, 11286.773773067795, 12581.235995581214, 13608.656254526875, 14422.522068376158, 15064.829322154354, 15570.792793071449, 15981.466275115677, 16299.736582317259, 16553.89752367893, 16760.44905545989, 16916.149102433923, 17044.489857492958, 17137.273663853543, 17220.933457980314, 17270.898645075093, 17306.359233509327]}, "1": {"freq": [100.0, 150.0000005859375, 200.0, 250.0, 300.0000046875001, 350.0000054687501, 400.0, 450.0000070312501, 500.0, 550.0000064453126, 600.0000093750002, 650.0000228515634, 700.0000109375002, 750.0000292968762, 800.0, 850.0000298828136, 900.0000140625002, 950.0000148437501, 1000.0], "ampl": [5036.96281819448, 7310.499510962888, 9229.822373532159, 10801.12690384774, 12061.2324011584, 13068.295974099949, 13866.857124886254, 14498.92197324481, 14998.990353325624, 15402.575236745322, 15717.741510827262, 15971.288629370956, 16176.03896200746, 16332.759263229505, 16461.948875318267, 16555.348077632723, 16639.161120603665, 16687.87664041331, 16726.303730048337]}, "2": {"freq": [100.0, 150.0000005859375, 200.0, 250.0, 300.0000046875001, 350.0000054687501, 400.0, 450.0000070312501, 500.0, 550.0000064453126, 600.0000093750002, 650.0000228515634, 700.0000109375002, 750.0000292968762, 800.0, 850.0000298828136, 900.0000140625002, 950.0000148437501, 1000.0], "ampl": [5259.309809276329, 7615.044397434104, 9592.535425716575, 11201.554948419924, 12485.172262175505, 13505.761744137933, 14313.805811629913, 14950.625387360347, 15453.283594429598, 15858.095894244923, 16174.330314229248, 16428.74292752797, 16631.31516897699, 16786.911130430726, 16914.38072522763, 17005.564237082348, 17088.157886470282, 17136.192397156392, 17174.242612257207]}, "3": {"freq": [100.0, 150.0000005859375, 200.0, 250.0, 300.0000046875001, 350.0000054687501, 400.0, 450.0000070312501, 500.0, 550.0000064453126, 600.0000093750002, 650.0000228515634, 700.0000109375002, 750.0000292968762, 800.0, 850.0000298828136, 900.0000140625002, 950.0000148437501, 1000.0], "ampl": [5042.389725547488, 7325.897490767227, 9253.025739085127, 10834.805078268038, 12100.875252688615, 13116.669761419094, 13923.473348318941, 14559.829842666593, 15063.65250458428, 15471.949971759237, 15792.440396406213, 16044.614423699737, 16255.684397357729, 16414.520472948916, 16544.630698299075, 16639.14185833775, 16723.387262826545, 16774.602258210212, 16813.064788779426]}, "4": {"freq": [100.0, 150.0000005859375, 200.0, 250.0, 300.0000046875001, 350.0000054687501, 400.0, 450.0000070312501, 500.0, 550.0000064453126, 600.0000093750002, 650.0000228515634, 700.0000109375002, 750.0000292968762, 800.0, 850.0000298828136, 900.0000140625002, 950.0000148437501, 1000.0], "ampl": [5177.73126966737, 7500.180063167968, 9451.650568934701, 11046.031577304577, 12319.057559688914, 13333.536071844368, 14138.441777953529, 14772.11445378218, 15273.937587464377, 15679.998066856295, 15997.444326469018, 16249.665213376113, 16457.339925733308, 16611.87886464628, 16739.226104425783, 16832.128399639576, 16915.92277739914, 16964.849984384116, 17003.68516152365]}, "5": {"freq": [100.0, 150.0000005859375, 200.0, 250.0, 300.0000046875001, 350.0000054687501, 400.0, 450.0000070312501, 500.0, 550.0000064453126, 600.0000093750002, 650.0000228515634, 700.0000109375002, 750.0000292968762, 800.0, 850.0000298828136, 900.0000140625002, 950.0000148437501, 1000.0], "ampl": [4967.903781544618, 7221.732234116137, 9133.823203764801, 10708.536634877752, 11975.163404781255, 12993.401684200726, 13803.792526298606, 14447.760237630322, 14958.322258767208, 15373.85481306179, 15699.246095649278, 15957.967066558964, 16170.894877454239, 16332.285473031256, 16467.992581838367, 16566.789126671014, 16651.144447677892, 16705.660252878846, 16746.576846593645]}, "6": {"freq": [100.0, 150.0000005859375, 200.0, 250.0, 300.0000046875001, 350.0000054687501, 400.0, 450.0000070312501, 500.0, 550.0000064453126, 600.0000093750002, 650.0000228515634, 700.0000109375002, 750.0000292968762, 800.0, 850.0000298828136, 900.0000140625002, 950.0000148437501, 1000.0], "ampl": [5138.432237512348, 7440.450244473923, 9375.438190683635, 10955.425450436293, 12215.139994868214, 13219.263134196577, 14017.015864816925, 14644.92817537593, 15140.990210972108, 15541.686196264769, 15855.317805010387, 16105.272306453748, 16309.49137573693, 16462.982001730084, 16591.49642070633, 16681.25276274163, 16763.9453458363, 16812.95332029867, 16850.730245500254]}, "7": {"freq": [100.0, 150.0000005859375, 200.0, 250.0, 300.0000046875001, 350.0000054687501, 400.0, 450.0000070312501, 500.0, 550.0000064453126, 600.0000093750002, 650.0000228515634, 700.0000109375002, 750.0000292968762, 800.0, 850.0000298828136, 900.0000140625002, 950.0000148437501, 1000.0], "ampl": [4966.875553071829, 7213.755276477854, 9115.8537823458, 10678.799065919091, 11934.66384245636, 12940.417935594314, 13741.914187204413, 14375.07925573743, 14878.668020620502, 15284.353785581812, 15603.269671023936, 15857.025784382904, 16066.992864029877, 16223.019070550672, 16356.828765329692, 16450.00468767976, 16535.46337414478, 16587.29740231804, 16627.214083922292]}, "wireSegments": [17, 19, 21, 23, 25, 27, 29, 31, 417, 419, 421, 423, 425, 427, 429, 431, 817, 819, 821, 823, 825, 827, 829, 831], "apaChannels": [17, 19, 21, 23, 25, 27, 29, 31], "measuredBy": "", "stage": "DWA Development", "apaUuid": "continuity150-12", "layer": "U", "headboardNum": "10", "side": "A"}