{"0": {"freq": [20.0, 68.00000004249999, 116.00000061625, 164.00000102500002, 212.0000017225, 260.00000121875, 308.00000413875006, 356.00000178, 404.00000404, 452.00000113000004, 500.0, 548.0000054800001, 596.0000018625001, 644.0000128800003, 692.0000309237514, 740.0000127187502, 788.0000398925021, 836.0000428450022, 884.0000005525001, 932.0000393187518, 980.0000367500014, 1028.000071638755], "ampl": [241.40530354357057, 1278.8956649073848, 2482.054780036697, 3664.8154437138614, 4797.578862164242, 5859.096725963416, 6839.334948827621, 7735.127749653233, 8553.135716056824, 9290.4072748581, 9946.519453911858, 10534.176682522595, 11060.450697497603, 11525.648199543371, 11937.966252143871, 12307.768368254698, 12627.12750371129, 12907.777629878348, 13159.084881719358, 13381.366634387618, 13581.258749754827, 13732.992268864347]}, "1": {"freq": [20.0, 68.00000004249999, 116.00000061625, 164.00000102500002, 212.0000017225, 260.00000121875, 308.00000413875006, 356.00000178, 404.00000404, 452.00000113000004, 500.0, 548.0000054800001, 596.0000018625001, 644.0000128800003, 692.0000309237514, 740.0000127187502, 788.0000398925021, 836.0000428450022, 884.0000005525001, 932.0000393187518, 980.0000367500014, 1028.000071638755], "ampl": [219.28292420790035, 1168.2486611043207, 2281.628679019861, 3382.846286231925, 4443.241238828217, 5441.7159660968055, 6368.690113074574, 7223.477727013757, 8004.8224168994975, 8717.962473780028, 9353.055917486721, 9927.51533527541, 10441.915231209578, 10899.622265620397, 11308.821135636757, 11676.301968693804, 11995.573128022043, 12278.638287911983, 12530.183108950567, 12753.92424264721, 12959.874952734113, 13117.408758066942]}, "2": {"freq": [20.0, 68.00000004249999, 116.00000061625, 164.00000102500002, 212.0000017225, 260.00000121875, 308.00000413875006, 356.00000178, 404.00000404, 452.00000113000004, 500.0, 548.0000054800001, 596.0000018625001, 644.0000128800003, 692.0000309237514, 740.0000127187502, 788.0000398925021, 836.0000428450022, 884.0000005525001, 932.0000393187518, 980.0000367500014, 1028.000071638755], "ampl": [237.9236525595809, 1261.7799607137429, 2450.390705248323, 3618.6306827816443, 4738.251602737011, 5786.3801116029545, 6753.119279037361, 7639.775888458505, 8448.158771971084, 9178.316578668691, 9828.648769825215, 10412.510934952634, 10933.652575746619, 11395.956395871015, 11807.618404412233, 12175.311678841525, 12495.342911170053, 12774.854568042792, 13025.459261586291, 13247.371970513066, 13450.476105845231, 13603.805089072373]}, "3": {"freq": [20.0, 68.00000004249999, 116.00000061625, 164.00000102500002, 212.0000017225, 260.00000121875, 308.00000413875006, 356.00000178, 404.00000404, 452.00000113000004, 500.0, 548.0000054800001, 596.0000018625001, 644.0000128800003, 692.0000309237514, 740.0000127187502, 788.0000398925021, 836.0000428450022, 884.0000005525001, 932.0000393187518, 980.0000367500014, 1028.000071638755], "ampl": [139.8491046761618, 724.6239912155485, 1421.8049665840401, 2121.976759745445, 2801.7848003342406, 3451.123343335358, 4064.6402636670964, 4638.521579938965, 5172.959651399774, 5667.289703187854, 6117.091401523728, 6529.586315571222, 6906.744422543671, 7249.611497321743, 7557.874515819916, 7840.210493671721, 8089.82516851749, 8312.944878690672, 8517.581377631554, 8698.99318653389, 8868.43584327102, 9002.023304752347]}, "4": {"freq": [20.0, 68.00000004249999, 116.00000061625, 164.00000102500002, 212.0000017225, 260.00000121875, 308.00000413875006, 356.00000178, 404.00000404, 452.00000113000004, 500.0, 548.0000054800001, 596.0000018625001, 644.0000128800003, 692.0000309237514, 740.0000127187502, 788.0000398925021, 836.0000428450022, 884.0000005525001, 932.0000393187518, 980.0000367500014, 1028.000071638755], "ampl": [221.89173236701683, 1181.5702349090575, 2289.2757620139623, 3379.3140936331333, 4426.941631185445, 5413.3614654279, 6332.049998225492, 7179.199123574604, 7956.870470666728, 8665.025309301147, 9300.680033428258, 9875.96777180861, 10393.312463672277, 10855.42026548769, 11269.361191323806, 11643.256326956747, 11966.459161303494, 12255.780614848936, 12513.571339910923, 12743.01513997788, 12953.005311398856, 13117.123765281913]}, "5": {"freq": [20.0, 68.00000004249999, 116.00000061625, 164.00000102500002, 212.0000017225, 260.00000121875, 308.00000413875006, 356.00000178, 404.00000404, 452.00000113000004, 500.0, 548.0000054800001, 596.0000018625001, 644.0000128800003, 692.0000309237514, 740.0000127187502, 788.0000398925021, 836.0000428450022, 884.0000005525001, 932.0000393187518, 980.0000367500014, 1028.000071638755], "ampl": [216.6513904218304, 1134.8019472960239, 2201.510114422744, 3260.9107294350288, 4282.739847445337, 5248.215247965259, 6149.418430543071, 6982.964018873065, 7750.754451325541, 8451.174131895683, 9080.808023799244, 9651.27947655047, 10164.102398758603, 10624.277897794742, 11036.031484431544, 11408.052648392462, 11728.71176637952, 12020.375267911597, 12278.556448226944, 12508.860116410824, 12720.308540306645, 12885.591657148414]}, "6": {"freq": [20.0, 68.00000004249999, 116.00000061625, 164.00000102500002, 212.0000017225, 260.00000121875, 308.00000413875006, 356.00000178, 404.00000404, 452.00000113000004, 500.0, 548.0000054800001, 596.0000018625001, 644.0000128800003, 692.0000309237514, 740.0000127187502, 788.0000398925021, 836.0000428450022, 884.0000005525001, 932.0000393187518, 980.0000367500014, 1028.000071638755], "ampl": [229.55507668647022, 1214.0057178692257, 2358.9408305557376, 3487.7728341848474, 4567.941345040259, 5580.201924025076, 6513.916403645286, 7370.768088411329, 8146.674676430107, 8851.864172441285, 9476.349204406672, 10037.471436800599, 10538.689404875258, 10981.414402196277, 11373.85038291474, 11725.550310151993, 12028.617482134505, 12296.171850762592, 12534.613295730323, 12744.157387793099, 12935.559952114778, 13083.137284970906]}, "7": {"freq": [20.0, 68.00000004249999, 116.00000061625, 164.00000102500002, 212.0000017225, 260.00000121875, 308.00000413875006, 356.00000178, 404.00000404, 452.00000113000004, 500.0, 548.0000054800001, 596.0000018625001, 644.0000128800003, 692.0000309237514, 740.0000127187502, 788.0000398925021, 836.0000428450022, 884.0000005525001, 932.0000393187518, 980.0000367500014, 1028.000071638755], "ampl": [126.46720546967022, 673.9133554291775, 1329.2257226008944, 1988.0491195663367, 2628.685573295322, 3240.137787292589, 3816.881588638077, 4359.285661285845, 4863.317305620581, 5331.100579983757, 5757.316306802922, 6146.460765407296, 6505.701476950497, 6827.608906586321, 7120.601142911991, 7387.626659198712, 7624.701711892009, 7836.975278329041, 8028.931973353175, 8201.299340817066, 8363.159820619965, 8488.730302337148]}, "wireSegments": null, "apaChannels": null, "measuredBy": null, "stage": null, "apaUuid": null, "layer": null, "headboardNum": null, "side": null}