{"0": {"freq": [20.0, 68.00000004249999, 116.00000061625, 164.00000102500002, 212.0000017225, 260.00000121875, 308.00000413875006, 356.00000178, 404.00000404, 452.00000113000004, 500.0, 548.0000054800001, 596.0000018625001, 644.0000128800003, 692.0000309237514, 740.0000127187502, 788.0000398925021, 836.0000428450022, 884.0000005525001, 932.0000393187518, 980.0000367500014, 1028.000071638755], "ampl": [150.34949668879412, 772.9698856423053, 1511.9558335434565, 2247.4352593445583, 2956.9080625599217, 3632.4164885112987, 4267.999428231657, 4857.9097652694645, 5400.49554072215, 5898.079837023151, 6352.678785664787, 6762.796417859451, 7136.71594772064, 7473.375225561254, 7774.5958252137625, 8043.806132698049, 8284.232003882698, 8505.231938393217, 8691.799908369365, 8860.841613025794, 9024.653046827765, 9141.496296283533]}, "1": {"freq": [20.0, 68.00000004249999, 116.00000061625, 164.00000102500002, 212.0000017225, 260.00000121875, 308.00000413875006, 356.00000178, 404.00000404, 452.00000113000004, 500.0, 548.0000054800001, 596.0000018625001, 644.0000128800003, 692.0000309237514, 740.0000127187502, 788.0000398925021, 836.0000428450022, 884.0000005525001, 932.0000393187518, 980.0000367500014, 1028.000071638755], "ampl": [228.34631200352183, 1207.395509544151, 2345.9254518063717, 3463.8708949351903, 4532.5354752920275, 5530.155451374107, 6449.997388417906, 7290.91055208803, 8053.547291395102, 8734.926155077757, 9348.50998394292, 9893.96778329337, 10381.120331053975, 10811.521285632669, 11192.94673120377, 11525.645782838355, 11823.379961116018, 12082.361889481754, 12310.913323652345, 12510.766164682636, 12702.068370932597, 12834.084602625207]}, "2": {"freq": [20.0, 68.00000004249999, 116.00000061625, 164.00000102500002, 212.0000017225, 260.00000121875, 308.00000413875006, 356.00000178, 404.00000404, 452.00000113000004, 500.0, 548.0000054800001, 596.0000018625001, 644.0000128800003, 692.0000309237514, 740.0000127187502, 788.0000398925021, 836.0000428450022, 884.0000005525001, 932.0000393187518, 980.0000367500014, 1028.000071638755], "ampl": [232.42960302885967, 1217.6592427756857, 2362.514081067999, 3489.2720552964797, 4572.455181402525, 5589.2169811870535, 6533.297779745745, 7398.405376707851, 8189.6731252050095, 8904.158586596783, 9546.681723390515, 10120.092046297144, 10637.157818973319, 11093.875663092054, 11503.239055415108, 11859.929995811204, 12180.310180422954, 12461.366069592508, 12711.374084831103, 12928.196063645637, 13136.983688385706, 13284.127459571908]}, "3": {"freq": [20.0, 68.00000004249999, 116.00000061625, 164.00000102500002, 212.0000017225, 260.00000121875, 308.00000413875006, 356.00000178, 404.00000404, 452.00000113000004, 500.0, 548.0000054800001, 596.0000018625001, 644.0000128800003, 692.0000309237514, 740.0000127187502, 788.0000398925021, 836.0000428450022, 884.0000005525001, 932.0000393187518, 980.0000367500014, 1028.000071638755], "ampl": [231.2325653068005, 1224.7793022719225, 2381.484876697469, 3518.9062957953824, 4607.907162847813, 5626.602281478712, 6567.942909809009, 7427.947703767559, 8210.550989303061, 8911.45761944548, 9544.341952254428, 10107.073207195677, 10609.815760537154, 11055.04117700922, 11450.724515478569, 11795.24468443753, 12104.705209587424, 12378.079557234418, 12613.934021330548, 12820.871523793541, 13019.305553969085, 13159.771517270516]}, "4": {"freq": [20.0, 68.00000004249999, 116.00000061625, 164.00000102500002, 212.0000017225, 260.00000121875, 308.00000413875006, 356.00000178, 404.00000404, 452.00000113000004, 500.0, 548.0000054800001, 596.0000018625001, 644.0000128800003, 692.0000309237514, 740.0000127187502, 788.0000398925021, 836.0000428450022, 884.0000005525001, 932.0000393187518, 980.0000367500014, 1028.000071638755], "ampl": [142.181079312605, 706.2544818732183, 1358.6025899877698, 2009.7375297252668, 2644.2111239930373, 3252.087422384497, 3827.9264593516764, 4371.437704004284, 4876.004617898901, 5342.054695293894, 5776.459959471099, 6168.887384126355, 6532.272165920607, 6860.674700011393, 7158.346838555542, 7427.637044713474, 7671.079551010269, 7891.819313657783, 8086.700451366393, 8262.443277421806, 8431.130851543272, 8559.062212881194]}, "5": {"freq": [20.0, 68.00000004249999, 116.00000061625, 164.00000102500002, 212.0000017225, 260.00000121875, 308.00000413875006, 356.00000178, 404.00000404, 452.00000113000004, 500.0, 548.0000054800001, 596.0000018625001, 644.0000128800003, 692.0000309237514, 740.0000127187502, 788.0000398925021, 836.0000428450022, 884.0000005525001, 932.0000393187518, 980.0000367500014, 1028.000071638755], "ampl": [213.69046555167006, 1143.135880754485, 2224.8641847205513, 3295.0657345836735, 4317.551090596878, 5285.050445886831, 6181.203117436362, 7005.890469810951, 7758.481926789565, 8437.749212535233, 9052.911040429684, 9601.850802091967, 10097.184107770918, 10538.545464528053, 10931.943695664282, 11277.169281626744, 11587.034009484762, 11861.004592926054, 12100.748591927788, 12313.008697191388, 12515.721161553736, 12662.053246264124]}, "6": {"freq": [20.0, 68.00000004249999, 116.00000061625, 164.00000102500002, 212.0000017225, 260.00000121875, 308.00000413875006, 356.00000178, 404.00000404, 452.00000113000004, 500.0, 548.0000054800001, 596.0000018625001, 644.0000128800003, 692.0000309237514, 740.0000127187502, 788.0000398925021, 836.0000428450022, 884.0000005525001, 932.0000393187518, 980.0000367500014, 1028.000071638755], "ampl": [223.2013622765758, 1177.4292566799702, 2291.14302744823, 3389.9221723883497, 4442.500486855965, 5431.676882836971, 6347.186351990788, 7186.141677412527, 7951.1141947783235, 8638.105459049484, 9258.240121531282, 9811.156416025935, 10309.198756484293, 10748.953561087616, 11139.647489769408, 11482.240309541068, 11788.135509366248, 12061.361950343253, 12292.162794703658, 12500.793614208025, 12699.083210566134, 12839.004458596493]}, "7": {"freq": [20.0, 68.00000004249999, 116.00000061625, 164.00000102500002, 212.0000017225, 260.00000121875, 308.00000413875006, 356.00000178, 404.00000404, 452.00000113000004, 500.0, 548.0000054800001, 596.0000018625001, 644.0000128800003, 692.0000309237514, 740.0000127187502, 788.0000398925021, 836.0000428450022, 884.0000005525001, 932.0000393187518, 980.0000367500014, 1028.000071638755], "ampl": [221.74752706083677, 1181.674473791919, 2299.792146233311, 3403.3202808830165, 4457.765877755426, 5449.179079186342, 6363.318164492781, 7202.103299318299, 7963.487496989219, 8647.922830265396, 9263.945274440286, 9813.945279055411, 10306.286144110874, 10742.255692669429, 11129.754005541388, 11469.853933160823, 11771.109834046858, 12034.869586602743, 12268.556652594283, 12474.624909450698, 12672.029519026175, 12806.545471101897]}, "wireSegments": null, "apaChannels": null, "measuredBy": null, "stage": null, "apaUuid": null, "layer": null, "headboardNum": null, "side": null}