{"0": {"freq": [20.0, 68.00000004249999, 116.00000061625, 164.00000102500002, 212.0000017225, 260.00000121875, 308.00000413875006, 356.00000178, 404.00000404, 452.00000113000004, 500.0, 548.0000054800001, 596.0000018625001, 644.0000128800003, 692.0000309237514, 740.0000127187502, 788.0000398925021, 836.0000428450022, 884.0000005525001, 932.0000393187518, 980.0000367500014, 1028.000071638755], "ampl": [166.68820719487698, 780.3272547690497, 1471.284109958522, 2162.357819206793, 2835.6268222341287, 3479.7587807330574, 4089.1490442774593, 4660.485558325332, 5191.866956092203, 5679.425848157935, 6128.621187504393, 6539.476108322184, 6909.91533079612, 7246.862846409658, 7555.11958358443, 7826.102511749199, 8070.139946274894, 8290.180870280252, 8490.680781610665, 8670.057300145383, 8823.417051892997, 8961.175017518046]}, "1": {"freq": [20.0, 68.00000004249999, 116.00000061625, 164.00000102500002, 212.0000017225, 260.00000121875, 308.00000413875006, 356.00000178, 404.00000404, 452.00000113000004, 500.0, 548.0000054800001, 596.0000018625001, 644.0000128800003, 692.0000309237514, 740.0000127187502, 788.0000398925021, 836.0000428450022, 884.0000005525001, 932.0000393187518, 980.0000367500014, 1028.000071638755], "ampl": [212.9648921636193, 1123.9569686383322, 2191.691001212686, 3247.6736654976635, 4264.091116797307, 5217.812824667559, 6104.995983316222, 6917.616879536741, 7658.965839322016, 8330.558868556842, 8934.648300467286, 9477.297423575665, 9960.848168290324, 10392.8332178179, 10780.54684309733, 11116.48820474222, 11417.558626964214, 11682.92896862263, 11919.947386952359, 12133.066112197886, 12311.362006414362, 12466.075085424032]}, "2": {"freq": [20.0, 68.00000004249999, 116.00000061625, 164.00000102500002, 212.0000017225, 260.00000121875, 308.00000413875006, 356.00000178, 404.00000404, 452.00000113000004, 500.0, 548.0000054800001, 596.0000018625001, 644.0000128800003, 692.0000309237514, 740.0000127187502, 788.0000398925021, 836.0000428450022, 884.0000005525001, 932.0000393187518, 980.0000367500014, 1028.000071638755], "ampl": [227.7919207170223, 1220.9710999290078, 2391.8295067498843, 3551.258763543907, 4663.172388857483, 5709.350721508662, 6681.414839246594, 7570.325408615651, 8380.778561324809, 9113.680950120499, 9774.489583467675, 10364.186242385606, 10888.029005161266, 11358.756207457725, 11779.369339082406, 12144.035074313811, 12468.627421687715, 12757.260619656847, 13012.667642382297, 13242.85069671175, 13431.533027251653, 13603.119703192138]}, "3": {"freq": [20.0, 68.00000004249999, 116.00000061625, 164.00000102500002, 212.0000017225, 260.00000121875, 308.00000413875006, 356.00000178, 404.00000404, 452.00000113000004, 500.0, 548.0000054800001, 596.0000018625001, 644.0000128800003, 692.0000309237514, 740.0000127187502, 788.0000398925021, 836.0000428450022, 884.0000005525001, 932.0000393187518, 980.0000367500014, 1028.000071638755], "ampl": [223.57375917734817, 1189.0994850793193, 2325.019601475059, 3448.199051830937, 4523.736592219527, 5535.912323241492, 6472.942625916748, 7331.030285494155, 8112.169063261276, 8815.85288958291, 9450.396059548757, 10017.106925524604, 10520.81607083351, 10970.039099635136, 11373.29430355151, 11722.068134201876, 12032.9646526948, 12306.650974237155, 12550.775321828116, 12768.770265312281, 12950.249816505848, 13110.575434153832]}, "4": {"freq": [20.0, 68.00000004249999, 116.00000061625, 164.00000102500002, 212.0000017225, 260.00000121875, 308.00000413875006, 356.00000178, 404.00000404, 452.00000113000004, 500.0, 548.0000054800001, 596.0000018625001, 644.0000128800003, 692.0000309237514, 740.0000127187502, 788.0000398925021, 836.0000428450022, 884.0000005525001, 932.0000393187518, 980.0000367500014, 1028.000071638755], "ampl": [2.1857653907864054, 16.763856081123876, 31.75628288852312, 47.276365425138394, 63.35658746661639, 76.94517865525285, 91.94930111221015, 105.27799893307326, 121.23066436150621, 135.42621150746197, 149.63367710209175, 164.9183828924857, 179.01137239170686, 192.6169784878995, 207.05218643605056, 220.16363610229726, 233.49565585608283, 247.81833766092046, 260.4264687308961, 273.40406991110353, 286.65180546552006, 299.2148952105665]}, "5": {"freq": [20.0, 68.00000004249999, 116.00000061625, 164.00000102500002, 212.0000017225, 260.00000121875, 308.00000413875006, 356.00000178, 404.00000404, 452.00000113000004, 500.0, 548.0000054800001, 596.0000018625001, 644.0000128800003, 692.0000309237514, 740.0000127187502, 788.0000398925021, 836.0000428450022, 884.0000005525001, 932.0000393187518, 980.0000367500014, 1028.000071638755], "ampl": [2.3434182658487077, 19.22434478219854, 36.60338975266433, 52.39287213531387, 68.52633832563443, 85.21231681928978, 99.32704736711592, 115.99142556467913, 129.33089880624564, 145.20352919499376, 158.4118693443023, 174.09542798501008, 190.46589496957327, 202.19369443509405, 214.8300736958646, 229.17354828591124, 242.48277465613833, 254.28552438241837, 267.2136559778859, 279.8719951252211, 292.69271589765066, 304.49526876727367]}, "6": {"freq": [20.0, 68.00000004249999, 116.00000061625, 164.00000102500002, 212.0000017225, 260.00000121875, 308.00000413875006, 356.00000178, 404.00000404, 452.00000113000004, 500.0, 548.0000054800001, 596.0000018625001, 644.0000128800003, 692.0000309237514, 740.0000127187502, 788.0000398925021, 836.0000428450022, 884.0000005525001, 932.0000393187518, 980.0000367500014, 1028.000071638755], "ampl": [2.840990257669733, 20.16535779862738, 36.723228286197404, 53.21837318024798, 70.3754076130563, 85.59856978046064, 101.16419395731427, 117.00798660037309, 131.2773415207901, 146.33585124052482, 162.36433711888665, 175.67820123985925, 191.08689218851327, 205.83895104696816, 219.84112802558073, 233.25349439903712, 246.71358118609575, 258.99005496561864, 271.95227843595916, 285.1743543762677, 296.7946198109929, 310.2452358668034]}, "7": {"freq": [20.0, 68.00000004249999, 116.00000061625, 164.00000102500002, 212.0000017225, 260.00000121875, 308.00000413875006, 356.00000178, 404.00000404, 452.00000113000004, 500.0, 548.0000054800001, 596.0000018625001, 644.0000128800003, 692.0000309237514, 740.0000127187502, 788.0000398925021, 836.0000428450022, 884.0000005525001, 932.0000393187518, 980.0000367500014, 1028.000071638755], "ampl": [3.192864828951292, 24.199698822112932, 46.256447498131074, 67.14313895902464, 88.29333890559757, 108.20330189324068, 129.34552058718205, 148.86154600942706, 168.98670112106626, 188.96696816163401, 208.64907514148084, 226.9545409503462, 245.71111717652374, 264.1001994291038, 281.9507604912407, 299.0576144251837, 316.9064587699558, 333.7649686146818, 351.07255619199486, 367.2733439399828, 382.7552776615542, 398.8677654114752]}, "wireSegments": null, "apaChannels": null, "measuredBy": null, "stage": null, "apaUuid": null, "layer": null, "headboardNum": null, "side": null}