{"0": {"freq": [20.0, 68.00000004249999, 116.00000061625, 164.00000102500002, 212.0000017225, 260.00000121875, 308.00000413875006, 356.00000178, 404.00000404, 452.00000113000004, 500.0, 548.0000054800001, 596.0000018625001, 644.0000128800003, 692.0000309237514, 740.0000127187502, 788.0000398925021, 836.0000428450022, 884.0000005525001, 932.0000393187518, 980.0000367500014, 1028.000071638755], "ampl": [223.7960079734499, 1215.3404469836248, 2376.181966894952, 3523.887501563568, 4627.144057935295, 5666.537867435535, 6634.439721776733, 7521.761559573278, 8331.308198542474, 9065.72961333282, 9726.363984577836, 10321.241032669395, 10851.529707301952, 11325.709776431117, 11746.758693684658, 12120.788976138612, 12459.657427368227, 12748.501471984877, 13006.533883352638, 13237.27928369049, 13430.78661020882, 13612.492285842703]}, "1": {"freq": [20.0, 68.00000004249999, 116.00000061625, 164.00000102500002, 212.0000017225, 260.00000121875, 308.00000413875006, 356.00000178, 404.00000404, 452.00000113000004, 500.0, 548.0000054800001, 596.0000018625001, 644.0000128800003, 692.0000309237514, 740.0000127187502, 788.0000398925021, 836.0000428450022, 884.0000005525001, 932.0000393187518, 980.0000367500014, 1028.000071638755], "ampl": [236.99159179305698, 1174.705171121203, 2239.3326722313695, 3293.273653238096, 4312.3980077077895, 5274.991461972081, 6173.503886362814, 7004.165271757295, 7763.6332515535705, 8456.230910513095, 9081.27894485096, 9645.768744080811, 10151.154884616439, 10604.153194398395, 11008.747938639226, 11368.021806897892, 11694.594534080232, 11973.600855521387, 12223.350708752687, 12447.376456332899, 12640.64446506497, 12815.119955938671]}, "2": {"freq": [20.0, 68.00000004249999, 116.00000061625, 164.00000102500002, 212.0000017225, 260.00000121875, 308.00000413875006, 356.00000178, 404.00000404, 452.00000113000004, 500.0, 548.0000054800001, 596.0000018625001, 644.0000128800003, 692.0000309237514, 740.0000127187502, 788.0000398925021, 836.0000428450022, 884.0000005525001, 932.0000393187518, 980.0000367500014, 1028.000071638755], "ampl": [237.1568933205217, 1272.8713519519335, 2486.5156053692217, 3686.226140585861, 4833.505556633267, 5912.185381951446, 6913.060729514027, 7828.02412625645, 8659.558054031517, 9410.049367722693, 10082.53984068977, 10686.56685798389, 11223.517613561451, 11701.049444218203, 12124.352766429585, 12496.518762884405, 12835.196909774302, 13123.331474874412, 13379.236415415418, 13608.229603056168, 13801.201984222283, 13976.83526525425]}, "3": {"freq": [20.0, 68.00000004249999, 116.00000061625, 164.00000102500002, 212.0000017225, 260.00000121875, 308.00000413875006, 356.00000178, 404.00000404, 452.00000113000004, 500.0, 548.0000054800001, 596.0000018625001, 644.0000128800003, 692.0000309237514, 740.0000127187502, 788.0000398925021, 836.0000428450022, 884.0000005525001, 932.0000393187518, 980.0000367500014, 1028.000071638755], "ampl": [116.81419404324842, 620.0023688760562, 1218.9273059010322, 1820.942614483521, 2406.1881459169776, 2967.104442076981, 3497.6908396376575, 3994.0861107235246, 4459.073096254319, 4887.1416519381655, 5281.140074485021, 5643.795538315209, 5973.473300303933, 6274.808171876082, 6545.597092640745, 6791.236997764384, 7017.113459380363, 7214.432592276267, 7393.048938836713, 7555.91481624775, 7697.74661351428, 7826.797002493658]}, "4": {"freq": [20.0, 68.00000004249999, 116.00000061625, 164.00000102500002, 212.0000017225, 260.00000121875, 308.00000413875006, 356.00000178, 404.00000404, 452.00000113000004, 500.0, 548.0000054800001, 596.0000018625001, 644.0000128800003, 692.0000309237514, 740.0000127187502, 788.0000398925021, 836.0000428450022, 884.0000005525001, 932.0000393187518, 980.0000367500014, 1028.000071638755], "ampl": [2.0455513439204362, 17.03721208571558, 31.11125176677277, 46.884229198046135, 62.69287306420765, 76.55449843906185, 91.36270755599466, 104.98954822307631, 119.56845286879398, 133.1916126275053, 148.12916463820682, 161.4966598829123, 175.27731481236086, 188.85405544906558, 202.46442966305653, 216.4782824693385, 229.33686420705456, 242.41509278453398, 254.36341715541093, 267.5879923530424, 279.83497043392066, 290.971818522326]}, "5": {"freq": [20.0, 68.00000004249999, 116.00000061625, 164.00000102500002, 212.0000017225, 260.00000121875, 308.00000413875006, 356.00000178, 404.00000404, 452.00000113000004, 500.0, 548.0000054800001, 596.0000018625001, 644.0000128800003, 692.0000309237514, 740.0000127187502, 788.0000398925021, 836.0000428450022, 884.0000005525001, 932.0000393187518, 980.0000367500014, 1028.000071638755], "ampl": [2.894077256336949, 18.93584942366345, 37.14741412531935, 53.410179355807934, 69.1502391044284, 85.33924493110325, 99.95505087730157, 116.15919092394014, 130.4672972151502, 143.93264174300137, 159.51189863653076, 173.6902269616237, 186.68308626549748, 202.06112354035668, 215.76798593877126, 229.0668150430198, 242.10249863995884, 254.80874307640318, 267.4971928800515, 280.24330070876493, 292.8022589853027, 304.4201292341589]}, "6": {"freq": [20.0, 68.00000004249999, 116.00000061625, 164.00000102500002, 212.0000017225, 260.00000121875, 308.00000413875006, 356.00000178, 404.00000404, 452.00000113000004, 500.0, 548.0000054800001, 596.0000018625001, 644.0000128800003, 692.0000309237514, 740.0000127187502, 788.0000398925021, 836.0000428450022, 884.0000005525001, 932.0000393187518, 980.0000367500014, 1028.000071638755], "ampl": [3.295924761386895, 20.311279361483574, 36.56583862441086, 52.309604621935826, 70.09503095671832, 86.25395606764033, 100.39495144027794, 115.97576762301655, 132.1859097826907, 147.56771682218493, 162.7947623985273, 176.3320625920712, 191.53179877838647, 205.88941126651318, 219.02819281559124, 231.820853851965, 246.89999309125983, 258.82306556780975, 271.7993646018172, 283.78440430805193, 296.89231788286736, 308.76542077271864]}, "7": {"freq": [20.0, 68.00000004249999, 116.00000061625, 164.00000102500002, 212.0000017225, 260.00000121875, 308.00000413875006, 356.00000178, 404.00000404, 452.00000113000004, 500.0, 548.0000054800001, 596.0000018625001, 644.0000128800003, 692.0000309237514, 740.0000127187502, 788.0000398925021, 836.0000428450022, 884.0000005525001, 932.0000393187518, 980.0000367500014, 1028.000071638755], "ampl": [2.9479491235039332, 22.438684259762795, 43.66131606274801, 63.50864261930832, 85.07980432137701, 102.60022963382747, 122.15733491156656, 140.65096108980083, 159.96638439437848, 178.42078477067176, 196.65083241696541, 213.47552164846059, 231.53304323003235, 249.10288110581004, 265.8253848675867, 281.4328018086199, 299.79489314349865, 315.68498131477924, 330.12372902483276, 346.16820376119637, 361.5611761346254, 376.1807904885536]}, "wireSegments": null, "apaChannels": null, "measuredBy": null, "stage": null, "apaUuid": null, "layer": null, "headboardNum": null, "side": null}