{"0": {"freq": [20.0, 68.00000004249999, 116.00000061625, 164.00000102500002, 212.0000017225, 260.00000121875, 308.00000413875006, 356.00000178, 404.00000404, 452.00000113000004, 500.0, 548.0000054800001, 596.0000018625001, 644.0000128800003, 692.0000309237514, 740.0000127187502, 788.0000398925021, 836.0000428450022, 884.0000005525001, 932.0000393187518, 980.0000367500014, 1028.000071638755], "ampl": [228.0517927663833, 1224.069723459378, 2380.2774471675957, 3523.01076928944, 4621.169018740316, 5653.00450869782, 6616.6138970815555, 7495.187170009218, 8298.462030126033, 9029.520823748799, 9674.92406133865, 10275.209814954897, 10803.561940139421, 11274.233203173799, 11693.771014805208, 12063.205911545083, 12400.034796204665, 12688.366572560086, 12945.467259859046, 13170.388371760144, 13373.874987523688, 13546.02406780792]}, "1": {"freq": [20.0, 68.00000004249999, 116.00000061625, 164.00000102500002, 212.0000017225, 260.00000121875, 308.00000413875006, 356.00000178, 404.00000404, 452.00000113000004, 500.0, 548.0000054800001, 596.0000018625001, 644.0000128800003, 692.0000309237514, 740.0000127187502, 788.0000398925021, 836.0000428450022, 884.0000005525001, 932.0000393187518, 980.0000367500014, 1028.000071638755], "ampl": [213.00809097202682, 1132.969194662793, 2205.2472663665476, 3269.1595000404313, 4294.470851948231, 5262.785133118122, 6170.711007292549, 7002.671501979429, 7765.520991429429, 8463.993556047963, 9082.37522451886, 9663.035879727895, 10174.590253343717, 10631.221936494127, 11040.743980244819, 11402.19223460223, 11732.289516109178, 12018.88459910405, 12271.595684070642, 12497.471729236602, 12699.155993396314, 12872.863601295967]}, "2": {"freq": [20.0, 68.00000004249999, 116.00000061625, 164.00000102500002, 212.0000017225, 260.00000121875, 308.00000413875006, 356.00000178, 404.00000404, 452.00000113000004, 500.0, 548.0000054800001, 596.0000018625001, 644.0000128800003, 692.0000309237514, 740.0000127187502, 788.0000398925021, 836.0000428450022, 884.0000005525001, 932.0000393187518, 980.0000367500014, 1028.000071638755], "ampl": [226.2233110520708, 1219.4997182857865, 2373.809959012181, 3513.30809818694, 4607.5736152501795, 5638.2182553583825, 6598.6322515060765, 7476.183608891187, 8279.95693573556, 9010.542673623406, 9657.923669542146, 10259.561843069034, 10789.708066622485, 11262.455347456247, 11682.394740478792, 12052.802865804131, 12391.588908562946, 12684.206655760123, 12941.120148074653, 13168.924638417819, 13374.971607473268, 13548.095791426464]}, "3": {"freq": [20.0, 68.00000004249999, 116.00000061625, 164.00000102500002, 212.0000017225, 260.00000121875, 308.00000413875006, 356.00000178, 404.00000404, 452.00000113000004, 500.0, 548.0000054800001, 596.0000018625001, 644.0000128800003, 692.0000309237514, 740.0000127187502, 788.0000398925021, 836.0000428450022, 884.0000005525001, 932.0000393187518, 980.0000367500014, 1028.000071638755], "ampl": [126.67044150281235, 678.963397021107, 1335.4766824599742, 1995.338784841875, 2638.7978848863727, 3255.987575991035, 3844.4679005479757, 4394.392177134915, 4907.626536896438, 5386.244165374482, 5822.160394682272, 6236.622645376171, 6608.0688315660345, 6947.889425969185, 7257.998226166091, 7537.180133884294, 7795.5805712657475, 8021.8329527597625, 8228.23256385811, 8415.384487503055, 8584.326622268147, 8731.252491786892]}, "4": {"freq": [20.0, 68.00000004249999, 116.00000061625, 164.00000102500002, 212.0000017225, 260.00000121875, 308.00000413875006, 356.00000178, 404.00000404, 452.00000113000004, 500.0, 548.0000054800001, 596.0000018625001, 644.0000128800003, 692.0000309237514, 740.0000127187502, 788.0000398925021, 836.0000428450022, 884.0000005525001, 932.0000393187518, 980.0000367500014, 1028.000071638755], "ampl": [222.10861654223177, 1191.3169676922296, 2306.737162016403, 3404.479548831326, 4459.710882249578, 5450.579730390648, 6379.266525028186, 7229.373637400602, 8005.536021884052, 8715.85373464214, 9345.570475621014, 9933.156839561894, 10450.42086465838, 10913.89171244204, 11327.508480570856, 11691.748164160736, 12026.357417076968, 12313.409407181169, 12570.429691674643, 12796.37671628744, 13000.3722341359, 13171.512761820508]}, "5": {"freq": [20.0, 68.00000004249999, 116.00000061625, 164.00000102500002, 212.0000017225, 260.00000121875, 308.00000413875006, 356.00000178, 404.00000404, 452.00000113000004, 500.0, 548.0000054800001, 596.0000018625001, 644.0000128800003, 692.0000309237514, 740.0000127187502, 788.0000398925021, 836.0000428450022, 884.0000005525001, 932.0000393187518, 980.0000367500014, 1028.000071638755], "ampl": [224.10170210977125, 1157.1022319707977, 2230.6097291569226, 3295.0815386631048, 4318.76370488436, 5285.365568885382, 6190.6785432993265, 7020.302657735679, 7780.800332337858, 8476.77920900705, 9091.514792618218, 9668.686363770586, 10177.309545306987, 10632.916492242628, 11039.355478797606, 11400.090922110798, 11726.735121881096, 12009.629241266352, 12261.331979167246, 12483.474361580144, 12686.498352721643, 12856.179834022169]}, "6": {"freq": [20.0, 68.00000004249999, 116.00000061625, 164.00000102500002, 212.0000017225, 260.00000121875, 308.00000413875006, 356.00000178, 404.00000404, 452.00000113000004, 500.0, 548.0000054800001, 596.0000018625001, 644.0000128800003, 692.0000309237514, 740.0000127187502, 788.0000398925021, 836.0000428450022, 884.0000005525001, 932.0000393187518, 980.0000367500014, 1028.000071638755], "ampl": [237.91183624610522, 1257.8084833924681, 2437.889913566381, 3598.160788096783, 4705.600546419307, 5738.750399109766, 6695.786028967298, 7560.952052989679, 8343.820988242447, 9049.74935592014, 9671.011380384587, 10241.558612333425, 10739.313910499335, 11180.537701902054, 11569.659201956782, 11909.841423661095, 12218.300481212442, 12479.705408192356, 12711.566798461656, 12913.360593190091, 13095.570763323067, 13245.582196930853]}, "7": {"freq": [20.0, 68.00000004249999, 116.00000061625, 164.00000102500002, 212.0000017225, 260.00000121875, 308.00000413875006, 356.00000178, 404.00000404, 452.00000113000004, 500.0, 548.0000054800001, 596.0000018625001, 644.0000128800003, 692.0000309237514, 740.0000127187502, 788.0000398925021, 836.0000428450022, 884.0000005525001, 932.0000393187518, 980.0000367500014, 1028.000071638755], "ampl": [134.68219621462202, 677.6769898751528, 1309.9477977688446, 1943.7306338196483, 2557.5949679990463, 3142.978313730743, 3699.987609877466, 4215.883431662037, 4694.1359398658615, 5138.928856725102, 5535.605719820093, 5916.859886662955, 6255.265852371795, 6562.986254858259, 6838.194662598698, 7086.072036487353, 7313.555559084902, 7513.198630176539, 7690.88693550152, 7851.53958980152, 7996.903960681302, 8122.513778514617]}, "wireSegments": null, "apaChannels": null, "measuredBy": null, "stage": null, "apaUuid": null, "layer": null, "headboardNum": null, "side": null}