{"0": {"freq": [20.0, 68.00000004249999, 116.00000061625, 164.00000102500002, 212.0000017225, 260.00000121875, 308.00000413875006, 356.00000178, 404.00000404, 452.00000113000004, 500.0, 548.0000054800001, 596.0000018625001, 644.0000128800003, 692.0000309237514, 740.0000127187502, 788.0000398925021, 836.0000428450022, 884.0000005525001, 932.0000393187518, 980.0000367500014, 1028.000071638755], "ampl": [140.7467680295902, 725.2652321066336, 1410.563090564423, 2096.1837402406104, 2761.610294984195, 3397.95915549255, 3997.0755219723173, 4557.89336511985, 5081.739127227092, 5561.686749203616, 6001.629253061714, 6404.639783535605, 6772.956951409166, 7104.96391569332, 7403.766082570694, 7674.0103549622, 7919.027754756449, 8136.927614426058, 8332.609869769869, 8507.209709996416, 8663.548446347493, 8799.257416541392]}, "1": {"freq": [20.0, 68.00000004249999, 116.00000061625, 164.00000102500002, 212.0000017225, 260.00000121875, 308.00000413875006, 356.00000178, 404.00000404, 452.00000113000004, 500.0, 548.0000054800001, 596.0000018625001, 644.0000128800003, 692.0000309237514, 740.0000127187502, 788.0000398925021, 836.0000428450022, 884.0000005525001, 932.0000393187518, 980.0000367500014, 1028.000071638755], "ampl": [221.63275575962072, 1173.6394062741003, 2283.3727342028337, 3377.773808380858, 4428.884162320963, 5416.841465912624, 6330.30123496309, 7170.013827688722, 7934.062297935248, 8625.788970545467, 9247.256201340564, 9805.324725660554, 10305.05742983315, 10749.302861977429, 11139.808522883863, 11490.06915162755, 11802.186824944387, 12075.131723629487, 12316.980586242, 12528.008461474128, 12715.004062345277, 12875.805949317768]}, "2": {"freq": [20.0, 68.00000004249999, 116.00000061625, 164.00000102500002, 212.0000017225, 260.00000121875, 308.00000413875006, 356.00000178, 404.00000404, 452.00000113000004, 500.0, 548.0000054800001, 596.0000018625001, 644.0000128800003, 692.0000309237514, 740.0000127187502, 788.0000398925021, 836.0000428450022, 884.0000005525001, 932.0000393187518, 980.0000367500014, 1028.000071638755], "ampl": [221.04332268771077, 1179.546252717284, 2297.855362653279, 3403.0129514703494, 4465.35121372989, 5464.033605570284, 6391.274523212309, 7248.131272605068, 8030.473249552477, 8738.049664983664, 9378.2360583967, 9952.856430944743, 10470.322374376226, 10928.855260905422, 11337.077037378374, 11701.848715867884, 12027.550019786431, 12312.470801718036, 12566.556879057383, 12787.173361174457, 12985.188218003444, 13155.2110652673]}, "3": {"freq": [20.0, 68.00000004249999, 116.00000061625, 164.00000102500002, 212.0000017225, 260.00000121875, 308.00000413875006, 356.00000178, 404.00000404, 452.00000113000004, 500.0, 548.0000054800001, 596.0000018625001, 644.0000128800003, 692.0000309237514, 740.0000127187502, 788.0000398925021, 836.0000428450022, 884.0000005525001, 932.0000393187518, 980.0000367500014, 1028.000071638755], "ampl": [220.67074954139898, 1186.5658920310632, 2312.027331292449, 3424.7335726751076, 4492.464176246892, 5495.70749646688, 6427.084421641386, 7283.871361509287, 8064.255796237943, 8769.678098804008, 9405.610070426079, 9977.63659136915, 10489.230360113945, 10943.124911915394, 11344.357597257082, 11703.047953304043, 12023.277787281288, 12302.814337479562, 12551.904540072479, 12769.119911450991, 12963.37172821471, 13127.962380121353]}, "4": {"freq": [20.0, 68.00000004249999, 116.00000061625, 164.00000102500002, 212.0000017225, 260.00000121875, 308.00000413875006, 356.00000178, 404.00000404, 452.00000113000004, 500.0, 548.0000054800001, 596.0000018625001, 644.0000128800003, 692.0000309237514, 740.0000127187502, 788.0000398925021, 836.0000428450022, 884.0000005525001, 932.0000393187518, 980.0000367500014, 1028.000071638755], "ampl": [146.68539207215807, 727.3765085348202, 1394.2778999732484, 2059.321113823988, 2704.9325570923506, 3323.3557720459175, 3908.1947037434334, 4460.360792413918, 4972.393692025694, 5445.737524475013, 5882.423499006734, 6282.047909025941, 6649.813802623623, 6983.242783708204, 7283.465321410239, 7556.9067260790725, 7802.6858911925, 8024.822595835078, 8222.8094476679, 8401.157698736219, 8561.264753480411, 8701.36953416908]}, "5": {"freq": [20.0, 68.00000004249999, 116.00000061625, 164.00000102500002, 212.0000017225, 260.00000121875, 308.00000413875006, 356.00000178, 404.00000404, 452.00000113000004, 500.0, 548.0000054800001, 596.0000018625001, 644.0000128800003, 692.0000309237514, 740.0000127187502, 788.0000398925021, 836.0000428450022, 884.0000005525001, 932.0000393187518, 980.0000367500014, 1028.000071638755], "ampl": [216.80390676929267, 1157.8581940811653, 2251.585080784186, 3331.8937897719115, 4364.683266027344, 5334.401259037305, 6234.33909321817, 7063.506989615733, 7810.46898093866, 8489.88673544696, 9099.498725724514, 9645.105745048768, 10135.855090684498, 10572.427629049454, 10954.663270909536, 11299.168888734916, 11603.303372255847, 11871.049835212745, 12107.670670102842, 12316.503612365272, 12499.713606527366, 12655.185907731202]}, "6": {"freq": [20.0, 68.00000004249999, 116.00000061625, 164.00000102500002, 212.0000017225, 260.00000121875, 308.00000413875006, 356.00000178, 404.00000404, 452.00000113000004, 500.0, 548.0000054800001, 596.0000018625001, 644.0000128800003, 692.0000309237514, 740.0000127187502, 788.0000398925021, 836.0000428450022, 884.0000005525001, 932.0000393187518, 980.0000367500014, 1028.000071638755], "ampl": [235.2710937209275, 1219.6660628850836, 2362.8306592576655, 3488.660285124108, 4565.784287879645, 5574.045516771582, 6505.7296291544935, 7360.552826234464, 8132.1115378503055, 8827.916166831084, 9451.089753274038, 10009.071770556728, 10508.980061653725, 10947.32989807036, 11335.943783488821, 11678.075544626237, 11982.924757975557, 12250.01623256488, 12484.889084555853, 12689.738479088945, 12870.183168860878, 13026.067259801546]}, "7": {"freq": [20.0, 68.00000004249999, 116.00000061625, 164.00000102500002, 212.0000017225, 260.00000121875, 308.00000413875006, 356.00000178, 404.00000404, 452.00000113000004, 500.0, 548.0000054800001, 596.0000018625001, 644.0000128800003, 692.0000309237514, 740.0000127187502, 788.0000398925021, 836.0000428450022, 884.0000005525001, 932.0000393187518, 980.0000367500014, 1028.000071638755], "ampl": [228.75842273946068, 1210.0552345874341, 2344.5098730459454, 3460.1986247695736, 4529.192454965486, 5526.691668313386, 6445.767932727647, 7287.149563164168, 8045.842481488889, 8727.332114111601, 9339.782145239491, 9884.32561372272, 10370.486200869896, 10798.378012109568, 11172.542276524244, 11506.898060739439, 11804.148973609066, 12061.517347514686, 12288.659888543421, 12486.978326265922, 12661.30445771253, 12809.681528544046]}, "wireSegments": null, "apaChannels": null, "measuredBy": null, "stage": null, "apaUuid": null, "layer": null, "headboardNum": null, "side": null}