{"0": {"freq": [20.0, 68.00000004249999, 116.00000061625, 164.00000102500002, 212.0000017225, 260.00000121875, 308.00000413875006, 356.00000178, 404.00000404, 452.00000113000004, 500.0, 548.0000054800001, 596.0000018625001, 644.0000128800003, 692.0000309237514, 740.0000127187502, 788.0000398925021, 836.0000428450022, 884.0000005525001, 932.0000393187518, 980.0000367500014, 1028.000071638755], "ampl": [2.249079897759215, 12.516962367487135, 23.659544236002873, 33.59995142606202, 43.61008288527676, 54.20306724762801, 61.400879267926, 70.9325979023459, 81.49396132108068, 90.27517301025546, 98.62746284708649, 107.3204595644823, 116.0732109799166, 124.26496790000373, 132.48050711818294, 141.8987240084873, 149.85785219279418, 157.41513193156692, 165.92337864387616, 173.90983860379774, 180.78037556019515, 188.08149942473247]}, "1": {"freq": [20.0, 68.00000004249999, 116.00000061625, 164.00000102500002, 212.0000017225, 260.00000121875, 308.00000413875006, 356.00000178, 404.00000404, 452.00000113000004, 500.0, 548.0000054800001, 596.0000018625001, 644.0000128800003, 692.0000309237514, 740.0000127187502, 788.0000398925021, 836.0000428450022, 884.0000005525001, 932.0000393187518, 980.0000367500014, 1028.000071638755], "ampl": [2.5688428951656093, 17.270560328509973, 33.41550929538048, 50.203715568616644, 65.06946601013313, 79.72993715493081, 95.99231705258349, 108.91778902035901, 123.59307941012838, 138.68601484127987, 152.14413010703993, 167.20540285787337, 179.44237314004934, 193.0420748642856, 206.00069229977484, 219.27235776910365, 232.37918493482303, 244.70411766913122, 257.5795085117064, 270.0369533795728, 281.1203313515098, 292.1546625628985]}, "2": {"freq": [20.0, 68.00000004249999, 116.00000061625, 164.00000102500002, 212.0000017225, 260.00000121875, 308.00000413875006, 356.00000178, 404.00000404, 452.00000113000004, 500.0, 548.0000054800001, 596.0000018625001, 644.0000128800003, 692.0000309237514, 740.0000127187502, 788.0000398925021, 836.0000428450022, 884.0000005525001, 932.0000393187518, 980.0000367500014, 1028.000071638755], "ampl": [1.9437155914934343, 17.26097547575668, 32.88447958987605, 48.5395705368684, 64.21007398899644, 79.46924815534408, 94.34582281393146, 109.67472015375917, 124.8391537363578, 139.32579601608273, 152.4735406966665, 166.73154422743997, 181.13984851866212, 195.03193018359022, 207.32306818661155, 220.48597317876747, 234.2688345163854, 247.41046110538835, 259.2864734600063, 271.11715019458364, 284.2313216670865, 296.89078139454057]}, "3": {"freq": [20.0, 68.00000004249999, 116.00000061625, 164.00000102500002, 212.0000017225, 260.00000121875, 308.00000413875006, 356.00000178, 404.00000404, 452.00000113000004, 500.0, 548.0000054800001, 596.0000018625001, 644.0000128800003, 692.0000309237514, 740.0000127187502, 788.0000398925021, 836.0000428450022, 884.0000005525001, 932.0000393187518, 980.0000367500014, 1028.000071638755], "ampl": [1.334117734247948, 15.705425141700925, 33.15775010161765, 47.98830152554819, 62.902434420621844, 80.85839842079031, 96.4092322075478, 113.17057133702296, 127.47283654850267, 142.16457911978256, 157.47217305143693, 172.4845106512958, 187.43559528484883, 203.21925769615143, 217.1207662754498, 231.50889609129013, 246.96197980105484, 260.08490628559576, 273.7951337969767, 288.0964578623841, 301.78400021569723, 314.6155628489343]}, "4": {"freq": [20.0, 68.00000004249999, 116.00000061625, 164.00000102500002, 212.0000017225, 260.00000121875, 308.00000413875006, 356.00000178, 404.00000404, 452.00000113000004, 500.0, 548.0000054800001, 596.0000018625001, 644.0000128800003, 692.0000309237514, 740.0000127187502, 788.0000398925021, 836.0000428450022, 884.0000005525001, 932.0000393187518, 980.0000367500014, 1028.000071638755], "ampl": [226.8772936235217, 1219.8867728857574, 2377.7321357575606, 3520.174243451424, 4615.025899823752, 5644.12252427514, 6597.639440189443, 7480.02708329978, 8271.748260328484, 8990.040361458216, 9641.281577581673, 10222.786669135588, 10740.01964457565, 11199.784778112997, 11611.851391864657, 11976.032486390895, 12297.968329672229, 12596.232819361025, 12831.601959245028, 13056.618213961427, 13245.354463004809, 13419.8747400349]}, "5": {"freq": [20.0, 68.00000004249999, 116.00000061625, 164.00000102500002, 212.0000017225, 260.00000121875, 308.00000413875006, 356.00000178, 404.00000404, 452.00000113000004, 500.0, 548.0000054800001, 596.0000018625001, 644.0000128800003, 692.0000309237514, 740.0000127187502, 788.0000398925021, 836.0000428450022, 884.0000005525001, 932.0000393187518, 980.0000367500014, 1028.000071638755], "ampl": [215.45443717643622, 1156.426527327753, 2268.6895318064403, 3371.1402704780585, 4432.165702530746, 5431.268481117025, 6359.113701735521, 7223.048929855392, 7993.571926454259, 8698.726932410385, 9336.614165617044, 9905.262381311917, 10415.85617183533, 10869.056889631695, 11276.699803251377, 11633.30100263569, 11953.84590211425, 12248.906737611043, 12481.480226038699, 12703.611344061941, 12892.810451381256, 13065.155225277656]}, "6": {"freq": [20.0, 68.00000004249999, 116.00000061625, 164.00000102500002, 212.0000017225, 260.00000121875, 308.00000413875006, 356.00000178, 404.00000404, 452.00000113000004, 500.0, 548.0000054800001, 596.0000018625001, 644.0000128800003, 692.0000309237514, 740.0000127187502, 788.0000398925021, 836.0000428450022, 884.0000005525001, 932.0000393187518, 980.0000367500014, 1028.000071638755], "ampl": [233.69587827808775, 1238.574293108587, 2417.4595486233857, 3578.0039735365117, 4686.3689483276385, 5723.03970711844, 6678.111895342137, 7556.544479397979, 8334.44829272148, 9038.714961901962, 9672.356311414747, 10233.403826463562, 10730.263820498296, 11167.90551848129, 11560.238063661302, 11900.206722573186, 12200.703753112308, 12478.529558949898, 12694.99580091298, 12901.912469785437, 13073.72943270711, 13231.394566692215]}, "7": {"freq": [20.0, 68.00000004249999, 116.00000061625, 164.00000102500002, 212.0000017225, 260.00000121875, 308.00000413875006, 356.00000178, 404.00000404, 452.00000113000004, 500.0, 548.0000054800001, 596.0000018625001, 644.0000128800003, 692.0000309237514, 740.0000127187502, 788.0000398925021, 836.0000428450022, 884.0000005525001, 932.0000393187518, 980.0000367500014, 1028.000071638755], "ampl": [135.47820596116475, 695.5109943547191, 1364.0955767548426, 2036.9207637256488, 2690.4065665940147, 3310.031739588396, 3894.4018634529016, 4445.880228521535, 4942.105137998707, 5403.076274713507, 5822.568971087956, 6206.138108592037, 6551.7069802806645, 6862.9124360536425, 7144.810598340937, 7396.794604729377, 7622.2355022740185, 7839.461231883841, 8005.003879539812, 8166.856614043683, 8306.224705699615, 8434.540118056228]}, "wireSegments": null, "apaChannels": null, "measuredBy": null, "stage": null, "apaUuid": null, "layer": null, "headboardNum": null, "side": null}