{"0": {"freq": [20.0, 68.00000004249999, 116.00000061625, 164.00000102500002, 212.0000017225, 260.00000121875, 308.00000413875006, 356.00000178, 404.00000404, 452.00000113000004, 500.0, 548.0000054800001, 596.0000018625001, 644.0000128800003, 692.0000309237514, 740.0000127187502, 788.0000398925021, 836.0000428450022, 884.0000005525001, 932.0000393187518, 980.0000367500014, 1028.000071638755], "ampl": [215.7839976643371, 1162.428677521714, 2263.7579460258276, 3355.5823107429082, 4407.753370123284, 5402.785345407825, 6328.744968991305, 7189.881430652029, 7976.234586581046, 8694.321974652594, 9345.267023322362, 9933.36137688645, 10460.147641385105, 10932.220387095807, 11358.214004228415, 11736.04564959166, 12073.514984262576, 12373.271905293592, 12639.35757804591, 12874.645595182044, 13080.380784644867, 13263.753580836143]}, "1": {"freq": [20.0, 68.00000004249999, 116.00000061625, 164.00000102500002, 212.0000017225, 260.00000121875, 308.00000413875006, 356.00000178, 404.00000404, 452.00000113000004, 500.0, 548.0000054800001, 596.0000018625001, 644.0000128800003, 692.0000309237514, 740.0000127187502, 788.0000398925021, 836.0000428450022, 884.0000005525001, 932.0000393187518, 980.0000367500014, 1028.000071638755], "ampl": [205.55992841903625, 1094.4084855177462, 2127.920148058355, 3156.14871274601, 4149.060963935551, 5091.173464939955, 5969.857587955435, 6786.4835945585855, 7538.278169825982, 8222.937951208725, 8847.10363809325, 9410.223086285674, 9916.99853695572, 10372.032164973312, 10783.211013423817, 11146.196537834943, 11473.92473805887, 11765.697282026982, 12022.687053099335, 12251.33838112192, 12452.378647324864, 12630.919998792726]}, "2": {"freq": [20.0, 68.00000004249999, 116.00000061625, 164.00000102500002, 212.0000017225, 260.00000121875, 308.00000413875006, 356.00000178, 404.00000404, 452.00000113000004, 500.0, 548.0000054800001, 596.0000018625001, 644.0000128800003, 692.0000309237514, 740.0000127187502, 788.0000398925021, 836.0000428450022, 884.0000005525001, 932.0000393187518, 980.0000367500014, 1028.000071638755], "ampl": [222.86092412887513, 1208.703418514162, 2352.0201570086333, 3481.8070680650976, 4567.886445235779, 5591.201474095353, 6541.785766011537, 7419.238821500822, 8221.773951236677, 8949.336916264156, 9608.603041371014, 10199.580675877209, 10729.45698006855, 11202.838099893237, 11627.85755373571, 12002.654689906907, 12338.132143574463, 12635.409506696265, 12898.304951736238, 13129.104868332817, 13332.037615350439, 13512.109760832534]}, "3": {"freq": [20.0, 68.00000004249999, 116.00000061625, 164.00000102500002, 212.0000017225, 260.00000121875, 308.00000413875006, 356.00000178, 404.00000404, 452.00000113000004, 500.0, 548.0000054800001, 596.0000018625001, 644.0000128800003, 692.0000309237514, 740.0000127187502, 788.0000398925021, 836.0000428450022, 884.0000005525001, 932.0000393187518, 980.0000367500014, 1028.000071638755], "ampl": [125.86151301238124, 663.4406256834022, 1296.9834851811086, 1933.5913190994215, 2554.0675361443223, 3149.911746687846, 3715.976133372987, 4249.102518710282, 4747.759888846562, 5213.1863622374, 5641.402600611209, 6036.143769936457, 6397.794391407367, 6726.302177749043, 7027.186221936312, 7300.693639375668, 7550.247258879475, 7773.379179426788, 7977.1417088165845, 8157.880388897073, 8319.93951838435, 8466.622626358048]}, "4": {"freq": [20.0, 68.00000004249999, 116.00000061625, 164.00000102500002, 212.0000017225, 260.00000121875, 308.00000413875006, 356.00000178, 404.00000404, 452.00000113000004, 500.0, 548.0000054800001, 596.0000018625001, 644.0000128800003, 692.0000309237514, 740.0000127187502, 788.0000398925021, 836.0000428450022, 884.0000005525001, 932.0000393187518, 980.0000367500014, 1028.000071638755], "ampl": [238.3463780827762, 1262.60715506866, 2447.9302960847185, 3613.9738441624827, 4728.583600989542, 5772.586772103812, 6739.606578338859, 7624.306718078471, 8428.886948543586, 9154.184194309153, 9806.518836006771, 10391.75710775673, 10909.275363230749, 11371.319501371212, 11783.17101358657, 12144.301826359886, 12465.073391971599, 12747.555904965362, 12998.150946528627, 13215.012642878002, 13405.437851188117, 13574.318358327475]}, "5": {"freq": [20.0, 68.00000004249999, 116.00000061625, 164.00000102500002, 212.0000017225, 260.00000121875, 308.00000413875006, 356.00000178, 404.00000404, 452.00000113000004, 500.0, 548.0000054800001, 596.0000018625001, 644.0000128800003, 692.0000309237514, 740.0000127187502, 788.0000398925021, 836.0000428450022, 884.0000005525001, 932.0000393187518, 980.0000367500014, 1028.000071638755], "ampl": [223.07706516213014, 1173.5327879136898, 2283.3702702816977, 3381.7738952736013, 4437.354605061771, 5430.941556961822, 6352.83619982753, 7203.433447373225, 7978.544289754095, 8680.595735775678, 9311.52366174141, 9880.27708577203, 10386.360819472151, 10838.167106642857, 11242.064088719391, 11597.361677443565, 11916.340409055758, 12196.92675638437, 12444.201340953123, 12661.78827118075, 12850.150012733515, 13018.846840274275]}, "6": {"freq": [20.0, 68.00000004249999, 116.00000061625, 164.00000102500002, 212.0000017225, 260.00000121875, 308.00000413875006, 356.00000178, 404.00000404, 452.00000113000004, 500.0, 548.0000054800001, 596.0000018625001, 644.0000128800003, 692.0000309237514, 740.0000127187502, 788.0000398925021, 836.0000428450022, 884.0000005525001, 932.0000393187518, 980.0000367500014, 1028.000071638755], "ampl": [257.1906548364027, 1331.787252599778, 2575.6751320860785, 3794.1756463941947, 4954.123420575045, 6031.880240345906, 7019.761589004695, 7917.437275286327, 8720.741356963292, 9441.589802761493, 10079.847945752928, 10647.701663567766, 11145.06392174699, 11584.252708194908, 11972.9641229334, 12307.83297970624, 12606.564614542356, 12865.371892694211, 13091.85855289725, 13288.28544137822, 13455.08912791203, 13604.453850606573]}, "7": {"freq": [20.0, 68.00000004249999, 116.00000061625, 164.00000102500002, 212.0000017225, 260.00000121875, 308.00000413875006, 356.00000178, 404.00000404, 452.00000113000004, 500.0, 548.0000054800001, 596.0000018625001, 644.0000128800003, 692.0000309237514, 740.0000127187502, 788.0000398925021, 836.0000428450022, 884.0000005525001, 932.0000393187518, 980.0000367500014, 1028.000071638755], "ampl": [126.02667826981676, 650.8006521712301, 1270.3609459124436, 1889.4208756740106, 2491.242021961845, 3061.6647521306913, 3596.9174172522407, 4098.514733421125, 4562.467244239086, 4988.001828160569, 5375.797134146266, 5729.546845654305, 6047.040996438923, 6335.650846214981, 6593.987390136374, 6826.604094007115, 7037.850140644847, 7223.875594819297, 7390.146542993653, 7536.623519095226, 7667.4150491110995, 7784.007070095442]}, "wireSegments": null, "apaChannels": null, "measuredBy": null, "stage": null, "apaUuid": null, "layer": null, "headboardNum": null, "side": null}