{"0": {"freq": [20.0, 68.00000004249999, 116.00000061625, 164.00000102500002, 212.0000017225, 260.00000121875, 308.00000413875006, 356.00000178, 404.00000404, 452.00000113000004, 500.0, 548.0000054800001, 596.0000018625001, 644.0000128800003, 692.0000309237514, 740.0000127187502, 788.0000398925021, 836.0000428450022, 884.0000005525001, 932.0000393187518, 980.0000367500014, 1028.000071638755], "ampl": [1.6779636071966713, 12.297085905251288, 21.929663722293103, 30.904030610970775, 39.002772365584306, 47.72193170643838, 55.797601527940344, 64.76726301214629, 72.12530749063656, 79.5954879503742, 88.49972877110271, 96.48607825986181, 103.70158573103602, 112.38247384210358, 118.84112517931291, 125.8389263111061, 133.83155015977204, 140.8674125972671, 147.55876370491396, 155.06721793197693, 161.1092147122551, 167.9775179223974]}, "1": {"freq": [20.0, 68.00000004249999, 116.00000061625, 164.00000102500002, 212.0000017225, 260.00000121875, 308.00000413875006, 356.00000178, 404.00000404, 452.00000113000004, 500.0, 548.0000054800001, 596.0000018625001, 644.0000128800003, 692.0000309237514, 740.0000127187502, 788.0000398925021, 836.0000428450022, 884.0000005525001, 932.0000393187518, 980.0000367500014, 1028.000071638755], "ampl": [2.061960716384124, 17.683318669058878, 35.091968848058215, 50.17862611445239, 64.40339799436781, 79.5370226114619, 95.31333288462359, 109.78321504306022, 125.1344226365633, 138.1597182200394, 152.07425132496394, 166.22782327660275, 179.67943889723324, 192.85955716578567, 207.05849940757955, 218.88195237581897, 232.53313711517922, 245.4182099561599, 256.9991669124917, 269.7410532441525, 280.9619514891636, 292.51763980792623]}, "2": {"freq": [20.0, 68.00000004249999, 116.00000061625, 164.00000102500002, 212.0000017225, 260.00000121875, 308.00000413875006, 356.00000178, 404.00000404, 452.00000113000004, 500.0, 548.0000054800001, 596.0000018625001, 644.0000128800003, 692.0000309237514, 740.0000127187502, 788.0000398925021, 836.0000428450022, 884.0000005525001, 932.0000393187518, 980.0000367500014, 1028.000071638755], "ampl": [3.27295458035625, 17.3832055759569, 34.05931795111312, 48.326117584796016, 63.64010116836397, 79.8361911778147, 95.22243681232088, 109.52057936977482, 125.03548296148362, 139.69729119224326, 152.1779514370661, 166.82257150419403, 181.13075956483735, 193.68297856199678, 207.88219552779947, 220.29459334539214, 232.7518549068175, 247.433366362539, 259.3523483543089, 272.469115622041, 284.4633709266452, 296.0296331312286]}, "3": {"freq": [20.0, 68.00000004249999, 116.00000061625, 164.00000102500002, 212.0000017225, 260.00000121875, 308.00000413875006, 356.00000178, 404.00000404, 452.00000113000004, 500.0, 548.0000054800001, 596.0000018625001, 644.0000128800003, 692.0000309237514, 740.0000127187502, 788.0000398925021, 836.0000428450022, 884.0000005525001, 932.0000393187518, 980.0000367500014, 1028.000071638755], "ampl": [1.1388041973930427, 17.4809202971417, 34.773396524371876, 51.588412329088456, 68.09403222554432, 85.67229521730404, 102.16629431391252, 118.37790042370149, 135.1617782033, 150.11934237633133, 165.44020829447726, 181.1880653230856, 197.21153342267334, 212.24487958011613, 228.22029126554165, 242.75457287927793, 258.75740438250523, 272.0861335509048, 286.1419452238437, 300.99711502943114, 315.17683893926846, 328.664115817342]}, "4": {"freq": [20.0, 68.00000004249999, 116.00000061625, 164.00000102500002, 212.0000017225, 260.00000121875, 308.00000413875006, 356.00000178, 404.00000404, 452.00000113000004, 500.0, 548.0000054800001, 596.0000018625001, 644.0000128800003, 692.0000309237514, 740.0000127187502, 788.0000398925021, 836.0000428450022, 884.0000005525001, 932.0000393187518, 980.0000367500014, 1028.000071638755], "ampl": [143.4388112670413, 729.8332936507452, 1426.7551952026602, 2122.842685909176, 2795.5963457862167, 3436.2384841311173, 4036.691616670443, 4599.047106982341, 5114.687910924325, 5592.474079621185, 6025.03909627545, 6423.031121056234, 6783.8426690961705, 7105.780979019124, 7398.952954991438, 7660.207066752005, 7897.360139774337, 8112.105234111404, 8292.68697358118, 8460.181734487756, 8609.615018643677, 8739.412135151793]}, "5": {"freq": [20.0, 68.00000004249999, 116.00000061625, 164.00000102500002, 212.0000017225, 260.00000121875, 308.00000413875006, 356.00000178, 404.00000404, 452.00000113000004, 500.0, 548.0000054800001, 596.0000018625001, 644.0000128800003, 692.0000309237514, 740.0000127187502, 788.0000398925021, 836.0000428450022, 884.0000005525001, 932.0000393187518, 980.0000367500014, 1028.000071638755], "ampl": [217.56586979701234, 1170.975282498903, 2290.0384015397503, 3394.185597314802, 4452.290428712462, 5443.772335244207, 6361.4284316584135, 7201.9910044530625, 7961.6585873152, 8646.34277105729, 9259.509512673128, 9809.036675631462, 10297.554931488865, 10729.67166409281, 11112.529670959913, 11450.595723560751, 11752.152395647941, 12023.566386769928, 12245.173424022656, 12447.099871648945, 12624.937434282181, 12780.566677441217]}, "6": {"freq": [20.0, 68.00000004249999, 116.00000061625, 164.00000102500002, 212.0000017225, 260.00000121875, 308.00000413875006, 356.00000178, 404.00000404, 452.00000113000004, 500.0, 548.0000054800001, 596.0000018625001, 644.0000128800003, 692.0000309237514, 740.0000127187502, 788.0000398925021, 836.0000428450022, 884.0000005525001, 932.0000393187518, 980.0000367500014, 1028.000071638755], "ampl": [230.3282969573221, 1199.5883468704837, 2335.8298754360403, 3456.994889800711, 4532.20308135265, 5538.540444766304, 6471.119617623684, 7324.794317122635, 8094.978319787332, 8792.300383835105, 9414.434563710402, 9973.359542664808, 10470.698748650842, 10908.074111772139, 11297.254394267351, 11640.92510279934, 11944.26942405245, 12217.90738055248, 12443.948595272104, 12647.527682343141, 12827.30963407972, 12984.009238694975]}, "7": {"freq": [20.0, 68.00000004249999, 116.00000061625, 164.00000102500002, 212.0000017225, 260.00000121875, 308.00000413875006, 356.00000178, 404.00000404, 452.00000113000004, 500.0, 548.0000054800001, 596.0000018625001, 644.0000128800003, 692.0000309237514, 740.0000127187502, 788.0000398925021, 836.0000428450022, 884.0000005525001, 932.0000393187518, 980.0000367500014, 1028.000071638755], "ampl": [225.3682311638538, 1203.9953564097577, 2353.1724098890486, 3487.9551958485185, 4573.585822640958, 5586.36270842393, 6520.722271804543, 7370.13667208633, 8135.906887494476, 8826.063583734978, 9439.277374241441, 9988.516775839094, 10475.207397586557, 10904.017644628535, 11282.29394984936, 11613.401418031528, 11908.321516151776, 12171.58471032619, 12389.327733982476, 12584.470584538547, 12755.366590103202, 12906.231964814262]}, "wireSegments": null, "apaChannels": null, "measuredBy": null, "stage": null, "apaUuid": null, "layer": null, "headboardNum": null, "side": null}