{"0": {"freq": [20.0, 68.00000004249999, 116.00000061625, 164.00000102500002, 212.0000017225, 260.00000121875, 308.00000413875006, 356.00000178, 404.00000404, 452.00000113000004, 500.0, 548.0000054800001, 596.0000018625001, 644.0000128800003, 692.0000309237514, 740.0000127187502, 788.0000398925021, 836.0000428450022, 884.0000005525001, 932.0000393187518, 980.0000367500014, 1028.000071638755], "ampl": [132.34665512714344, 686.5453631698011, 1345.0748287665, 2010.5071634109536, 2657.5496820588605, 3279.0098748357696, 3866.690279996646, 4419.856602133658, 4936.201932882525, 5413.830737698998, 5854.037218116673, 6266.311130319528, 6624.308485899612, 6962.915903187309, 7264.154285804506, 7541.213115468346, 7787.771988942664, 8014.28759748875, 8213.112705843123, 8394.272748390975, 8556.333971780447, 8697.799190581189]}, "1": {"freq": [20.0, 68.00000004249999, 116.00000061625, 164.00000102500002, 212.0000017225, 260.00000121875, 308.00000413875006, 356.00000178, 404.00000404, 452.00000113000004, 500.0, 548.0000054800001, 596.0000018625001, 644.0000128800003, 692.0000309237514, 740.0000127187502, 788.0000398925021, 836.0000428450022, 884.0000005525001, 932.0000393187518, 980.0000367500014, 1028.000071638755], "ampl": [209.16282655543316, 1121.5098832278163, 2182.791642627191, 3233.3904259411565, 4244.752248518551, 5198.162023507212, 6084.366775455537, 6903.068450341115, 7651.889405641153, 8330.840311196032, 8944.709866266556, 9511.778123468512, 9993.762374138176, 10443.264159666896, 10835.223299149091, 11189.813585656722, 11503.457757083013, 11781.43022440224, 12026.920795084769, 12244.795117834397, 12439.705021182244, 12604.500227308092]}, "2": {"freq": [20.0, 68.00000004249999, 116.00000061625, 164.00000102500002, 212.0000017225, 260.00000121875, 308.00000413875006, 356.00000178, 404.00000404, 452.00000113000004, 500.0, 548.0000054800001, 596.0000018625001, 644.0000128800003, 692.0000309237514, 740.0000127187502, 788.0000398925021, 836.0000428450022, 884.0000005525001, 932.0000393187518, 980.0000367500014, 1028.000071638755], "ampl": [221.03051905100892, 1178.813983830866, 2288.7714422052973, 3389.663784292937, 4445.42442175357, 5442.385987484345, 6367.724620973804, 7222.666246773902, 8004.209492311856, 8712.257283525707, 9352.63989287221, 9942.897115743923, 10445.313212795847, 10912.263653016444, 11320.157828099156, 11687.67761033302, 12012.31734918545, 12303.84888271909, 12556.6502002225, 12783.099752646574, 12982.7956052996, 13151.524765757978]}, "3": {"freq": [20.0, 68.00000004249999, 116.00000061625, 164.00000102500002, 212.0000017225, 260.00000121875, 308.00000413875006, 356.00000178, 404.00000404, 452.00000113000004, 500.0, 548.0000054800001, 596.0000018625001, 644.0000128800003, 692.0000309237514, 740.0000127187502, 788.0000398925021, 836.0000428450022, 884.0000005525001, 932.0000393187518, 980.0000367500014, 1028.000071638755], "ampl": [214.93508804232326, 1163.7979502266485, 2266.138308469014, 3357.6676019108836, 4404.670892566718, 5393.20334136479, 6310.220191714144, 7156.1512770948275, 7927.4125605849, 8626.407071067122, 9257.41007970032, 9838.255362896816, 10332.899521237905, 10790.365941639411, 11192.205194699689, 11552.761229730271, 11871.79518462011, 12155.876513487114, 12403.156700541529, 12624.251524659416, 12820.39807162926, 12984.780419652057]}, "4": {"freq": [20.0, 68.00000004249999, 116.00000061625, 164.00000102500002, 212.0000017225, 260.00000121875, 308.00000413875006, 356.00000178, 404.00000404, 452.00000113000004, 500.0, 548.0000054800001, 596.0000018625001, 644.0000128800003, 692.0000309237514, 740.0000127187502, 788.0000398925021, 836.0000428450022, 884.0000005525001, 932.0000393187518, 980.0000367500014, 1028.000071638755], "ampl": [148.77659462210667, 764.3244262899418, 1491.5631480446068, 2219.415528725797, 2925.6012968826144, 3599.4588507575845, 4233.720569000984, 4825.17066212065, 5377.569258940757, 5881.958741873494, 6344.118319315681, 6777.240327588641, 7150.710471220014, 7501.8645191228115, 7811.5639665896315, 8097.167281497271, 8348.137802122588, 8577.470543467565, 8777.594399145326, 8959.542147932832, 9120.770815909384, 9261.642588860117]}, "5": {"freq": [20.0, 68.00000004249999, 116.00000061625, 164.00000102500002, 212.0000017225, 260.00000121875, 308.00000413875006, 356.00000178, 404.00000404, 452.00000113000004, 500.0, 548.0000054800001, 596.0000018625001, 644.0000128800003, 692.0000309237514, 740.0000127187502, 788.0000398925021, 836.0000428450022, 884.0000005525001, 932.0000393187518, 980.0000367500014, 1028.000071638755], "ampl": [218.66702535641005, 1152.0046793042454, 2235.9768381221897, 3305.2576953421017, 4328.783642110543, 5289.183069678026, 6174.182080501755, 6986.857148136378, 7726.226208231995, 8388.009266804387, 8985.772130640718, 9530.704264494814, 9991.67107234342, 10417.20982625865, 10787.98964083055, 11120.80830143782, 11413.819055799167, 11672.522090911936, 11897.323959131514, 12095.990922074876, 12273.302385047722, 12421.951662677402]}, "6": {"freq": [20.0, 68.00000004249999, 116.00000061625, 164.00000102500002, 212.0000017225, 260.00000121875, 308.00000413875006, 356.00000178, 404.00000404, 452.00000113000004, 500.0, 548.0000054800001, 596.0000018625001, 644.0000128800003, 692.0000309237514, 740.0000127187502, 788.0000398925021, 836.0000428450022, 884.0000005525001, 932.0000393187518, 980.0000367500014, 1028.000071638755], "ampl": [248.1333484531305, 1284.664869323237, 2490.052827057383, 3675.1437697316933, 4806.566200459027, 5861.754701752285, 6831.743243010991, 7716.677865484976, 8516.978620701228, 9231.626695764853, 9869.865264415566, 10451.198807984982, 10938.948792360037, 11386.919137741348, 11775.265835199007, 12121.67408481361, 12422.785122405026, 12690.562623974241, 12920.346344869517, 13122.088792467921, 13301.386587291132, 13450.63062629179]}, "7": {"freq": [20.0, 68.00000004249999, 116.00000061625, 164.00000102500002, 212.0000017225, 260.00000121875, 308.00000413875006, 356.00000178, 404.00000404, 452.00000113000004, 500.0, 548.0000054800001, 596.0000018625001, 644.0000128800003, 692.0000309237514, 740.0000127187502, 788.0000398925021, 836.0000428450022, 884.0000005525001, 932.0000393187518, 980.0000367500014, 1028.000071638755], "ampl": [245.5180397555876, 1259.5771935959644, 2436.7468805226713, 3594.666204762083, 4696.861982888749, 5724.958656825496, 6667.448262618154, 7524.76261094429, 8299.138274887746, 8988.439585280865, 9603.910578200775, 10167.979590417124, 10631.983733407806, 11061.713884732591, 11433.6511165787, 11765.291484589263, 12053.659917785018, 12308.230902720963, 12525.705727392686, 12720.774509100907, 12888.15120585491, 13030.767765799967]}, "wireSegments": null, "apaChannels": null, "measuredBy": null, "stage": null, "apaUuid": null, "layer": null, "headboardNum": null, "side": null}