{"scanEndMode": 0, "0": {"freq": [100.0, 150.0000005859375, 200.0, 250.0, 300.0000046875001, 350.0000054687501, 400.0, 450.0000070312501, 500.0, 550.0000064453126, 600.0000093750002, 650.0000228515634, 700.0000109375002, 750.0000292968762, 800.0, 850.0000298828136, 900.0000140625002, 950.0000148437501, 1000.0], "ampl": [3841.752175516708, 5675.466884107749, 7307.877646498442, 8726.604420847694, 9936.29696492668, 10961.256326927944, 11821.725172754606, 12545.327961634106, 13139.639941162879, 13636.128905242884, 14045.168612963927, 14389.985519913476, 14669.390418952093, 14903.480866685173, 15100.016068047093, 15258.322855937815, 15385.073124389823, 15493.885858050093, 15574.270987918318]}, "1": {"freq": [100.0, 150.0000005859375, 200.0, 250.0, 300.0000046875001, 350.0000054687501, 400.0, 450.0000070312501, 500.0, 550.0000064453126, 600.0000093750002, 650.0000228515634, 700.0000109375002, 750.0000292968762, 800.0, 850.0000298828136, 900.0000140625002, 950.0000148437501, 1000.0], "ampl": [3362.885874303956, 4998.741020578362, 6486.786531993896, 7807.202875554291, 8961.059794751356, 9959.637394454638, 10819.564635663417, 11550.73684326664, 12168.349629735076, 12691.366769961776, 13131.196215647444, 13506.043916846005, 13817.987569542998, 14077.836059081706, 14301.412045998233, 14485.964942157234, 14633.931475276046, 14766.27346800365, 14865.577186572833]}, "2": {"freq": [100.0, 150.0000005859375, 200.0, 250.0, 300.0000046875001, 350.0000054687501, 400.0, 450.0000070312501, 500.0, 550.0000064453126, 600.0000093750002, 650.0000228515634, 700.0000109375002, 750.0000292968762, 800.0, 850.0000298828136, 900.0000140625002, 950.0000148437501, 1000.0], "ampl": [3812.5124296822214, 5631.396733760095, 7248.840907369854, 8654.515084039978, 9851.514574035395, 10861.084273760613, 11708.951758324205, 12420.026265298624, 13005.756075708945, 13493.811436964588, 13894.76197642777, 14233.83913114455, 14510.799303623693, 14737.831227918803, 14931.949429620658, 15086.519869913396, 15210.7415293395, 15316.99344577156, 15396.543201894772]}, "3": {"freq": [100.0, 150.0000005859375, 200.0, 250.0, 300.0000046875001, 350.0000054687501, 400.0, 450.0000070312501, 500.0, 550.0000064453126, 600.0000093750002, 650.0000228515634, 700.0000109375002, 750.0000292968762, 800.0, 850.0000298828136, 900.0000140625002, 950.0000148437501, 1000.0], "ampl": [1748.9469141978607, 2641.196459223942, 3488.79290283474, 4285.966934116105, 5023.643562530003, 5704.22577791211, 6324.876303679823, 6888.452694489183, 7392.147225368328, 7843.960639270712, 8242.2272160146, 8600.480276241138, 8916.564516652057, 9191.337701942302, 9437.659681185143, 9651.515349825642, 9837.631721833726, 10002.900589208317, 10143.669168303022]}, "4": {"freq": [], "ampl": []}, "5": {"freq": [], "ampl": []}, "6": {"freq": [], "ampl": []}, "7": {"freq": [], "ampl": []}, "wireSegments": [34, 36, 38, 40, 434, 436, 438, 440, 834, 836, 838, 840], "apaChannels": [34, 36, 38, 40, null, null, null, null], "measuredBy": "", "stage": "DWA Development", "apaUuid": "continuity100-12", "layer": "U", "headboardNum": "10", "side": "A"}