{"scanEndMode": 0, "0": {"freq": [20.0, 68.00000004249999, 116.00000061625, 164.00000102500002, 212.0000017225, 260.00000121875, 308.00000413875006, 356.00000178, 404.00000404, 452.00000113000004, 500.0, 548.0000054800001, 596.0000018625001, 644.0000128800003, 692.0000309237514, 740.0000127187502, 788.0000398925021, 836.0000428450022, 884.0000005525001, 932.0000393187518, 980.0000367500014, 1028.000071638755], "ampl": [82.00757904520094, 401.9918287710889, 772.5131870815453, 1135.9750912101347, 1479.7740143149788, 1801.736674987257, 2095.62543964559, 2362.2249311988903, 2602.291876282859, 2817.4066888190937, 3007.2511759953622, 3175.6890840388687, 3325.3560126943917, 3454.566403334158, 3571.39992643237, 3669.541002570752, 3756.6349639266336, 3831.0229971539825, 3897.26749882596, 3953.1932700597426, 4008.483576873164, 4052.5010118250884]}, "1": {"freq": [20.0, 68.00000004249999, 116.00000061625, 164.00000102500002, 212.0000017225, 260.00000121875, 308.00000413875006, 356.00000178, 404.00000404, 452.00000113000004, 500.0, 548.0000054800001, 596.0000018625001, 644.0000128800003, 692.0000309237514, 740.0000127187502, 788.0000398925021, 836.0000428450022, 884.0000005525001, 932.0000393187518, 980.0000367500014, 1028.000071638755], "ampl": [106.49323993943113, 564.9144712808851, 1084.6447756753812, 1592.6980388079962, 2071.387054700198, 2515.4509430965204, 2921.012777774768, 3286.5929277874875, 3615.97664522828, 3906.53269839978, 4164.454647752163, 4392.314136732795, 4592.575677273011, 4767.990322482972, 4923.312548451446, 5054.148719716493, 5169.217329741875, 5267.29243683224, 5355.943559977162, 5429.767220211967, 5500.96841653813, 5557.062010878423]}, "2": {"freq": [20.0, 68.00000004249999, 116.00000061625, 164.00000102500002, 212.0000017225, 260.00000121875, 308.00000413875006, 356.00000178, 404.00000404, 452.00000113000004, 500.0, 548.0000054800001, 596.0000018625001, 644.0000128800003, 692.0000309237514, 740.0000127187502, 788.0000398925021, 836.0000428450022, 884.0000005525001, 932.0000393187518, 980.0000367500014, 1028.000071638755], "ampl": [104.48235884931071, 553.963540885215, 1065.8308862537565, 1566.783717400618, 2042.3137625702627, 2485.340869119848, 2889.010423272599, 3255.149220102217, 3584.661324699451, 3877.949747330122, 4135.579059147303, 4367.6348057165915, 4569.214717029223, 4746.69815740869, 4904.618149976971, 5037.554098425973, 5154.834288939749, 5255.533175901308, 5344.413731778332, 5424.388909073959, 5493.225426390112, 5551.660022167591]}, "3": {"freq": [20.0, 68.00000004249999, 116.00000061625, 164.00000102500002, 212.0000017225, 260.00000121875, 308.00000413875006, 356.00000178, 404.00000404, 452.00000113000004, 500.0, 548.0000054800001, 596.0000018625001, 644.0000128800003, 692.0000309237514, 740.0000127187502, 788.0000398925021, 836.0000428450022, 884.0000005525001, 932.0000393187518, 980.0000367500014, 1028.000071638755], "ampl": [103.9897570250216, 554.5895407225809, 1068.8388959318556, 1569.152018178298, 2043.7032572643554, 2483.4560173045825, 2883.991971757667, 3247.9415582463826, 3573.5657133263117, 3863.532099301888, 4118.75844286151, 4346.113086855976, 4542.600979643131, 4716.153499321107, 4872.48523361505, 5001.768997879498, 5115.493841291819, 5214.480569362445, 5300.239653852034, 5378.017019111349, 5441.611221765254, 5501.663093048216]}, "4": {"freq": [20.0, 68.00000004249999, 116.00000061625, 164.00000102500002, 212.0000017225, 260.00000121875, 308.00000413875006, 356.00000178, 404.00000404, 452.00000113000004, 500.0, 548.0000054800001, 596.0000018625001, 644.0000128800003, 692.0000309237514, 740.0000127187502, 788.0000398925021, 836.0000428450022, 884.0000005525001, 932.0000393187518, 980.0000367500014, 1028.000071638755], "ampl": [106.45036729510738, 564.168924993814, 1085.987926149665, 1596.1293006868727, 2078.004696937823, 2525.8076962204314, 2935.1435837762792, 3304.798235632402, 3637.645241326039, 3933.7644630945556, 4194.946185015674, 4427.802092766043, 4631.30319715798, 4809.156286210479, 4967.391173634143, 5100.016776076894, 5218.293336494959, 5318.509245291902, 5409.299443456638, 5487.573982234859, 5554.50096802982, 5614.10152592243]}, "5": {"freq": [20.0, 68.00000004249999, 116.00000061625, 164.00000102500002, 212.0000017225, 260.00000121875, 308.00000413875006, 356.00000178, 404.00000404, 452.00000113000004, 500.0, 548.0000054800001, 596.0000018625001, 644.0000128800003, 692.0000309237514, 740.0000127187502, 788.0000398925021, 836.0000428450022, 884.0000005525001, 932.0000393187518, 980.0000367500014, 1028.000071638755], "ampl": [107.22197091590996, 561.4704445168894, 1074.998979306065, 1578.5588308052527, 2052.3379108378026, 2494.7594067365003, 2897.747748677196, 3260.434733293857, 3586.2050954298943, 3875.890055376858, 4130.515341587746, 4357.5891784336345, 4557.148354453476, 4728.696440861727, 4882.767893988265, 5011.491489846635, 5125.0364895483335, 5224.218147687816, 5311.085442721565, 5386.5288221869705, 5450.816627239735, 5506.331261005903]}, "6": {"freq": [20.0, 68.00000004249999, 116.00000061625, 164.00000102500002, 212.0000017225, 260.00000121875, 308.00000413875006, 356.00000178, 404.00000404, 452.00000113000004, 500.0, 548.0000054800001, 596.0000018625001, 644.0000128800003, 692.0000309237514, 740.0000127187502, 788.0000398925021, 836.0000428450022, 884.0000005525001, 932.0000393187518, 980.0000367500014, 1028.000071638755], "ampl": [113.57737050471002, 590.9766327065839, 1137.6351484901033, 1670.576997515536, 2172.1575524950676, 2636.9817806768783, 3057.9927830002307, 3436.772666174761, 3774.6288575598614, 4075.970399033503, 4337.451312680014, 4568.695491486007, 4771.421379422314, 4948.082813786724, 5103.798163761887, 5233.321782439594, 5348.024274701357, 5446.978689456135, 5533.863561782302, 5605.393761858947, 5669.829566804268, 5726.9408820032295]}, "7": {"freq": [20.0, 68.00000004249999, 116.00000061625, 164.00000102500002, 212.0000017225, 260.00000121875, 308.00000413875006, 356.00000178, 404.00000404, 452.00000113000004, 500.0, 548.0000054800001, 596.0000018625001, 644.0000128800003, 692.0000309237514, 740.0000127187502, 788.0000398925021, 836.0000428450022, 884.0000005525001, 932.0000393187518, 980.0000367500014, 1028.000071638755], "ampl": [107.26149632814467, 568.6425264871391, 1091.8898565734705, 1601.3618723449986, 2080.7068824486837, 2523.7018324527253, 2924.4928476941473, 3282.066706665132, 3602.086277929736, 3883.593459967486, 4130.544281023762, 4347.079826273462, 4537.131557773472, 4700.252594950789, 4845.34985753191, 4967.191915429262, 5073.965196961807, 5165.832561913517, 5246.389254607584, 5311.841944434866, 5369.698393097024, 5422.219861605384]}, "wireSegments": [322, 324, 326, 328, 330, 332, 334, 336, 722, 724, 726, 728, 730, 732, 734, 736, 1122, 1124, 1126, 1128, 1130, 1132, 1134, 1136], "apaChannels": [336, 334, 332, 330, 328, 326, 324, 322], "measuredBy": "Chris Stanford", "stage": "Installation (Top)", "apaUuid": "43cd3950-268d-11ec-b6f5-a70e70a44436", "layer": "U", "headboardNum": "2", "side": "B"}