{"scanEndMode": 0, "0": {"freq": [100.0, 150.0000005859375, 200.0, 250.0, 300.0000046875001, 350.0000054687501, 400.0, 450.0000070312501, 500.0, 550.0000064453126, 600.0000093750002, 650.0000228515634, 700.0000109375002, 750.0000292968762, 800.0, 850.0000298828136, 900.0000140625002, 950.0000148437501, 1000.0], "ampl": [7331.47443455391, 10284.897277787077, 12536.382457762522, 14198.822848202564, 15417.99454975545, 16335.307844159375, 16988.01788056609, 17480.57938089297, 17856.30291692926, 18141.818361395053, 18350.095249151604, 18510.19869476801, 18641.630695331754, 18727.409755552224, 18789.51721253109, 18829.539137477197, 18852.528352926412, 18861.2719368998, 18862.573136063456]}, "1": {"freq": [100.0, 150.0000005859375, 200.0, 250.0, 300.0000046875001, 350.0000054687501, 400.0, 450.0000070312501, 500.0, 550.0000064453126, 600.0000093750002, 650.0000228515634, 700.0000109375002, 750.0000292968762, 800.0, 850.0000298828136, 900.0000140625002, 950.0000148437501, 1000.0], "ampl": [6917.0876942496, 9785.62235336428, 12020.875084890358, 13709.744568549686, 14971.246032084355, 15933.098661557322, 16626.712710802287, 17160.686017054184, 17568.596138835543, 17881.490172611604, 18113.676121481978, 18295.143763241373, 18441.118151355662, 18543.279710310773, 18616.50861010415, 18666.41967933924, 18699.70248871098, 18716.57796071528, 18724.842101688006]}, "2": {"freq": [100.0, 150.0000005859375, 200.0, 250.0, 300.0000046875001, 350.0000054687501, 400.0, 450.0000070312501, 500.0, 550.0000064453126, 600.0000093750002, 650.0000228515634, 700.0000109375002, 750.0000292968762, 800.0, 850.0000298828136, 900.0000140625002, 950.0000148437501, 1000.0], "ampl": [7297.397792122497, 10236.49355540783, 12469.840223003324, 14119.279192706435, 15328.336820035856, 16237.205503388774, 16881.06963291271, 17367.88249317661, 17739.419668761457, 18022.22322525909, 18228.1278604728, 18385.197196374935, 18512.410458946186, 18598.978742166844, 18659.714520177888, 18697.765151285166, 18719.82236728637, 18730.39416047087, 18729.21264031935]}, "3": {"freq": [100.0, 150.0000005859375, 200.0, 250.0, 300.0000046875001, 350.0000054687501, 400.0, 450.0000070312501, 500.0, 550.0000064453126, 600.0000093750002, 650.0000228515634, 700.0000109375002, 750.0000292968762, 800.0, 850.0000298828136, 900.0000140625002, 950.0000148437501, 1000.0], "ampl": [6903.605934575322, 9772.725565847408, 12009.165462790408, 13700.270432296382, 14962.321219234975, 15929.817457017483, 16624.229866641384, 17155.102170533577, 17566.4795980377, 17879.92347878893, 18113.438639648575, 18294.52771916971, 18440.818568444727, 18542.889696331633, 18617.751977849966, 18667.96465693368, 18699.269538874472, 18718.03311349487, 18726.004860548976]}, "4": {"freq": [100.0, 150.0000005859375, 200.0, 250.0, 300.0000046875001, 350.0000054687501, 400.0, 450.0000070312501, 500.0, 550.0000064453126, 600.0000093750002, 650.0000228515634, 700.0000109375002, 750.0000292968762, 800.0, 850.0000298828136, 900.0000140625002, 950.0000148437501, 1000.0], "ampl": [7252.438876691878, 10179.378356005736, 12412.545558959668, 14061.069928990233, 15267.844809957016, 16180.056516900177, 16826.218665202476, 17314.56861355723, 17688.716504977747, 17971.41580615003, 18178.483702501217, 18338.090056236633, 18466.879029182594, 18554.710533071553, 18614.57319940595, 18654.27683211326, 18674.180691913043, 18685.657177781388, 18687.49911105474]}, "5": {"freq": [100.0, 150.0000005859375, 200.0, 250.0, 300.0000046875001, 350.0000054687501, 400.0, 450.0000070312501, 500.0, 550.0000064453126, 600.0000093750002, 650.0000228515634, 700.0000109375002, 750.0000292968762, 800.0, 850.0000298828136, 900.0000140625002, 950.0000148437501, 1000.0], "ampl": [6806.889355134713, 9644.288549100831, 11861.06510584069, 13544.73367507717, 14804.223439013107, 15769.467203123471, 16468.713594066117, 17005.357302188182, 17416.987611242886, 17733.947729056887, 17969.185836202378, 18151.08301327713, 18301.43309959453, 18406.13060377449, 18481.025115058994, 18534.30039972601, 18567.147083320866, 18588.400635494923, 18596.017716785635]}, "6": {"freq": [100.0, 150.0000005859375, 200.0, 250.0, 300.0000046875001, 350.0000054687501, 400.0, 450.0000070312501, 500.0, 550.0000064453126, 600.0000093750002, 650.0000228515634, 700.0000109375002, 750.0000292968762, 800.0, 850.0000298828136, 900.0000140625002, 950.0000148437501, 1000.0], "ampl": [7192.585908950775, 10091.734765763213, 12294.727730223962, 13923.935829153617, 15112.594981439304, 16009.831563335769, 16644.851218652926, 17124.87560580054, 17491.257560794274, 17767.83834363316, 17971.849393763852, 18127.885140331873, 18254.260442226274, 18337.885608684188, 18397.04969881462, 18435.815399527197, 18457.953424811356, 18465.505453212598, 18467.190047421267]}, "7": {"freq": [100.0, 150.0000005859375, 200.0, 250.0, 300.0000046875001, 350.0000054687501, 400.0, 450.0000070312501, 500.0, 550.0000064453126, 600.0000093750002, 650.0000228515634, 700.0000109375002, 750.0000292968762, 800.0, 850.0000298828136, 900.0000140625002, 950.0000148437501, 1000.0], "ampl": [6787.6358540910605, 9602.859272303725, 11800.723807011385, 13462.244300859691, 14702.69158149432, 15652.754913107268, 16333.908273553878, 16858.02768727525, 17260.776587357337, 17568.05498273635, 17797.889442066484, 17975.87531278558, 18119.52213576429, 18219.169100208095, 18292.451735066727, 18342.85224704854, 18373.70945615743, 18392.529866999146, 18401.08855318491]}, "wireSegments": [33, 35, 37, 39, 41, 43, 45, 47], "apaChannels": [47, 45, 43, 41, 39, 37, 35, 33], "measuredBy": "", "stage": "DWA Development", "apaUuid": "continuity220-12", "layer": "X", "headboardNum": "1", "side": "A"}